0,428,1
1,438,1
2,417,1
3,417,1
4,439,1
5,430,1
6,415,1
7,427,1
8,415,1
9,415,1
10,424,1
11,398,1
12,400,1
13,414,1
14,409,1
15,425,1
16,411,1
17,405,1
18,439,1
19,419,1
20,423,1
21,405,1
22,415,1
23,423,1
24,408,1
25,427,1
26,415,1
27,419,1
28,415,1
29,445,1
30,423,1
31,410,1
32,433,1
33,408,1
34,426,1
35,400,1
36,407,1
37,426,1
38,432,1
39,426,1
40,422,1
41,420,1
42,406,1
43,415,1
44,418,1
45,437,1
46,428,1
47,403,1
48,428,1
49,420,1
50,416,1
51,432,1
52,437,1
53,436,1
54,415,1
55,421,1
56,429,1
57,437,1
58,419,1
59,423,1
60,412,1
61,411,1
62,435,1
63,442,1
64,425,1
65,438,1
66,430,1
67,418,1
68,430,1
69,445,1
70,426,1
71,445,1
72,395,1
73,436,1
74,428,1
75,423,1
76,428,1
77,403,1
78,424,1
79,431,1
80,445,1
81,421,1
82,418,1
83,421,1
84,439,1
85,432,1
86,421,1
87,434,1
88,429,1
89,440,1
90,420,1
91,424,1
92,424,1
93,411,1
94,432,1
95,432,1
96,429,1
97,426,1
98,412,1
99,424,1
100,408,1
101,415,1
102,432,1
103,412,1
104,413,1
105,409,1
106,387,1
107,409,1
108,410,1
109,439,1
110,407,1
111,413,1
112,409,1
113,395,1
114,423,1
115,418,1
116,419,1
117,398,1
118,426,1
119,392,1
120,416,1
121,435,1
122,397,1
123,402,1
124,410,1
125,403,1
126,390,1
127,410,1
128,396,1
129,415,1
130,398,1
131,427,1
132,399,1
133,405,1
134,418,1
135,394,1
136,411,1
137,424,1
138,389,1
139,411,1
140,412,1
141,418,1
142,394,1
143,393,1
144,415,1
145,412,1
146,411,1
147,412,1
148,400,1
149,411,1
150,412,1
151,400,1
152,430,1
153,414,1
154,394,1
155,416,1
156,396,1
157,417,1
158,422,1
159,398,1
160,419,1
161,413,1
162,418,1
163,431,1
164,405,1
165,399,1
166,397,1
167,398,1
168,407,1
169,412,1
170,411,1
171,417,1
172,408,1
173,425,1
174,404,1
175,440,1
176,415,1
177,397,1
178,394,1
179,413,1
180,405,1
181,416,1
182,413,1
183,406,1
184,397,1
185,389,1
186,402,1
187,417,1
188,410,1
189,392,1
190,409,1
191,411,1
192,396,1
193,409,1
194,407,1
195,393,1
196,411,1
197,413,1
198,420,1
199,419,1
200,426,1
201,426,1
202,425,1
203,465,1
204,426,1
205,433,1
206,431,1
207,427,1
208,415,1
209,428,1
210,410,1
211,416,1
212,413,1
213,420,1
214,447,1
215,396,1
216,427,1
217,399,1
218,413,1
219,432,1
220,419,1
221,406,1
222,410,1
223,427,1
224,410,1
225,421,1
226,419,1
227,410,1
228,444,1
229,426,1
230,394,1
231,420,1
232,410,1
233,428,1
234,408,1
235,417,1
236,424,1
237,428,1
238,403,1
239,414,1
240,412,1
241,410,1
242,439,1
243,422,1
244,402,1
245,429,1
246,443,1
247,430,1
248,399,1
249,412,1
250,433,1
251,409,1
252,423,1
253,426,1
254,406,1
255,416,1
256,378,1
257,405,1
258,414,1
259,402,1
260,436,1
261,400,1
262,412,1
263,418,1
264,434,1
265,399,1
266,431,1
267,417,1
268,405,1
269,422,1
270,419,1
271,409,1
272,417,1
273,412,1
274,418,1
275,424,1
276,435,1
277,401,1
278,442,1
279,393,1
280,414,1
281,423,1
282,419,1
283,408,1
284,413,1
285,410,1
286,409,1
287,426,1
288,420,1
289,407,1
290,426,1
291,419,1
292,425,1
293,423,1
294,406,1
295,409,1
296,424,1
297,423,1
298,415,1
299,417,1
300,426,1
301,418,1
302,417,1
303,433,1
304,430,1
305,430,1
306,436,1
307,421,1
308,429,1
309,417,1
310,424,1
311,419,1
312,422,1
313,428,1
314,411,1
315,446,1
316,409,1
317,406,1
318,435,1
319,430,1
320,428,1
321,429,1
322,421,1
323,410,1
324,422,1
325,413,1
326,433,1
327,420,1
328,412,1
329,418,1
330,426,1
331,415,1
332,412,1
333,425,1
334,425,1
335,416,1
336,416,1
337,425,1
338,405,1
339,405,1
340,413,1
341,420,1
342,426,1
343,440,1
344,433,1
345,420,1
346,422,1
347,410,1
348,422,1
349,419,1
350,427,1
351,413,1
352,429,1
353,441,1
354,422,1
355,428,1
356,431,1
357,418,1
358,426,1
359,423,1
360,424,1
361,414,1
362,424,1
363,429,1
364,441,1
365,435,1
366,449,1
367,414,1
368,434,1
369,426,1
370,450,1
371,414,1
372,414,1
373,417,1
374,398,1
375,418,1
376,415,1
377,426,1
378,428,1
379,447,1
380,436,1
381,417,1
382,414,1
383,430,1
384,409,1
385,447,1
386,439,1
387,419,1
388,404,1
389,441,1
390,423,1
391,440,1
392,406,1
393,418,1
394,425,1
395,426,1
396,420,1
397,433,1
398,412,1
399,424,1
400,452,1
401,430,1
402,425,1
403,459,1
404,447,1
405,434,1
406,462,1
407,445,1
408,457,1
409,444,1
410,468,1
411,464,1
412,440,1
413,455,1
414,451,1
415,460,1
416,432,1
417,452,1
418,456,1
419,422,1
420,429,1
421,419,1
422,440,1
423,452,1
424,462,1
425,445,1
426,463,1
427,427,1
428,423,1
429,443,1
430,448,1
431,443,1
432,419,1
433,443,1
434,428,1
435,452,1
436,448,1
437,433,1
438,438,1
439,431,1
440,443,1
441,455,1
442,432,1
443,450,1
444,438,1
445,435,1
446,443,1
447,432,1
448,438,1
449,430,1
450,468,1
451,445,1
452,436,1
453,447,1
454,443,1
455,442,1
456,452,1
457,453,1
458,438,1
459,438,1
460,441,1
461,417,1
462,426,1
463,461,1
464,464,1
465,442,1
466,451,1
467,448,1
468,482,1
469,458,1
470,443,1
471,433,1
472,425,1
473,447,1
474,436,1
475,428,1
476,437,1
477,432,1
478,465,1
479,455,1
480,445,1
481,463,1
482,446,1
483,435,1
484,463,1
485,451,1
486,433,1
487,443,1
488,435,1
489,428,1
490,456,1
491,468,1
492,428,1
493,452,1
494,437,1
495,439,1
496,438,1
497,435,1
498,446,1
499,435,1
500,419,1
501,411,1
502,415,1
503,431,1
504,428,1
505,410,1
506,423,1
507,431,1
508,402,1
509,429,1
510,414,1
511,429,1
512,413,1
513,401,1
514,403,1
515,423,1
516,426,1
517,412,1
518,431,1
519,403,1
520,423,1
521,409,1
522,416,1
523,424,1
524,413,1
525,419,1
526,436,1
527,417,1
528,434,1
529,411,1
530,431,1
531,442,1
532,395,1
533,415,1
534,432,1
535,422,1
536,429,1
537,418,1
538,426,1
539,423,1
540,439,1
541,428,1
542,430,1
543,421,1
544,420,1
545,421,1
546,431,1
547,421,1
548,430,1
549,451,1
550,437,1
551,422,1
552,441,1
553,422,1
554,402,1
555,415,1
556,404,1
557,423,1
558,427,1
559,447,1
560,431,1
561,425,1
562,437,1
563,401,1
564,430,1
565,437,1
566,410,1
567,442,1
568,432,1
569,423,1
570,436,1
571,456,1
572,431,1
573,431,1
574,423,1
575,418,1
576,439,1
577,419,1
578,430,1
579,423,1
580,435,1
581,433,1
582,442,1
583,423,1
584,426,1
585,418,1
586,424,1
587,434,1
588,439,1
589,419,1
590,441,1
591,446,1
592,435,1
593,453,1
594,421,1
595,416,1
596,409,1
597,449,1
598,439,1
599,430,1
600,440,1
601,413,1
602,412,1
603,420,1
604,417,1
605,414,1
606,402,1
607,417,1
608,434,1
609,427,1
610,430,1
611,405,1
612,399,1
613,410,1
614,412,1
615,425,1
616,391,1
617,430,1
618,410,1
619,406,1
620,399,1
621,392,1
622,421,1
623,412,1
624,396,1
625,396,1
626,408,1
627,432,1
628,409,1
629,394,1
630,409,1
631,408,1
632,379,1
633,411,1
634,409,1
635,420,1
636,434,1
637,425,1
638,409,1
639,399,1
640,443,1
641,413,1
642,412,1
643,412,1
644,414,1
645,410,1
646,405,1
647,405,1
648,412,1
649,405,1
650,403,1
651,413,1
652,409,1
653,430,1
654,380,1
655,425,1
656,427,1
657,387,1
658,408,1
659,408,1
660,395,1
661,403,1
662,399,1
663,433,1
664,423,1
665,428,1
666,421,1
667,399,1
668,406,1
669,418,1
670,398,1
671,421,1
672,409,1
673,408,1
674,421,1
675,418,1
676,408,1
677,426,1
678,400,1
679,420,1
680,420,1
681,409,1
682,416,1
683,398,1
684,424,1
685,410,1
686,406,1
687,425,1
688,404,1
689,396,1
690,394,1
691,420,1
692,397,1
693,434,1
694,388,1
695,433,1
696,415,1
697,412,1
698,406,1
699,418,1
700,441,1
701,442,1
702,435,1
703,439,1
704,443,1
705,419,1
706,424,1
707,449,1
708,442,1
709,438,1
710,440,1
711,444,1
712,433,1
713,430,1
714,442,1
715,428,1
716,445,1
717,419,1
718,452,1
719,445,1
720,443,1
721,451,1
722,460,1
723,452,1
724,418,1
725,424,1
726,432,1
727,440,1
728,446,1
729,431,1
730,442,1
731,431,1
732,432,1
733,423,1
734,429,1
735,423,1
736,428,1
737,452,1
738,428,1
739,471,1
740,446,1
741,442,1
742,429,1
743,448,1
744,433,1
745,441,1
746,470,1
747,438,1
748,453,1
749,431,1
750,439,1
751,461,1
752,432,1
753,461,1
754,448,1
755,433,1
756,447,1
757,451,1
758,447,1
759,421,1
760,431,1
761,437,1
762,439,1
763,447,1
764,442,1
765,424,1
766,444,1
767,447,1
768,446,1
769,453,1
770,450,1
771,445,1
772,439,1
773,420,1
774,445,1
775,442,1
776,443,1
777,424,1
778,427,1
779,452,1
780,439,1
781,448,1
782,440,1
783,440,1
784,451,1
785,433,1
786,441,1
787,434,1
788,434,1
789,436,1
790,442,1
791,434,1
792,455,1
793,429,1
794,437,1
795,434,1
796,457,1
797,442,1
798,452,1
799,422,1
800,441,1
801,453,1
802,434,1
803,457,1
804,468,1
805,436,1
806,435,1
807,458,1
808,460,1
809,434,1
810,436,1
811,437,1
812,425,1
813,430,1
814,429,1
815,432,1
816,440,1
817,444,1
818,459,1
819,429,1
820,453,1
821,438,1
822,440,1
823,449,1
824,428,1
825,446,1
826,443,1
827,447,1
828,445,1
829,471,1
830,433,1
831,435,1
832,434,1
833,435,1
834,434,1
835,456,1
836,458,1
837,434,1
838,431,1
839,447,1
840,435,1
841,449,1
842,444,1
843,423,1
844,460,1
845,463,1
846,434,1
847,437,1
848,445,1
849,446,1
850,450,1
851,466,1
852,440,1
853,432,1
854,425,1
855,433,1
856,441,1
857,463,1
858,436,1
859,444,1
860,442,1
861,456,1
862,472,1
863,436,1
864,436,1
865,454,1
866,450,1
867,464,1
868,449,1
869,438,1
870,449,1
871,455,1
872,452,1
873,448,1
874,455,1
875,456,1
876,459,1
877,450,1
878,440,1
879,444,1
880,457,1
881,433,1
882,447,1
883,438,1
884,443,1
885,458,1
886,445,1
887,443,1
888,426,1
889,451,1
890,450,1
891,469,1
892,439,1
893,445,1
894,446,1
895,462,1
896,442,1
897,446,1
898,450,1
899,445,1
900,404,1
901,412,1
902,422,1
903,397,1
904,411,1
905,401,1
906,424,1
907,391,1
908,403,1
909,414,1
910,429,1
911,409,1
912,403,1
913,433,1
914,393,1
915,384,1
916,416,1
917,405,1
918,398,1
919,419,1
920,414,1
921,404,1
922,396,1
923,422,1
924,419,1
925,410,1
926,434,1
927,399,1
928,393,1
929,403,1
930,411,1
931,415,1
932,409,1
933,416,1
934,397,1
935,429,1
936,411,1
937,426,1
938,417,1
939,418,1
940,419,1
941,418,1
942,420,1
943,429,1
944,415,1
945,422,1
946,412,1
947,430,1
948,405,1
949,435,1
950,413,1
951,396,1
952,415,1
953,406,1
954,424,1
955,406,1
956,409,1
957,391,1
958,409,1
959,385,1
960,395,1
961,424,1
962,424,1
963,420,1
964,403,1
965,414,1
966,415,1
967,401,1
968,433,1
969,426,1
970,413,1
971,416,1
972,418,1
973,391,1
974,413,1
975,407,1
976,404,1
977,412,1
978,437,1
979,424,1
980,409,1
981,423,1
982,433,1
983,427,1
984,417,1
985,409,1
986,425,1
987,421,1
988,428,1
989,425,1
990,430,1
991,411,1
992,433,1
993,420,1
994,442,1
995,409,1
996,438,1
997,420,1
998,410,1
999,412,1
1000,446,1
1001,433,1
1002,439,1
1003,465,1
1004,460,1
1005,445,1
1006,440,1
1007,441,1
1008,447,1
1009,427,1
1010,436,1
1011,419,1
1012,444,1
1013,447,1
1014,433,1
1015,458,1
1016,424,1
1017,421,1
1018,442,1
1019,451,1
1020,459,1
1021,433,1
1022,452,1
1023,438,1
1024,436,1
1025,449,1
1026,446,1
1027,419,1
1028,456,1
1029,455,1
1030,431,1
1031,443,1
1032,444,1
1033,441,1
1034,431,1
1035,430,1
1036,438,1
1037,452,1
1038,444,1
1039,433,1
1040,447,1
1041,403,1
1042,451,1
1043,417,1
1044,433,1
1045,424,1
1046,422,1
1047,451,1
1048,432,1
1049,441,1
1050,437,1
1051,443,1
1052,438,1
1053,421,1
1054,449,1
1055,431,1
1056,418,1
1057,432,1
1058,455,1
1059,447,1
1060,432,1
1061,432,1
1062,433,1
1063,461,1
1064,441,1
1065,441,1
1066,449,1
1067,439,1
1068,433,1
1069,434,1
1070,435,1
1071,435,1
1072,445,1
1073,436,1
1074,445,1
1075,435,1
1076,437,1
1077,412,1
1078,446,1
1079,440,1
1080,447,1
1081,401,1
1082,460,1
1083,434,1
1084,448,1
1085,423,1
1086,442,1
1087,422,1
1088,427,1
1089,458,1
1090,433,1
1091,437,1
1092,445,1
1093,441,1
1094,436,1
1095,439,1
1096,463,1
1097,434,1
1098,437,1
1099,447,1
1100,419,1
1101,421,1
1102,414,1
1103,393,1
1104,426,1
1105,393,1
1106,410,1
1107,398,1
1108,406,1
1109,411,1
1110,411,1
1111,412,1
1112,427,1
1113,413,1
1114,404,1
1115,419,1
1116,422,1
1117,393,1
1118,415,1
1119,416,1
1120,404,1
1121,425,1
1122,406,1
1123,410,1
1124,406,1
1125,409,1
1126,395,1
1127,391,1
1128,428,1
1129,399,1
1130,397,1
1131,383,1
1132,401,1
1133,393,1
1134,429,1
1135,421,1
1136,401,1
1137,436,1
1138,421,1
1139,406,1
1140,380,1
1141,437,1
1142,393,1
1143,390,1
1144,422,1
1145,439,1
1146,427,1
1147,417,1
1148,417,1
1149,421,1
1150,420,1
1151,414,1
1152,412,1
1153,410,1
1154,402,1
1155,408,1
1156,391,1
1157,410,1
1158,399,1
1159,398,1
1160,414,1
1161,428,1
1162,423,1
1163,393,1
1164,400,1
1165,423,1
1166,400,1
1167,409,1
1168,419,1
1169,401,1
1170,414,1
1171,396,1
1172,405,1
1173,416,1
1174,393,1
1175,418,1
1176,413,1
1177,419,1
1178,416,1
1179,429,1
1180,415,1
1181,408,1
1182,415,1
1183,420,1
1184,414,1
1185,414,1
1186,405,1
1187,406,1
1188,397,1
1189,435,1
1190,399,1
1191,406,1
1192,406,1
1193,425,1
1194,411,1
1195,429,1
1196,406,1
1197,418,1
1198,405,1
1199,440,1
1200,436,1
1201,433,1
1202,426,1
1203,427,1
1204,429,1
1205,426,1
1206,440,1
1207,455,1
1208,421,1
1209,411,1
1210,427,1
1211,459,1
1212,418,1
1213,447,1
1214,448,1
1215,421,1
1216,434,1
1217,447,1
1218,423,1
1219,425,1
1220,420,1
1221,415,1
1222,419,1
1223,412,1
1224,427,1
1225,418,1
1226,430,1
1227,408,1
1228,431,1
1229,437,1
1230,403,1
1231,431,1
1232,441,1
1233,412,1
1234,446,1
1235,431,1
1236,418,1
1237,425,1
1238,433,1
1239,427,1
1240,432,1
1241,415,1
1242,428,1
1243,409,1
1244,424,1
1245,415,1
1246,417,1
1247,440,1
1248,438,1
1249,433,1
1250,412,1
1251,421,1
1252,440,1
1253,427,1
1254,453,1
1255,430,1
1256,427,1
1257,421,1
1258,426,1
1259,423,1
1260,433,1
1261,436,1
1262,415,1
1263,408,1
1264,402,1
1265,430,1
1266,411,1
1267,398,1
1268,429,1
1269,454,1
1270,424,1
1271,434,1
1272,425,1
1273,422,1
1274,435,1
1275,420,1
1276,427,1
1277,427,1
1278,415,1
1279,435,1
1280,421,1
1281,414,1
1282,429,1
1283,412,1
1284,423,1
1285,423,1
1286,436,1
1287,428,1
1288,422,1
1289,432,1
1290,439,1
1291,429,1
1292,422,1
1293,407,1
1294,409,1
1295,418,1
1296,415,1
1297,420,1
1298,423,1
1299,428,1
1300,444,1
1301,420,1
1302,432,1
1303,442,1
1304,429,1
1305,451,1
1306,462,1
1307,458,1
1308,441,1
1309,461,1
1310,445,1
1311,439,1
1312,436,1
1313,440,1
1314,439,1
1315,445,1
1316,445,1
1317,443,1
1318,449,1
1319,458,1
1320,455,1
1321,426,1
1322,413,1
1323,455,1
1324,427,1
1325,441,1
1326,429,1
1327,422,1
1328,450,1
1329,452,1
1330,436,1
1331,412,1
1332,437,1
1333,448,1
1334,425,1
1335,445,1
1336,443,1
1337,450,1
1338,445,1
1339,431,1
1340,457,1
1341,441,1
1342,443,1
1343,432,1
1344,438,1
1345,432,1
1346,441,1
1347,464,1
1348,427,1
1349,424,1
1350,461,1
1351,440,1
1352,435,1
1353,455,1
1354,436,1
1355,465,1
1356,451,1
1357,437,1
1358,469,1
1359,436,1
1360,452,1
1361,446,1
1362,458,1
1363,462,1
1364,443,1
1365,434,1
1366,448,1
1367,435,1
1368,467,1
1369,444,1
1370,438,1
1371,445,1
1372,426,1
1373,431,1
1374,457,1
1375,435,1
1376,430,1
1377,449,1
1378,457,1
1379,451,1
1380,455,1
1381,433,1
1382,425,1
1383,461,1
1384,439,1
1385,439,1
1386,458,1
1387,449,1
1388,448,1
1389,468,1
1390,435,1
1391,454,1
1392,443,1
1393,446,1
1394,461,1
1395,448,1
1396,449,1
1397,455,1
1398,438,1
1399,432,1
1400,430,1
1401,418,1
1402,467,1
1403,429,1
1404,439,1
1405,439,1
1406,445,1
1407,452,1
1408,452,1
1409,435,1
1410,440,1
1411,445,1
1412,438,1
1413,461,1
1414,447,1
1415,450,1
1416,449,1
1417,455,1
1418,443,1
1419,426,1
1420,446,1
1421,433,1
1422,435,1
1423,448,1
1424,456,1
1425,441,1
1426,444,1
1427,461,1
1428,443,1
1429,472,1
1430,447,1
1431,419,1
1432,449,1
1433,445,1
1434,456,1
1435,448,1
1436,438,1
1437,425,1
1438,438,1
1439,430,1
1440,433,1
1441,447,1
1442,460,1
1443,444,1
1444,425,1
1445,445,1
1446,454,1
1447,432,1
1448,438,1
1449,440,1
1450,430,1
1451,447,1
1452,438,1
1453,444,1
1454,428,1
1455,434,1
1456,448,1
1457,435,1
1458,460,1
1459,434,1
1460,442,1
1461,450,1
1462,422,1
1463,418,1
1464,420,1
1465,454,1
1466,432,1
1467,469,1
1468,432,1
1469,441,1
1470,457,1
1471,462,1
1472,463,1
1473,453,1
1474,450,1
1475,445,1
1476,447,1
1477,431,1
1478,428,1
1479,438,1
1480,436,1
1481,432,1
1482,446,1
1483,449,1
1484,439,1
1485,455,1
1486,424,1
1487,435,1
1488,429,1
1489,415,1
1490,436,1
1491,436,1
1492,455,1
1493,445,1
1494,425,1
1495,459,1
1496,451,1
1497,444,1
1498,434,1
1499,425,1
1500,461,1
1501,457,1
1502,433,1
1503,425,1
1504,440,1
1505,417,1
1506,442,1
1507,437,1
1508,433,1
1509,419,1
1510,445,1
1511,432,1
1512,424,1
1513,404,1
1514,438,1
1515,460,1
1516,458,1
1517,433,1
1518,431,1
1519,444,1
1520,426,1
1521,442,1
1522,447,1
1523,453,1
1524,437,1
1525,436,1
1526,427,1
1527,428,1
1528,435,1
1529,442,1
1530,449,1
1531,428,1
1532,456,1
1533,435,1
1534,438,1
1535,429,1
1536,409,1
1537,448,1
1538,447,1
1539,434,1
1540,438,1
1541,444,1
1542,419,1
1543,431,1
1544,447,1
1545,422,1
1546,441,1
1547,421,1
1548,443,1
1549,437,1
1550,418,1
1551,451,1
1552,429,1
1553,428,1
1554,440,1
1555,451,1
1556,425,1
1557,438,1
1558,442,1
1559,446,1
1560,439,1
1561,433,1
1562,427,1
1563,438,1
1564,424,1
1565,402,1
1566,442,1
1567,448,1
1568,409,1
1569,425,1
1570,444,1
1571,462,1
1572,437,1
1573,428,1
1574,435,1
1575,453,1
1576,429,1
1577,427,1
1578,431,1
1579,425,1
1580,438,1
1581,456,1
1582,441,1
1583,434,1
1584,433,1
1585,418,1
1586,447,1
1587,436,1
1588,434,1
1589,475,1
1590,440,1
1591,427,1
1592,431,1
1593,450,1
1594,438,1
1595,419,1
1596,447,1
1597,428,1
1598,459,1
1599,449,1
1600,438,1
1601,447,1
1602,443,1
1603,427,1
1604,429,1
1605,449,1
1606,433,1
1607,432,1
1608,425,1
1609,442,1
1610,461,1
1611,424,1
1612,437,1
1613,454,1
1614,436,1
1615,442,1
1616,424,1
1617,442,1
1618,434,1
1619,448,1
1620,451,1
1621,468,1
1622,443,1
1623,440,1
1624,439,1
1625,432,1
1626,440,1
1627,433,1
1628,438,1
1629,452,1
1630,424,1
1631,450,1
1632,452,1
1633,435,1
1634,411,1
1635,429,1
1636,452,1
1637,436,1
1638,424,1
1639,430,1
1640,446,1
1641,443,1
1642,433,1
1643,432,1
1644,431,1
1645,425,1
1646,455,1
1647,432,1
1648,451,1
1649,454,1
1650,448,1
1651,431,1
1652,441,1
1653,436,1
1654,425,1
1655,440,1
1656,422,1
1657,450,1
1658,430,1
1659,438,1
1660,439,1
1661,433,1
1662,443,1
1663,430,1
1664,446,1
1665,419,1
1666,437,1
1667,459,1
1668,423,1
1669,427,1
1670,442,1
1671,438,1
1672,440,1
1673,441,1
1674,443,1
1675,449,1
1676,440,1
1677,432,1
1678,443,1
1679,458,1
1680,434,1
1681,424,1
1682,448,1
1683,434,1
1684,409,1
1685,445,1
1686,429,1
1687,434,1
1688,439,1
1689,437,1
1690,444,1
1691,430,1
1692,441,1
1693,432,1
1694,444,1
1695,442,1
1696,424,1
1697,448,1
1698,428,1
1699,445,1
1700,444,1
1701,462,1
1702,437,1
1703,435,1
1704,439,1
1705,436,1
1706,449,1
1707,420,1
1708,427,1
1709,426,1
1710,451,1
1711,460,1
1712,438,1
1713,437,1
1714,440,1
1715,453,1
1716,428,1
1717,441,1
1718,450,1
1719,444,1
1720,441,1
1721,450,1
1722,406,1
1723,446,1
1724,430,1
1725,416,1
1726,444,1
1727,454,1
1728,436,1
1729,449,1
1730,457,1
1731,453,1
1732,457,1
1733,446,1
1734,438,1
1735,418,1
1736,434,1
1737,427,1
1738,463,1
1739,435,1
1740,438,1
1741,443,1
1742,437,1
1743,457,1
1744,429,1
1745,439,1
1746,427,1
1747,420,1
1748,429,1
1749,436,1
1750,431,1
1751,428,1
1752,419,1
1753,435,1
1754,418,1
1755,445,1
1756,437,1
1757,418,1
1758,432,1
1759,426,1
1760,439,1
1761,451,1
1762,413,1
1763,436,1
1764,433,1
1765,443,1
1766,437,1
1767,426,1
1768,431,1
1769,425,1
1770,447,1
1771,435,1
1772,457,1
1773,434,1
1774,426,1
1775,416,1
1776,412,1
1777,415,1
1778,437,1
1779,440,1
1780,415,1
1781,444,1
1782,428,1
1783,435,1
1784,453,1
1785,444,1
1786,430,1
1787,422,1
1788,407,1
1789,424,1
1790,430,1
1791,421,1
1792,431,1
1793,434,1
1794,430,1
1795,425,1
1796,434,1
1797,438,1
1798,419,1
1799,449,1
1800,437,1
1801,431,1
1802,440,1
1803,432,1
1804,421,1
1805,433,1
1806,414,1
1807,429,1
1808,428,1
1809,425,1
1810,426,1
1811,405,1
1812,421,1
1813,429,1
1814,429,1
1815,415,1
1816,442,1
1817,417,1
1818,439,1
1819,432,1
1820,419,1
1821,448,1
1822,412,1
1823,438,1
1824,438,1
1825,418,1
1826,443,1
1827,423,1
1828,429,1
1829,429,1
1830,424,1
1831,435,1
1832,435,1
1833,405,1
1834,441,1
1835,405,1
1836,438,1
1837,439,1
1838,412,1
1839,420,1
1840,412,1
1841,422,1
1842,421,1
1843,434,1
1844,440,1
1845,441,1
1846,417,1
1847,422,1
1848,404,1
1849,414,1
1850,435,1
1851,443,1
1852,409,1
1853,416,1
1854,423,1
1855,427,1
1856,414,1
1857,428,1
1858,417,1
1859,423,1
1860,429,1
1861,423,1
1862,417,1
1863,421,1
1864,421,1
1865,418,1
1866,419,1
1867,441,1
1868,429,1
1869,418,1
1870,430,1
1871,418,1
1872,436,1
1873,426,1
1874,420,1
1875,427,1
1876,402,1
1877,408,1
1878,407,1
1879,423,1
1880,442,1
1881,448,1
1882,428,1
1883,427,1
1884,399,1
1885,414,1
1886,411,1
1887,413,1
1888,418,1
1889,414,1
1890,396,1
1891,429,1
1892,407,1
1893,423,1
1894,444,1
1895,408,1
1896,389,1
1897,416,1
1898,432,1
1899,443,1
1900,424,1
1901,428,1
1902,461,1
1903,412,1
1904,433,1
1905,435,1
1906,442,1
1907,431,1
1908,433,1
1909,425,1
1910,432,1
1911,425,1
1912,437,1
1913,425,1
1914,434,1
1915,429,1
1916,442,1
1917,428,1
1918,407,1
1919,444,1
1920,418,1
1921,421,1
1922,421,1
1923,445,1
1924,403,1
1925,466,1
1926,441,1
1927,431,1
1928,427,1
1929,432,1
1930,434,1
1931,436,1
1932,435,1
1933,429,1
1934,425,1
1935,426,1
1936,425,1
1937,441,1
1938,435,1
1939,392,1
1940,435,1
1941,430,1
1942,427,1
1943,423,1
1944,441,1
1945,439,1
1946,418,1
1947,432,1
1948,415,1
1949,410,1
1950,419,1
1951,437,1
1952,438,1
1953,433,1
1954,435,1
1955,433,1
1956,419,1
1957,432,1
1958,436,1
1959,435,1
1960,441,1
1961,435,1
1962,430,1
1963,439,1
1964,426,1
1965,415,1
1966,424,1
1967,417,1
1968,418,1
1969,424,1
1970,416,1
1971,422,1
1972,403,1
1973,428,1
1974,425,1
1975,416,1
1976,433,1
1977,436,1
1978,406,1
1979,416,1
1980,416,1
1981,414,1
1982,435,1
1983,423,1
1984,422,1
1985,401,1
1986,432,1
1987,410,1
1988,425,1
1989,428,1
1990,441,1
1991,409,1
1992,388,1
1993,426,1
1994,446,1
1995,439,1
1996,427,1
1997,418,1
1998,434,1
1999,412,1
2000,451,1
2001,471,1
2002,443,1
2003,432,1
2004,438,1
2005,417,1
2006,430,1
2007,433,1
2008,432,1
2009,440,1
2010,429,1
2011,452,1
2012,439,1
2013,439,1
2014,435,1
2015,441,1
2016,449,1
2017,429,1
2018,431,1
2019,435,1
2020,423,1
2021,429,1
2022,434,1
2023,450,1
2024,443,1
2025,442,1
2026,450,1
2027,438,1
2028,444,1
2029,438,1
2030,443,1
2031,433,1
2032,411,1
2033,438,1
2034,457,1
2035,451,1
2036,452,1
2037,455,1
2038,441,1
2039,443,1
2040,433,1
2041,437,1
2042,448,1
2043,455,1
2044,439,1
2045,435,1
2046,441,1
2047,448,1
2048,423,1
2049,413,1
2050,434,1
2051,426,1
2052,435,1
2053,439,1
2054,436,1
2055,459,1
2056,445,1
2057,445,1
2058,449,1
2059,428,1
2060,454,1
2061,441,1
2062,450,1
2063,429,1
2064,423,1
2065,452,1
2066,446,1
2067,431,1
2068,432,1
2069,456,1
2070,428,1
2071,462,1
2072,431,1
2073,450,1
2074,438,1
2075,450,1
2076,436,1
2077,441,1
2078,443,1
2079,431,1
2080,452,1
2081,437,1
2082,440,1
2083,431,1
2084,412,1
2085,441,1
2086,472,1
2087,453,1
2088,443,1
2089,440,1
2090,444,1
2091,450,1
2092,429,1
2093,457,1
2094,452,1
2095,452,1
2096,449,1
2097,444,1
2098,452,1
2099,451,1
2100,411,1
2101,428,1
2102,395,1
2103,392,1
2104,412,1
2105,410,1
2106,412,1
2107,412,1
2108,407,1
2109,427,1
2110,390,1
2111,399,1
2112,408,1
2113,389,1
2114,407,1
2115,429,1
2116,409,1
2117,412,1
2118,394,1
2119,402,1
2120,404,1
2121,405,1
2122,424,1
2123,415,1
2124,395,1
2125,412,1
2126,415,1
2127,422,1
2128,427,1
2129,396,1
2130,399,1
2131,393,1
2132,405,1
2133,414,1
2134,420,1
2135,407,1
2136,404,1
2137,410,1
2138,398,1
2139,433,1
2140,389,1
2141,410,1
2142,432,1
2143,408,1
2144,405,1
2145,403,1
2146,405,1
2147,424,1
2148,381,1
2149,426,1
2150,390,1
2151,404,1
2152,402,1
2153,414,1
2154,388,1
2155,413,1
2156,431,1
2157,391,1
2158,409,1
2159,399,1
2160,412,1
2161,407,1
2162,399,1
2163,413,1
2164,428,1
2165,404,1
2166,415,1
2167,391,1
2168,395,1
2169,412,1
2170,424,1
2171,411,1
2172,403,1
2173,406,1
2174,391,1
2175,414,1
2176,417,1
2177,401,1
2178,401,1
2179,409,1
2180,401,1
2181,405,1
2182,431,1
2183,403,1
2184,402,1
2185,398,1
2186,415,1
2187,404,1
2188,398,1
2189,421,1
2190,423,1
2191,398,1
2192,383,1
2193,418,1
2194,397,1
2195,415,1
2196,382,1
2197,416,1
2198,391,1
2199,414,1
2200,413,1
2201,401,1
2202,408,1
2203,421,1
2204,414,1
2205,420,1
2206,437,1
2207,394,1
2208,433,1
2209,415,1
2210,403,1
2211,398,1
2212,411,1
2213,425,1
2214,412,1
2215,432,1
2216,397,1
2217,414,1
2218,399,1
2219,419,1
2220,425,1
2221,409,1
2222,383,1
2223,417,1
2224,420,1
2225,420,1
2226,430,1
2227,402,1
2228,423,1
2229,429,1
2230,394,1
2231,419,1
2232,409,1
2233,414,1
2234,420,1
2235,410,1
2236,408,1
2237,416,1
2238,403,1
2239,403,1
2240,424,1
2241,402,1
2242,424,1
2243,422,1
2244,396,1
2245,408,1
2246,431,1
2247,405,1
2248,411,1
2249,422,1
2250,426,1
2251,414,1
2252,410,1
2253,434,1
2254,438,1
2255,429,1
2256,418,1
2257,408,1
2258,408,1
2259,424,1
2260,423,1
2261,435,1
2262,426,1
2263,400,1
2264,431,1
2265,406,1
2266,414,1
2267,421,1
2268,442,1
2269,456,1
2270,426,1
2271,416,1
2272,425,1
2273,429,1
2274,415,1
2275,440,1
2276,422,1
2277,425,1
2278,427,1
2279,424,1
2280,429,1
2281,412,1
2282,413,1
2283,406,1
2284,425,1
2285,429,1
2286,425,1
2287,440,1
2288,420,1
2289,428,1
2290,407,1
2291,416,1
2292,429,1
2293,431,1
2294,417,1
2295,420,1
2296,402,1
2297,416,1
2298,432,1
2299,428,1
2300,427,1
2301,419,1
2302,435,1
2303,432,1
2304,433,1
2305,421,1
2306,402,1
2307,441,1
2308,422,1
2309,417,1
2310,436,1
2311,423,1
2312,441,1
2313,435,1
2314,436,1
2315,412,1
2316,443,1
2317,432,1
2318,424,1
2319,430,1
2320,407,1
2321,434,1
2322,417,1
2323,413,1
2324,411,1
2325,443,1
2326,422,1
2327,448,1
2328,423,1
2329,409,1
2330,416,1
2331,445,1
2332,428,1
2333,423,1
2334,432,1
2335,436,1
2336,444,1
2337,448,1
2338,426,1
2339,415,1
2340,426,1
2341,434,1
2342,419,1
2343,419,1
2344,435,1
2345,430,1
2346,432,1
2347,422,1
2348,429,1
2349,420,1
2350,442,1
2351,444,1
2352,410,1
2353,421,1
2354,414,1
2355,424,1
2356,431,1
2357,415,1
2358,421,1
2359,420,1
2360,435,1
2361,433,1
2362,424,1
2363,435,1
2364,426,1
2365,430,1
2366,453,1
2367,449,1
2368,418,1
2369,443,1
2370,443,1
2371,420,1
2372,443,1
2373,452,1
2374,420,1
2375,423,1
2376,446,1
2377,437,1
2378,441,1
2379,438,1
2380,439,1
2381,419,1
2382,447,1
2383,449,1
2384,432,1
2385,434,1
2386,417,1
2387,441,1
2388,442,1
2389,434,1
2390,449,1
2391,431,1
2392,442,1
2393,423,1
2394,435,1
2395,434,1
2396,439,1
2397,431,1
2398,434,1
2399,446,1
2400,436,1
2401,432,1
2402,400,1
2403,424,1
2404,409,1
2405,418,1
2406,419,1
2407,412,1
2408,406,1
2409,407,1
2410,404,1
2411,405,1
2412,414,1
2413,407,1
2414,423,1
2415,433,1
2416,408,1
2417,418,1
2418,421,1
2419,421,1
2420,416,1
2421,424,1
2422,421,1
2423,400,1
2424,425,1
2425,426,1
2426,406,1
2427,415,1
2428,423,1
2429,412,1
2430,428,1
2431,443,1
2432,405,1
2433,398,1
2434,419,1
2435,424,1
2436,412,1
2437,432,1
2438,399,1
2439,423,1
2440,408,1
2441,435,1
2442,439,1
2443,406,1
2444,408,1
2445,425,1
2446,410,1
2447,414,1
2448,415,1
2449,392,1
2450,415,1
2451,406,1
2452,409,1
2453,432,1
2454,400,1
2455,424,1
2456,411,1
2457,411,1
2458,424,1
2459,419,1
2460,421,1
2461,426,1
2462,411,1
2463,407,1
2464,401,1
2465,405,1
2466,450,1
2467,429,1
2468,398,1
2469,399,1
2470,420,1
2471,421,1
2472,421,1
2473,411,1
2474,413,1
2475,418,1
2476,415,1
2477,388,1
2478,412,1
2479,404,1
2480,416,1
2481,450,1
2482,419,1
2483,410,1
2484,425,1
2485,420,1
2486,419,1
2487,421,1
2488,439,1
2489,401,1
2490,420,1
2491,403,1
2492,421,1
2493,403,1
2494,409,1
2495,411,1
2496,426,1
2497,425,1
2498,399,1
2499,415,1
2500,400,1
2501,393,1
2502,406,1
2503,404,1
2504,437,1
2505,413,1
2506,391,1
2507,401,1
2508,420,1
2509,433,1
2510,388,1
2511,385,1
2512,430,1
2513,412,1
2514,397,1
2515,413,1
2516,375,1
2517,407,1
2518,411,1
2519,418,1
2520,394,1
2521,407,1
2522,395,1
2523,409,1
2524,395,1
2525,401,1
2526,394,1
2527,414,1
2528,416,1
2529,403,1
2530,406,1
2531,388,1
2532,402,1
2533,405,1
2534,437,1
2535,392,1
2536,422,1
2537,417,1
2538,408,1
2539,426,1
2540,409,1
2541,409,1
2542,404,1
2543,419,1
2544,417,1
2545,397,1
2546,388,1
2547,401,1
2548,394,1
2549,403,1
2550,418,1
2551,398,1
2552,403,1
2553,404,1
2554,413,1
2555,376,1
2556,396,1
2557,405,1
2558,417,1
2559,397,1
2560,380,1
2561,410,1
2562,395,1
2563,388,1
2564,395,1
2565,400,1
2566,395,1
2567,375,1
2568,413,1
2569,417,1
2570,409,1
2571,388,1
2572,399,1
2573,401,1
2574,408,1
2575,409,1
2576,392,1
2577,402,1
2578,406,1
2579,418,1
2580,409,1
2581,410,1
2582,401,1
2583,417,1
2584,405,1
2585,390,1
2586,417,1
2587,408,1
2588,395,1
2589,394,1
2590,403,1
2591,405,1
2592,402,1
2593,403,1
2594,420,1
2595,412,1
2596,401,1
2597,410,1
2598,387,1
2599,404,1
2600,414,1
2601,416,1
2602,411,1
2603,415,1
2604,420,1
2605,407,1
2606,424,1
2607,435,1
2608,413,1
2609,443,1
2610,431,1
2611,437,1
2612,417,1
2613,435,1
2614,411,1
2615,435,1
2616,427,1
2617,431,1
2618,411,1
2619,414,1
2620,432,1
2621,413,1
2622,430,1
2623,409,1
2624,435,1
2625,410,1
2626,432,1
2627,433,1
2628,417,1
2629,432,1
2630,428,1
2631,419,1
2632,413,1
2633,402,1
2634,430,1
2635,407,1
2636,427,1
2637,422,1
2638,434,1
2639,422,1
2640,422,1
2641,435,1
2642,430,1
2643,430,1
2644,431,1
2645,407,1
2646,435,1
2647,433,1
2648,414,1
2649,423,1
2650,426,1
2651,425,1
2652,430,1
2653,443,1
2654,439,1
2655,411,1
2656,434,1
2657,442,1
2658,431,1
2659,440,1
2660,451,1
2661,439,1
2662,430,1
2663,439,1
2664,428,1
2665,427,1
2666,423,1
2667,446,1
2668,417,1
2669,445,1
2670,433,1
2671,410,1
2672,431,1
2673,402,1
2674,435,1
2675,438,1
2676,420,1
2677,429,1
2678,451,1
2679,421,1
2680,415,1
2681,445,1
2682,451,1
2683,428,1
2684,440,1
2685,444,1
2686,419,1
2687,422,1
2688,443,1
2689,448,1
2690,435,1
2691,417,1
2692,452,1
2693,422,1
2694,424,1
2695,432,1
2696,447,1
2697,438,1
2698,433,1
2699,434,1
2700,413,1
2701,440,1
2702,446,1
2703,430,1
2704,448,1
2705,441,1
2706,465,1
2707,462,1
2708,438,1
2709,442,1
2710,443,1
2711,438,1
2712,446,1
2713,434,1
2714,430,1
2715,451,1
2716,451,1
2717,434,1
2718,454,1
2719,436,1
2720,447,1
2721,453,1
2722,443,1
2723,449,1
2724,437,1
2725,441,1
2726,441,1
2727,435,1
2728,442,1
2729,425,1
2730,438,1
2731,440,1
2732,441,1
2733,441,1
2734,443,1
2735,449,1
2736,454,1
2737,436,1
2738,429,1
2739,431,1
2740,438,1
2741,440,1
2742,434,1
2743,428,1
2744,438,1
2745,446,1
2746,451,1
2747,437,1
2748,439,1
2749,433,1
2750,443,1
2751,434,1
2752,451,1
2753,422,1
2754,440,1
2755,447,1
2756,446,1
2757,476,1
2758,448,1
2759,432,1
2760,443,1
2761,423,1
2762,443,1
2763,434,1
2764,455,1
2765,437,1
2766,443,1
2767,436,1
2768,465,1
2769,440,1
2770,466,1
2771,454,1
2772,450,1
2773,448,1
2774,449,1
2775,421,1
2776,441,1
2777,454,1
2778,443,1
2779,427,1
2780,443,1
2781,464,1
2782,459,1
2783,443,1
2784,455,1
2785,440,1
2786,424,1
2787,433,1
2788,463,1
2789,441,1
2790,441,1
2791,440,1
2792,467,1
2793,464,1
2794,471,1
2795,442,1
2796,448,1
2797,426,1
2798,462,1
2799,430,1
2800,404,1
2801,401,1
2802,403,1
2803,404,1
2804,404,1
2805,421,1
2806,397,1
2807,413,1
2808,425,1
2809,405,1
2810,402,1
2811,408,1
2812,425,1
2813,413,1
2814,404,1
2815,417,1
2816,398,1
2817,419,1
2818,416,1
2819,407,1
2820,401,1
2821,400,1
2822,417,1
2823,426,1
2824,403,1
2825,417,1
2826,386,1
2827,404,1
2828,411,1
2829,400,1
2830,400,1
2831,403,1
2832,415,1
2833,409,1
2834,384,1
2835,386,1
2836,404,1
2837,417,1
2838,378,1
2839,405,1
2840,405,1
2841,428,1
2842,407,1
2843,416,1
2844,413,1
2845,386,1
2846,421,1
2847,414,1
2848,417,1
2849,458,1
2850,386,1
2851,432,1
2852,408,1
2853,415,1
2854,411,1
2855,406,1
2856,405,1
2857,415,1
2858,393,1
2859,420,1
2860,407,1
2861,398,1
2862,406,1
2863,427,1
2864,405,1
2865,416,1
2866,403,1
2867,421,1
2868,420,1
2869,434,1
2870,410,1
2871,420,1
2872,413,1
2873,427,1
2874,403,1
2875,421,1
2876,409,1
2877,411,1
2878,413,1
2879,415,1
2880,410,1
2881,414,1
2882,431,1
2883,424,1
2884,422,1
2885,406,1
2886,401,1
2887,423,1
2888,422,1
2889,430,1
2890,405,1
2891,409,1
2892,392,1
2893,407,1
2894,424,1
2895,406,1
2896,420,1
2897,410,1
2898,416,1
2899,398,1
2900,412,1
2901,375,1
2902,409,1
2903,392,1
2904,426,1
2905,421,1
2906,417,1
2907,430,1
2908,400,1
2909,433,1
2910,423,1
2911,409,1
2912,426,1
2913,399,1
2914,402,1
2915,405,1
2916,406,1
2917,400,1
2918,427,1
2919,410,1
2920,417,1
2921,406,1
2922,391,1
2923,416,1
2924,390,1
2925,413,1
2926,397,1
2927,437,1
2928,425,1
2929,415,1
2930,429,1
2931,404,1
2932,421,1
2933,417,1
2934,417,1
2935,430,1
2936,423,1
2937,418,1
2938,395,1
2939,403,1
2940,413,1
2941,416,1
2942,401,1
2943,444,1
2944,433,1
2945,422,1
2946,416,1
2947,413,1
2948,404,1
2949,417,1
2950,419,1
2951,401,1
2952,420,1
2953,414,1
2954,393,1
2955,406,1
2956,411,1
2957,439,1
2958,423,1
2959,401,1
2960,422,1
2961,398,1
2962,430,1
2963,411,1
2964,416,1
2965,433,1
2966,402,1
2967,401,1
2968,410,1
2969,430,1
2970,399,1
2971,384,1
2972,412,1
2973,424,1
2974,432,1
2975,412,1
2976,413,1
2977,432,1
2978,396,1
2979,414,1
2980,421,1
2981,424,1
2982,413,1
2983,419,1
2984,389,1
2985,411,1
2986,425,1
2987,407,1
2988,420,1
2989,425,1
2990,415,1
2991,422,1
2992,408,1
2993,417,1
2994,427,1
2995,422,1
2996,413,1
2997,423,1
2998,429,1
2999,396,1
3000,426,1
3001,436,1
3002,405,1
3003,413,1
3004,418,1
3005,412,1
3006,442,1
3007,411,1
3008,415,1
3009,424,1
3010,407,1
3011,417,1
3012,426,1
3013,418,1
3014,421,1
3015,416,1
3016,404,1
3017,426,1
3018,443,1
3019,423,1
3020,425,1
3021,431,1
3022,407,1
3023,443,1
3024,425,1
3025,442,1
3026,414,1
3027,445,1
3028,432,1
3029,430,1
3030,426,1
3031,420,1
3032,438,1
3033,425,1
3034,400,1
3035,410,1
3036,421,1
3037,427,1
3038,423,1
3039,438,1
3040,400,1
3041,426,1
3042,402,1
3043,433,1
3044,423,1
3045,429,1
3046,414,1
3047,440,1
3048,437,1
3049,431,1
3050,423,1
3051,431,1
3052,416,1
3053,435,1
3054,445,1
3055,438,1
3056,416,1
3057,429,1
3058,409,1
3059,432,1
3060,431,1
3061,403,1
3062,411,1
3063,422,1
3064,422,1
3065,411,1
3066,430,1
3067,429,1
3068,423,1
3069,417,1
3070,438,1
3071,446,1
3072,420,1
3073,419,1
3074,432,1
3075,422,1
3076,425,1
3077,435,1
3078,403,1
3079,442,1
3080,427,1
3081,422,1
3082,426,1
3083,426,1
3084,406,1
3085,445,1
3086,427,1
3087,432,1
3088,438,1
3089,415,1
3090,433,1
3091,424,1
3092,437,1
3093,402,1
3094,426,1
3095,420,1
3096,433,1
3097,433,1
3098,419,1
3099,419,1
3100,436,1
3101,427,1
3102,448,1
3103,434,1
3104,403,1
3105,434,1
3106,426,1
3107,419,1
3108,424,1
3109,440,1
3110,454,1
3111,442,1
3112,431,1
3113,444,1
3114,433,1
3115,431,1
3116,425,1
3117,418,1
3118,435,1
3119,441,1
3120,438,1
3121,435,1
3122,428,1
3123,447,1
3124,424,1
3125,449,1
3126,428,1
3127,431,1
3128,423,1
3129,434,1
3130,452,1
3131,447,1
3132,452,1
3133,447,1
3134,427,1
3135,437,1
3136,431,1
3137,457,1
3138,427,1
3139,452,1
3140,452,1
3141,463,1
3142,436,1
3143,450,1
3144,469,1
3145,434,1
3146,423,1
3147,419,1
3148,450,1
3149,419,1
3150,438,1
3151,447,1
3152,444,1
3153,447,1
3154,445,1
3155,458,1
3156,431,1
3157,434,1
3158,433,1
3159,453,1
3160,454,1
3161,448,1
3162,457,1
3163,429,1
3164,463,1
3165,462,1
3166,452,1
3167,465,1
3168,424,1
3169,437,1
3170,435,1
3171,452,1
3172,431,1
3173,453,1
3174,461,1
3175,452,1
3176,448,1
3177,432,1
3178,434,1
3179,459,1
3180,454,1
3181,444,1
3182,440,1
3183,421,1
3184,432,1
3185,468,1
3186,430,1
3187,447,1
3188,457,1
3189,430,1
3190,448,1
3191,457,1
3192,446,1
3193,480,1
3194,426,1
3195,459,1
3196,444,1
3197,455,1
3198,451,1
3199,437,1
3200,424,1
3201,420,1
3202,424,1
3203,429,1
3204,421,1
3205,419,1
3206,406,1
3207,408,1
3208,431,1
3209,434,1
3210,414,1
3211,417,1
3212,406,1
3213,431,1
3214,425,1
3215,440,1
3216,406,1
3217,412,1
3218,420,1
3219,425,1
3220,414,1
3221,406,1
3222,427,1
3223,426,1
3224,406,1
3225,433,1
3226,431,1
3227,418,1
3228,418,1
3229,424,1
3230,407,1
3231,417,1
3232,391,1
3233,427,1
3234,398,1
3235,435,1
3236,413,1
3237,414,1
3238,409,1
3239,413,1
3240,434,1
3241,387,1
3242,432,1
3243,421,1
3244,402,1
3245,404,1
3246,437,1
3247,406,1
3248,403,1
3249,431,1
3250,421,1
3251,406,1
3252,420,1
3253,405,1
3254,430,1
3255,430,1
3256,423,1
3257,421,1
3258,438,1
3259,417,1
3260,403,1
3261,422,1
3262,442,1
3263,405,1
3264,413,1
3265,422,1
3266,416,1
3267,405,1
3268,431,1
3269,445,1
3270,419,1
3271,406,1
3272,399,1
3273,420,1
3274,430,1
3275,423,1
3276,417,1
3277,410,1
3278,404,1
3279,427,1
3280,428,1
3281,399,1
3282,436,1
3283,424,1
3284,434,1
3285,401,1
3286,401,1
3287,415,1
3288,423,1
3289,439,1
3290,426,1
3291,414,1
3292,405,1
3293,432,1
3294,406,1
3295,437,1
3296,414,1
3297,436,1
3298,425,1
3299,416,1
3300,420,1
3301,416,1
3302,408,1
3303,413,1
3304,416,1
3305,389,1
3306,420,1
3307,403,1
3308,401,1
3309,394,1
3310,393,1
3311,398,1
3312,406,1
3313,437,1
3314,408,1
3315,416,1
3316,419,1
3317,415,1
3318,413,1
3319,399,1
3320,431,1
3321,435,1
3322,393,1
3323,401,1
3324,410,1
3325,402,1
3326,419,1
3327,404,1
3328,439,1
3329,427,1
3330,415,1
3331,425,1
3332,426,1
3333,406,1
3334,403,1
3335,413,1
3336,423,1
3337,414,1
3338,393,1
3339,402,1
3340,411,1
3341,411,1
3342,436,1
3343,395,1
3344,418,1
3345,429,1
3346,439,1
3347,407,1
3348,417,1
3349,418,1
3350,414,1
3351,410,1
3352,416,1
3353,381,1
3354,419,1
3355,412,1
3356,408,1
3357,435,1
3358,403,1
3359,406,1
3360,434,1
3361,400,1
3362,404,1
3363,408,1
3364,420,1
3365,413,1
3366,395,1
3367,404,1
3368,403,1
3369,409,1
3370,415,1
3371,415,1
3372,388,1
3373,422,1
3374,412,1
3375,426,1
3376,415,1
3377,422,1
3378,415,1
3379,425,1
3380,415,1
3381,408,1
3382,436,1
3383,419,1
3384,416,1
3385,393,1
3386,393,1
3387,412,1
3388,410,1
3389,401,1
3390,410,1
3391,427,1
3392,416,1
3393,394,1
3394,407,1
3395,398,1
3396,403,1
3397,403,1
3398,402,1
3399,392,1
3400,372,1
3401,432,1
3402,420,1
3403,402,1
3404,407,1
3405,393,1
3406,427,1
3407,430,1
3408,409,1
3409,419,1
3410,409,1
3411,391,1
3412,402,1
3413,408,1
3414,401,1
3415,404,1
3416,406,1
3417,406,1
3418,407,1
3419,394,1
3420,398,1
3421,391,1
3422,418,1
3423,381,1
3424,420,1
3425,423,1
3426,403,1
3427,375,1
3428,402,1
3429,406,1
3430,394,1
3431,400,1
3432,425,1
3433,414,1
3434,395,1
3435,387,1
3436,402,1
3437,404,1
3438,412,1
3439,400,1
3440,412,1
3441,429,1
3442,416,1
3443,406,1
3444,404,1
3445,402,1
3446,420,1
3447,399,1
3448,407,1
3449,407,1
3450,400,1
3451,390,1
3452,410,1
3453,405,1
3454,412,1
3455,400,1
3456,421,1
3457,395,1
3458,426,1
3459,385,1
3460,411,1
3461,412,1
3462,396,1
3463,411,1
3464,421,1
3465,379,1
3466,412,1
3467,376,1
3468,394,1
3469,425,1
3470,399,1
3471,392,1
3472,403,1
3473,430,1
3474,384,1
3475,393,1
3476,423,1
3477,428,1
3478,404,1
3479,391,1
3480,431,1
3481,425,1
3482,414,1
3483,396,1
3484,405,1
3485,403,1
3486,409,1
3487,423,1
3488,416,1
3489,392,1
3490,422,1
3491,409,1
3492,413,1
3493,423,1
3494,392,1
3495,405,1
3496,399,1
3497,386,1
3498,409,1
3499,435,1
3500,394,1
3501,416,1
3502,424,1
3503,418,1
3504,415,1
3505,400,1
3506,419,1
3507,407,1
3508,389,1
3509,430,1
3510,427,1
3511,416,1
3512,418,1
3513,428,1
3514,418,1
3515,426,1
3516,411,1
3517,431,1
3518,419,1
3519,417,1
3520,399,1
3521,418,1
3522,404,1
3523,407,1
3524,404,1
3525,401,1
3526,439,1
3527,430,1
3528,437,1
3529,399,1
3530,414,1
3531,398,1
3532,405,1
3533,402,1
3534,428,1
3535,408,1
3536,426,1
3537,420,1
3538,440,1
3539,395,1
3540,428,1
3541,426,1
3542,401,1
3543,424,1
3544,416,1
3545,409,1
3546,402,1
3547,403,1
3548,436,1
3549,412,1
3550,421,1
3551,402,1
3552,402,1
3553,424,1
3554,395,1
3555,406,1
3556,411,1
3557,412,1
3558,409,1
3559,415,1
3560,419,1
3561,419,1
3562,399,1
3563,407,1
3564,425,1
3565,421,1
3566,394,1
3567,414,1
3568,386,1
3569,410,1
3570,432,1
3571,398,1
3572,399,1
3573,418,1
3574,391,1
3575,402,1
3576,416,1
3577,401,1
3578,406,1
3579,418,1
3580,414,1
3581,412,1
3582,404,1
3583,413,1
3584,407,1
3585,414,1
3586,402,1
3587,406,1
3588,396,1
3589,407,1
3590,398,1
3591,394,1
3592,411,1
3593,410,1
3594,417,1
3595,402,1
3596,412,1
3597,414,1
3598,412,1
3599,397,1
3600,443,1
3601,418,1
3602,445,1
3603,469,1
3604,439,1
3605,434,1
3606,448,1
3607,447,1
3608,457,1
3609,428,1
3610,452,1
3611,450,1
3612,442,1
3613,447,1
3614,456,1
3615,454,1
3616,430,1
3617,453,1
3618,443,1
3619,444,1
3620,444,1
3621,442,1
3622,458,1
3623,443,1
3624,430,1
3625,439,1
3626,446,1
3627,459,1
3628,451,1
3629,434,1
3630,474,1
3631,447,1
3632,459,1
3633,442,1
3634,450,1
3635,454,1
3636,459,1
3637,457,1
3638,455,1
3639,440,1
3640,437,1
3641,448,1
3642,456,1
3643,442,1
3644,457,1
3645,462,1
3646,433,1
3647,434,1
3648,443,1
3649,448,1
3650,438,1
3651,461,1
3652,450,1
3653,445,1
3654,428,1
3655,429,1
3656,448,1
3657,419,1
3658,457,1
3659,443,1
3660,484,1
3661,473,1
3662,443,1
3663,444,1
3664,457,1
3665,466,1
3666,426,1
3667,424,1
3668,438,1
3669,452,1
3670,451,1
3671,458,1
3672,431,1
3673,418,1
3674,456,1
3675,436,1
3676,421,1
3677,447,1
3678,455,1
3679,444,1
3680,440,1
3681,444,1
3682,441,1
3683,430,1
3684,437,1
3685,452,1
3686,450,1
3687,448,1
3688,434,1
3689,444,1
3690,420,1
3691,448,1
3692,463,1
3693,429,1
3694,439,1
3695,450,1
3696,461,1
3697,441,1
3698,438,1
3699,423,1
3700,435,1
3701,432,1
3702,436,1
3703,432,1
3704,422,1
3705,442,1
3706,435,1
3707,432,1
3708,420,1
3709,448,1
3710,440,1
3711,425,1
3712,444,1
3713,426,1
3714,423,1
3715,423,1
3716,411,1
3717,438,1
3718,410,1
3719,417,1
3720,407,1
3721,431,1
3722,430,1
3723,428,1
3724,420,1
3725,418,1
3726,438,1
3727,425,1
3728,436,1
3729,421,1
3730,434,1
3731,448,1
3732,439,1
3733,427,1
3734,435,1
3735,429,1
3736,432,1
3737,428,1
3738,430,1
3739,435,1
3740,420,1
3741,420,1
3742,415,1
3743,413,1
3744,417,1
3745,434,1
3746,421,1
3747,438,1
3748,433,1
3749,408,1
3750,440,1
3751,442,1
3752,420,1
3753,437,1
3754,422,1
3755,433,1
3756,417,1
3757,411,1
3758,428,1
3759,431,1
3760,427,1
3761,418,1
3762,427,1
3763,435,1
3764,432,1
3765,434,1
3766,424,1
3767,446,1
3768,418,1
3769,438,1
3770,446,1
3771,438,1
3772,430,1
3773,426,1
3774,445,1
3775,415,1
3776,421,1
3777,427,1
3778,447,1
3779,437,1
3780,421,1
3781,428,1
3782,425,1
3783,424,1
3784,444,1
3785,416,1
3786,451,1
3787,442,1
3788,445,1
3789,427,1
3790,430,1
3791,415,1
3792,426,1
3793,438,1
3794,448,1
3795,419,1
3796,428,1
3797,430,1
3798,415,1
3799,439,1
3800,415,1
3801,411,1
3802,420,1
3803,418,1
3804,416,1
3805,411,1
3806,424,1
3807,440,1
3808,421,1
3809,432,1
3810,403,1
3811,421,1
3812,406,1
3813,402,1
3814,410,1
3815,434,1
3816,431,1
3817,422,1
3818,401,1
3819,417,1
3820,422,1
3821,421,1
3822,397,1
3823,408,1
3824,418,1
3825,425,1
3826,392,1
3827,416,1
3828,420,1
3829,428,1
3830,426,1
3831,425,1
3832,408,1
3833,395,1
3834,413,1
3835,430,1
3836,434,1
3837,426,1
3838,422,1
3839,422,1
3840,410,1
3841,415,1
3842,437,1
3843,406,1
3844,436,1
3845,413,1
3846,433,1
3847,400,1
3848,423,1
3849,408,1
3850,399,1
3851,419,1
3852,428,1
3853,406,1
3854,398,1
3855,415,1
3856,415,1
3857,422,1
3858,427,1
3859,415,1
3860,438,1
3861,418,1
3862,411,1
3863,396,1
3864,412,1
3865,411,1
3866,426,1
3867,420,1
3868,401,1
3869,417,1
3870,423,1
3871,433,1
3872,425,1
3873,423,1
3874,415,1
3875,419,1
3876,429,1
3877,398,1
3878,410,1
3879,405,1
3880,418,1
3881,428,1
3882,406,1
3883,385,1
3884,408,1
3885,424,1
3886,420,1
3887,418,1
3888,410,1
3889,398,1
3890,419,1
3891,403,1
3892,439,1
3893,420,1
3894,406,1
3895,405,1
3896,411,1
3897,409,1
3898,426,1
3899,414,1
3900,432,1
3901,441,1
3902,424,1
3903,436,1
3904,435,1
3905,409,1
3906,456,1
3907,447,1
3908,427,1
3909,418,1
3910,436,1
3911,433,1
3912,436,1
3913,434,1
3914,438,1
3915,449,1
3916,438,1
3917,419,1
3918,448,1
3919,451,1
3920,469,1
3921,418,1
3922,434,1
3923,406,1
3924,438,1
3925,425,1
3926,454,1
3927,422,1
3928,411,1
3929,426,1
3930,408,1
3931,440,1
3932,406,1
3933,432,1
3934,406,1
3935,427,1
3936,451,1
3937,436,1
3938,421,1
3939,431,1
3940,431,1
3941,437,1
3942,415,1
3943,438,1
3944,399,1
3945,424,1
3946,425,1
3947,439,1
3948,431,1
3949,414,1
3950,419,1
3951,433,1
3952,430,1
3953,424,1
3954,425,1
3955,439,1
3956,425,1
3957,430,1
3958,457,1
3959,414,1
3960,409,1
3961,440,1
3962,423,1
3963,427,1
3964,421,1
3965,428,1
3966,450,1
3967,440,1
3968,441,1
3969,414,1
3970,417,1
3971,397,1
3972,421,1
3973,442,1
3974,437,1
3975,428,1
3976,430,1
3977,422,1
3978,433,1
3979,440,1
3980,411,1
3981,434,1
3982,442,1
3983,426,1
3984,439,1
3985,464,1
3986,429,1
3987,435,1
3988,422,1
3989,433,1
3990,436,1
3991,433,1
3992,418,1
3993,433,1
3994,448,1
3995,436,1
3996,442,1
3997,428,1
3998,439,1
3999,434,1
4000,418,1
4001,422,1
4002,432,1
4003,433,1
4004,415,1
4005,442,1
4006,436,1
4007,421,1
4008,411,1
4009,428,1
4010,424,1
4011,430,1
4012,425,1
4013,405,1
4014,424,1
4015,425,1
4016,436,1
4017,420,1
4018,449,1
4019,406,1
4020,444,1
4021,426,1
4022,439,1
4023,429,1
4024,442,1
4025,423,1
4026,415,1
4027,445,1
4028,427,1
4029,430,1
4030,443,1
4031,415,1
4032,435,1
4033,420,1
4034,426,1
4035,428,1
4036,409,1
4037,418,1
4038,443,1
4039,438,1
4040,426,1
4041,430,1
4042,423,1
4043,443,1
4044,424,1
4045,429,1
4046,440,1
4047,417,1
4048,445,1
4049,408,1
4050,446,1
4051,422,1
4052,423,1
4053,403,1
4054,421,1
4055,413,1
4056,419,1
4057,424,1
4058,437,1
4059,428,1
4060,429,1
4061,412,1
4062,415,1
4063,447,1
4064,416,1
4065,445,1
4066,422,1
4067,425,1
4068,438,1
4069,440,1
4070,423,1
4071,420,1
4072,424,1
4073,429,1
4074,435,1
4075,424,1
4076,432,1
4077,444,1
4078,429,1
4079,428,1
4080,406,1
4081,392,1
4082,429,1
4083,423,1
4084,418,1
4085,427,1
4086,423,1
4087,437,1
4088,424,1
4089,414,1
4090,435,1
4091,421,1
4092,429,1
4093,417,1
4094,415,1
4095,424,1
4096,423,1
4097,429,1
4098,419,1
4099,401,1
4100,436,1
4101,436,1
4102,451,1
4103,431,1
4104,421,1
4105,437,1
4106,433,1
4107,427,1
4108,437,1
4109,445,1
4110,439,1
4111,443,1
4112,461,1
4113,435,1
4114,442,1
4115,433,1
4116,429,1
4117,432,1
4118,433,1
4119,443,1
4120,467,1
4121,430,1
4122,433,1
4123,438,1
4124,443,1
4125,442,1
4126,454,1
4127,409,1
4128,410,1
4129,432,1
4130,451,1
4131,419,1
4132,402,1
4133,445,1
4134,441,1
4135,425,1
4136,426,1
4137,426,1
4138,439,1
4139,430,1
4140,444,1
4141,403,1
4142,427,1
4143,424,1
4144,435,1
4145,431,1
4146,447,1
4147,415,1
4148,438,1
4149,444,1
4150,460,1
4151,432,1
4152,441,1
4153,416,1
4154,409,1
4155,447,1
4156,437,1
4157,451,1
4158,421,1
4159,443,1
4160,459,1
4161,442,1
4162,440,1
4163,437,1
4164,418,1
4165,453,1
4166,429,1
4167,443,1
4168,418,1
4169,422,1
4170,454,1
4171,432,1
4172,454,1
4173,436,1
4174,414,1
4175,447,1
4176,429,1
4177,445,1
4178,437,1
4179,418,1
4180,438,1
4181,463,1
4182,442,1
4183,435,1
4184,449,1
4185,439,1
4186,438,1
4187,423,1
4188,439,1
4189,448,1
4190,426,1
4191,453,1
4192,435,1
4193,425,1
4194,448,1
4195,432,1
4196,445,1
4197,432,1
4198,435,1
4199,441,1
4200,404,1
4201,429,1
4202,416,1
4203,412,1
4204,402,1
4205,405,1
4206,394,1
4207,417,1
4208,411,1
4209,406,1
4210,417,1
4211,422,1
4212,443,1
4213,400,1
4214,432,1
4215,430,1
4216,409,1
4217,420,1
4218,412,1
4219,420,1
4220,436,1
4221,425,1
4222,424,1
4223,413,1
4224,400,1
4225,415,1
4226,432,1
4227,400,1
4228,405,1
4229,420,1
4230,406,1
4231,408,1
4232,413,1
4233,402,1
4234,406,1
4235,426,1
4236,402,1
4237,399,1
4238,410,1
4239,427,1
4240,416,1
4241,412,1
4242,419,1
4243,397,1
4244,424,1
4245,423,1
4246,413,1
4247,430,1
4248,405,1
4249,432,1
4250,420,1
4251,414,1
4252,418,1
4253,417,1
4254,433,1
4255,405,1
4256,409,1
4257,431,1
4258,411,1
4259,429,1
4260,439,1
4261,413,1
4262,426,1
4263,404,1
4264,427,1
4265,421,1
4266,424,1
4267,410,1
4268,398,1
4269,424,1
4270,393,1
4271,414,1
4272,430,1
4273,421,1
4274,442,1
4275,431,1
4276,410,1
4277,419,1
4278,418,1
4279,399,1
4280,407,1
4281,412,1
4282,394,1
4283,419,1
4284,415,1
4285,398,1
4286,423,1
4287,427,1
4288,421,1
4289,414,1
4290,425,1
4291,426,1
4292,422,1
4293,408,1
4294,422,1
4295,433,1
4296,411,1
4297,444,1
4298,412,1
4299,419,1
4300,410,1
4301,424,1
4302,417,1
4303,432,1
4304,442,1
4305,438,1
4306,402,1
4307,454,1
4308,433,1
4309,420,1
4310,432,1
4311,432,1
4312,422,1
4313,432,1
4314,422,1
4315,424,1
4316,421,1
4317,412,1
4318,431,1
4319,436,1
4320,435,1
4321,439,1
4322,433,1
4323,422,1
4324,439,1
4325,412,1
4326,418,1
4327,417,1
4328,441,1
4329,439,1
4330,434,1
4331,441,1
4332,417,1
4333,432,1
4334,426,1
4335,438,1
4336,426,1
4337,423,1
4338,434,1
4339,438,1
4340,419,1
4341,426,1
4342,414,1
4343,397,1
4344,429,1
4345,434,1
4346,430,1
4347,403,1
4348,422,1
4349,400,1
4350,443,1
4351,413,1
4352,441,1
4353,437,1
4354,415,1
4355,412,1
4356,430,1
4357,416,1
4358,427,1
4359,420,1
4360,404,1
4361,399,1
4362,428,1
4363,419,1
4364,419,1
4365,433,1
4366,439,1
4367,422,1
4368,421,1
4369,431,1
4370,408,1
4371,427,1
4372,431,1
4373,433,1
4374,401,1
4375,415,1
4376,414,1
4377,425,1
4378,430,1
4379,442,1
4380,418,1
4381,418,1
4382,437,1
4383,427,1
4384,439,1
4385,427,1
4386,409,1
4387,407,1
4388,405,1
4389,431,1
4390,437,1
4391,445,1
4392,433,1
4393,437,1
4394,416,1
4395,409,1
4396,433,1
4397,427,1
4398,424,1
4399,427,1
4400,416,1
4401,428,1
4402,428,1
4403,419,1
4404,422,1
4405,418,1
4406,406,1
4407,421,1
4408,395,1
4409,424,1
4410,397,1
4411,415,1
4412,401,1
4413,418,1
4414,411,1
4415,392,1
4416,416,1
4417,404,1
4418,422,1
4419,411,1
4420,416,1
4421,399,1
4422,404,1
4423,405,1
4424,421,1
4425,431,1
4426,401,1
4427,423,1
4428,384,1
4429,396,1
4430,398,1
4431,394,1
4432,391,1
4433,415,1
4434,407,1
4435,414,1
4436,418,1
4437,413,1
4438,417,1
4439,408,1
4440,395,1
4441,422,1
4442,402,1
4443,398,1
4444,407,1
4445,398,1
4446,404,1
4447,413,1
4448,413,1
4449,398,1
4450,403,1
4451,421,1
4452,414,1
4453,433,1
4454,422,1
4455,422,1
4456,391,1
4457,417,1
4458,407,1
4459,401,1
4460,410,1
4461,419,1
4462,413,1
4463,397,1
4464,416,1
4465,400,1
4466,410,1
4467,403,1
4468,404,1
4469,416,1
4470,394,1
4471,430,1
4472,385,1
4473,399,1
4474,411,1
4475,413,1
4476,405,1
4477,406,1
4478,411,1
4479,403,1
4480,423,1
4481,416,1
4482,416,1
4483,394,1
4484,405,1
4485,402,1
4486,394,1
4487,410,1
4488,399,1
4489,413,1
4490,392,1
4491,426,1
4492,394,1
4493,408,1
4494,414,1
4495,398,1
4496,415,1
4497,390,1
4498,422,1
4499,405,1
4500,403,1
4501,407,1
4502,420,1
4503,404,1
4504,402,1
4505,408,1
4506,397,1
4507,433,1
4508,404,1
4509,421,1
4510,414,1
4511,400,1
4512,412,1
4513,421,1
4514,410,1
4515,426,1
4516,424,1
4517,423,1
4518,407,1
4519,399,1
4520,405,1
4521,415,1
4522,419,1
4523,387,1
4524,413,1
4525,415,1
4526,410,1
4527,429,1
4528,418,1
4529,429,1
4530,411,1
4531,425,1
4532,433,1
4533,429,1
4534,401,1
4535,411,1
4536,410,1
4537,420,1
4538,422,1
4539,404,1
4540,415,1
4541,390,1
4542,432,1
4543,408,1
4544,415,1
4545,411,1
4546,429,1
4547,381,1
4548,415,1
4549,414,1
4550,410,1
4551,436,1
4552,405,1
4553,425,1
4554,420,1
4555,431,1
4556,408,1
4557,407,1
4558,429,1
4559,421,1
4560,398,1
4561,410,1
4562,421,1
4563,426,1
4564,408,1
4565,382,1
4566,423,1
4567,402,1
4568,393,1
4569,383,1
4570,427,1
4571,419,1
4572,415,1
4573,434,1
4574,425,1
4575,437,1
4576,401,1
4577,417,1
4578,398,1
4579,415,1
4580,415,1
4581,426,1
4582,419,1
4583,426,1
4584,427,1
4585,444,1
4586,415,1
4587,407,1
4588,422,1
4589,409,1
4590,437,1
4591,416,1
4592,412,1
4593,414,1
4594,428,1
4595,418,1
4596,412,1
4597,440,1
4598,410,1
4599,420,1
4600,452,1
4601,425,1
4602,450,1
4603,432,1
4604,454,1
4605,433,1
4606,453,1
4607,458,1
4608,455,1
4609,448,1
4610,442,1
4611,438,1
4612,462,1
4613,436,1
4614,432,1
4615,453,1
4616,435,1
4617,434,1
4618,428,1
4619,439,1
4620,444,1
4621,448,1
4622,457,1
4623,451,1
4624,443,1
4625,443,1
4626,451,1
4627,461,1
4628,447,1
4629,440,1
4630,433,1
4631,428,1
4632,453,1
4633,452,1
4634,452,1
4635,444,1
4636,462,1
4637,440,1
4638,457,1
4639,445,1
4640,438,1
4641,453,1
4642,451,1
4643,450,1
4644,447,1
4645,445,1
4646,475,1
4647,460,1
4648,455,1
4649,447,1
4650,458,1
4651,452,1
4652,446,1
4653,443,1
4654,445,1
4655,408,1
4656,449,1
4657,440,1
4658,465,1
4659,447,1
4660,432,1
4661,446,1
4662,434,1
4663,452,1
4664,450,1
4665,458,1
4666,437,1
4667,447,1
4668,430,1
4669,455,1
4670,453,1
4671,453,1
4672,447,1
4673,452,1
4674,466,1
4675,443,1
4676,449,1
4677,434,1
4678,437,1
4679,448,1
4680,460,1
4681,444,1
4682,444,1
4683,442,1
4684,441,1
4685,451,1
4686,429,1
4687,463,1
4688,439,1
4689,456,1
4690,432,1
4691,455,1
4692,456,1
4693,452,1
4694,436,1
4695,451,1
4696,433,1
4697,445,1
4698,460,1
4699,457,1
4700,417,1
4701,409,1
4702,381,1
4703,419,1
4704,409,1
4705,424,1
4706,396,1
4707,371,1
4708,413,1
4709,413,1
4710,389,1
4711,398,1
4712,442,1
4713,406,1
4714,418,1
4715,401,1
4716,384,1
4717,407,1
4718,406,1
4719,404,1
4720,408,1
4721,412,1
4722,407,1
4723,394,1
4724,415,1
4725,386,1
4726,385,1
4727,418,1
4728,415,1
4729,409,1
4730,393,1
4731,401,1
4732,406,1
4733,390,1
4734,400,1
4735,417,1
4736,426,1
4737,404,1
4738,418,1
4739,386,1
4740,417,1
4741,400,1
4742,413,1
4743,406,1
4744,425,1
4745,399,1
4746,417,1
4747,406,1
4748,407,1
4749,407,1
4750,399,1
4751,409,1
4752,409,1
4753,412,1
4754,410,1
4755,419,1
4756,420,1
4757,397,1
4758,420,1
4759,395,1
4760,416,1
4761,417,1
4762,386,1
4763,410,1
4764,404,1
4765,400,1
4766,426,1
4767,401,1
4768,400,1
4769,410,1
4770,418,1
4771,408,1
4772,423,1
4773,416,1
4774,383,1
4775,403,1
4776,403,1
4777,415,1
4778,378,1
4779,440,1
4780,416,1
4781,411,1
4782,424,1
4783,437,1
4784,420,1
4785,421,1
4786,411,1
4787,408,1
4788,404,1
4789,399,1
4790,401,1
4791,393,1
4792,408,1
4793,389,1
4794,412,1
4795,409,1
4796,411,1
4797,403,1
4798,446,1
4799,426,1
4800,420,1
4801,415,1
4802,411,1
4803,432,1
4804,419,1
4805,439,1
4806,439,1
4807,443,1
4808,417,1
4809,433,1
4810,434,1
4811,421,1
4812,417,1
4813,446,1
4814,429,1
4815,434,1
4816,417,1
4817,412,1
4818,419,1
4819,425,1
4820,413,1
4821,426,1
4822,406,1
4823,413,1
4824,434,1
4825,433,1
4826,421,1
4827,413,1
4828,413,1
4829,421,1
4830,433,1
4831,437,1
4832,419,1
4833,411,1
4834,428,1
4835,415,1
4836,419,1
4837,441,1
4838,435,1
4839,427,1
4840,410,1
4841,427,1
4842,437,1
4843,420,1
4844,441,1
4845,440,1
4846,444,1
4847,428,1
4848,431,1
4849,441,1
4850,430,1
4851,418,1
4852,419,1
4853,427,1
4854,408,1
4855,422,1
4856,437,1
4857,397,1
4858,442,1
4859,437,1
4860,418,1
4861,430,1
4862,423,1
4863,438,1
4864,435,1
4865,406,1
4866,430,1
4867,421,1
4868,424,1
4869,414,1
4870,444,1
4871,435,1
4872,414,1
4873,407,1
4874,418,1
4875,428,1
4876,425,1
4877,437,1
4878,432,1
4879,434,1
4880,426,1
4881,405,1
4882,420,1
4883,435,1
4884,421,1
4885,428,1
4886,418,1
4887,409,1
4888,420,1
4889,425,1
4890,414,1
4891,419,1
4892,410,1
4893,435,1
4894,418,1
4895,439,1
4896,439,1
4897,420,1
4898,409,1
4899,396,1
4900,437,1
4901,421,1
4902,425,1
4903,393,1
4904,406,1
4905,431,1
4906,423,1
4907,418,1
4908,427,1
4909,439,1
4910,417,1
4911,421,1
4912,422,1
4913,448,1
4914,394,1
4915,428,1
4916,418,1
4917,426,1
4918,412,1
4919,419,1
4920,428,1
4921,457,1
4922,429,1
4923,409,1
4924,414,1
4925,414,1
4926,398,1
4927,415,1
4928,428,1
4929,404,1
4930,432,1
4931,425,1
4932,410,1
4933,417,1
4934,438,1
4935,428,1
4936,419,1
4937,416,1
4938,420,1
4939,413,1
4940,394,1
4941,443,1
4942,421,1
4943,424,1
4944,418,1
4945,410,1
4946,417,1
4947,400,1
4948,446,1
4949,404,1
4950,406,1
4951,413,1
4952,434,1
4953,419,1
4954,404,1
4955,434,1
4956,427,1
4957,425,1
4958,427,1
4959,447,1
4960,445,1
4961,410,1
4962,438,1
4963,423,1
4964,424,1
4965,398,1
4966,416,1
4967,409,1
4968,428,1
4969,431,1
4970,393,1
4971,418,1
4972,432,1
4973,416,1
4974,427,1
4975,422,1
4976,422,1
4977,415,1
4978,403,1
4979,404,1
4980,426,1
4981,418,1
4982,416,1
4983,413,1
4984,414,1
4985,430,1
4986,414,1
4987,402,1
4988,427,1
4989,415,1
4990,418,1
4991,437,1
4992,417,1
4993,421,1
4994,403,1
4995,415,1
4996,425,1
4997,399,1
4998,420,1
4999,419,1
5000,444,1
5001,458,1
5002,428,1
5003,442,1
5004,441,1
5005,427,1
5006,452,1
5007,468,1
5008,440,1
5009,446,1
5010,441,1
5011,432,1
5012,418,1
5013,432,1
5014,424,1
5015,461,1
5016,439,1
5017,436,1
5018,451,1
5019,427,1
5020,431,1
5021,441,1
5022,453,1
5023,446,1
5024,443,1
5025,441,1
5026,445,1
5027,443,1
5028,428,1
5029,441,1
5030,427,1
5031,441,1
5032,435,1
5033,471,1
5034,440,1
5035,424,1
5036,439,1
5037,447,1
5038,460,1
5039,433,1
5040,421,1
5041,450,1
5042,424,1
5043,435,1
5044,437,1
5045,440,1
5046,449,1
5047,432,1
5048,437,1
5049,440,1
5050,442,1
5051,442,1
5052,446,1
5053,451,1
5054,445,1
5055,446,1
5056,421,1
5057,441,1
5058,446,1
5059,449,1
5060,432,1
5061,433,1
5062,434,1
5063,447,1
5064,453,1
5065,436,1
5066,451,1
5067,442,1
5068,439,1
5069,438,1
5070,449,1
5071,444,1
5072,468,1
5073,430,1
5074,447,1
5075,434,1
5076,430,1
5077,440,1
5078,442,1
5079,476,1
5080,438,1
5081,427,1
5082,444,1
5083,416,1
5084,439,1
5085,441,1
5086,450,1
5087,452,1
5088,434,1
5089,439,1
5090,431,1
5091,427,1
5092,444,1
5093,425,1
5094,436,1
5095,429,1
5096,447,1
5097,462,1
5098,425,1
5099,418,1
5100,430,1
5101,422,1
5102,425,1
5103,432,1
5104,440,1
5105,404,1
5106,422,1
5107,429,1
5108,416,1
5109,447,1
5110,419,1
5111,426,1
5112,433,1
5113,419,1
5114,404,1
5115,421,1
5116,438,1
5117,422,1
5118,416,1
5119,437,1
5120,422,1
5121,419,1
5122,427,1
5123,434,1
5124,454,1
5125,435,1
5126,439,1
5127,419,1
5128,412,1
5129,425,1
5130,426,1
5131,411,1
5132,422,1
5133,429,1
5134,428,1
5135,430,1
5136,427,1
5137,418,1
5138,418,1
5139,409,1
5140,445,1
5141,424,1
5142,421,1
5143,412,1
5144,458,1
5145,410,1
5146,418,1
5147,428,1
5148,430,1
5149,434,1
5150,444,1
5151,429,1
5152,410,1
5153,419,1
5154,426,1
5155,447,1
5156,405,1
5157,436,1
5158,424,1
5159,432,1
5160,420,1
5161,411,1
5162,430,1
5163,429,1
5164,433,1
5165,421,1
5166,414,1
5167,402,1
5168,431,1
5169,426,1
5170,409,1
5171,414,1
5172,415,1
5173,402,1
5174,410,1
5175,406,1
5176,415,1
5177,411,1
5178,400,1
5179,444,1
5180,435,1
5181,410,1
5182,423,1
5183,424,1
5184,433,1
5185,409,1
5186,432,1
5187,412,1
5188,403,1
5189,427,1
5190,434,1
5191,450,1
5192,404,1
5193,427,1
5194,413,1
5195,427,1
5196,400,1
5197,403,1
5198,408,1
5199,419,1
5200,449,1
5201,444,1
5202,456,1
5203,441,1
5204,422,1
5205,453,1
5206,429,1
5207,447,1
5208,455,1
5209,442,1
5210,418,1
5211,425,1
5212,452,1
5213,434,1
5214,437,1
5215,445,1
5216,444,1
5217,439,1
5218,433,1
5219,432,1
5220,446,1
5221,442,1
5222,432,1
5223,448,1
5224,434,1
5225,425,1
5226,426,1
5227,423,1
5228,432,1
5229,450,1
5230,425,1
5231,437,1
5232,427,1
5233,432,1
5234,417,1
5235,432,1
5236,432,1
5237,441,1
5238,437,1
5239,420,1
5240,447,1
5241,437,1
5242,437,1
5243,434,1
5244,428,1
5245,437,1
5246,440,1
5247,413,1
5248,427,1
5249,431,1
5250,437,1
5251,448,1
5252,424,1
5253,428,1
5254,427,1
5255,424,1
5256,429,1
5257,443,1
5258,421,1
5259,438,1
5260,413,1
5261,426,1
5262,429,1
5263,453,1
5264,430,1
5265,407,1
5266,409,1
5267,433,1
5268,440,1
5269,437,1
5270,435,1
5271,447,1
5272,426,1
5273,443,1
5274,413,1
5275,422,1
5276,411,1
5277,429,1
5278,432,1
5279,434,1
5280,433,1
5281,421,1
5282,430,1
5283,414,1
5284,448,1
5285,428,1
5286,426,1
5287,451,1
5288,417,1
5289,418,1
5290,418,1
5291,431,1
5292,437,1
5293,440,1
5294,462,1
5295,404,1
5296,438,1
5297,424,1
5298,424,1
5299,424,1
5300,442,1
5301,432,1
5302,448,1
5303,414,1
5304,416,1
5305,406,1
5306,424,1
5307,434,1
5308,433,1
5309,434,1
5310,415,1
5311,441,1
5312,435,1
5313,441,1
5314,409,1
5315,435,1
5316,417,1
5317,427,1
5318,438,1
5319,433,1
5320,421,1
5321,432,1
5322,413,1
5323,445,1
5324,429,1
5325,445,1
5326,425,1
5327,425,1
5328,422,1
5329,442,1
5330,423,1
5331,439,1
5332,427,1
5333,408,1
5334,425,1
5335,417,1
5336,432,1
5337,417,1
5338,442,1
5339,430,1
5340,429,1
5341,439,1
5342,443,1
5343,431,1
5344,422,1
5345,410,1
5346,423,1
5347,424,1
5348,432,1
5349,427,1
5350,439,1
5351,424,1
5352,430,1
5353,445,1
5354,435,1
5355,430,1
5356,424,1
5357,423,1
5358,421,1
5359,424,1
5360,440,1
5361,428,1
5362,415,1
5363,452,1
5364,435,1
5365,414,1
5366,425,1
5367,432,1
5368,451,1
5369,417,1
5370,442,1
5371,447,1
5372,423,1
5373,427,1
5374,418,1
5375,428,1
5376,430,1
5377,438,1
5378,444,1
5379,422,1
5380,407,1
5381,430,1
5382,434,1
5383,433,1
5384,427,1
5385,432,1
5386,449,1
5387,435,1
5388,426,1
5389,424,1
5390,428,1
5391,450,1
5392,428,1
5393,430,1
5394,424,1
5395,443,1
5396,454,1
5397,436,1
5398,431,1
5399,431,1
5400,428,1
5401,431,1
5402,418,1
5403,422,1
5404,421,1
5405,438,1
5406,422,1
5407,451,1
5408,431,1
5409,411,1
5410,425,1
5411,418,1
5412,400,1
5413,445,1
5414,434,1
5415,432,1
5416,428,1
5417,409,1
5418,420,1
5419,436,1
5420,413,1
5421,395,1
5422,423,1
5423,424,1
5424,427,1
5425,434,1
5426,433,1
5427,429,1
5428,440,1
5429,407,1
5430,432,1
5431,433,1
5432,411,1
5433,408,1
5434,417,1
5435,418,1
5436,435,1
5437,418,1
5438,415,1
5439,418,1
5440,439,1
5441,426,1
5442,423,1
5443,424,1
5444,441,1
5445,416,1
5446,441,1
5447,428,1
5448,423,1
5449,455,1
5450,413,1
5451,421,1
5452,410,1
5453,437,1
5454,445,1
5455,445,1
5456,440,1
5457,423,1
5458,421,1
5459,405,1
5460,449,1
5461,431,1
5462,419,1
5463,441,1
5464,413,1
5465,430,1
5466,423,1
5467,433,1
5468,424,1
5469,407,1
5470,426,1
5471,437,1
5472,424,1
5473,434,1
5474,412,1
5475,424,1
5476,417,1
5477,434,1
5478,425,1
5479,433,1
5480,438,1
5481,433,1
5482,428,1
5483,413,1
5484,425,1
5485,418,1
5486,420,1
5487,420,1
5488,413,1
5489,401,1
5490,416,1
5491,427,1
5492,408,1
5493,425,1
5494,447,1
5495,437,1
5496,444,1
5497,429,1
5498,438,1
5499,416,1
5500,437,1
5501,441,1
5502,416,1
5503,419,1
5504,413,1
5505,427,1
5506,436,1
5507,401,1
5508,427,1
5509,419,1
5510,424,1
5511,428,1
5512,420,1
5513,421,1
5514,420,1
5515,434,1
5516,427,1
5517,425,1
5518,407,1
5519,418,1
5520,433,1
5521,423,1
5522,430,1
5523,443,1
5524,435,1
5525,423,1
5526,416,1
5527,392,1
5528,420,1
5529,418,1
5530,427,1
5531,420,1
5532,418,1
5533,401,1
5534,411,1
5535,428,1
5536,443,1
5537,421,1
5538,426,1
5539,434,1
5540,412,1
5541,427,1
5542,413,1
5543,433,1
5544,424,1
5545,426,1
5546,413,1
5547,431,1
5548,447,1
5549,410,1
5550,418,1
5551,425,1
5552,432,1
5553,415,1
5554,388,1
5555,438,1
5556,431,1
5557,401,1
5558,415,1
5559,441,1
5560,439,1
5561,433,1
5562,420,1
5563,423,1
5564,421,1
5565,436,1
5566,412,1
5567,412,1
5568,434,1
5569,422,1
5570,439,1
5571,414,1
5572,421,1
5573,411,1
5574,422,1
5575,404,1
5576,416,1
5577,405,1
5578,430,1
5579,431,1
5580,401,1
5581,438,1
5582,452,1
5583,423,1
5584,414,1
5585,456,1
5586,406,1
5587,422,1
5588,424,1
5589,438,1
5590,426,1
5591,416,1
5592,411,1
5593,418,1
5594,410,1
5595,423,1
5596,415,1
5597,404,1
5598,437,1
5599,416,1
5600,424,1
5601,402,1
5602,427,1
5603,410,1
5604,444,1
5605,429,1
5606,418,1
5607,414,1
5608,421,1
5609,430,1
5610,422,1
5611,420,1
5612,423,1
5613,415,1
5614,418,1
5615,397,1
5616,434,1
5617,426,1
5618,413,1
5619,445,1
5620,423,1
5621,409,1
5622,432,1
5623,427,1
5624,426,1
5625,416,1
5626,427,1
5627,418,1
5628,428,1
5629,398,1
5630,416,1
5631,442,1
5632,412,1
5633,414,1
5634,416,1
5635,406,1
5636,394,1
5637,418,1
5638,422,1
5639,420,1
5640,419,1
5641,421,1
5642,433,1
5643,418,1
5644,413,1
5645,417,1
5646,427,1
5647,437,1
5648,413,1
5649,421,1
5650,424,1
5651,408,1
5652,420,1
5653,402,1
5654,398,1
5655,424,1
5656,415,1
5657,422,1
5658,419,1
5659,408,1
5660,419,1
5661,404,1
5662,436,1
5663,403,1
5664,417,1
5665,406,1
5666,426,1
5667,415,1
5668,413,1
5669,429,1
5670,419,1
5671,425,1
5672,407,1
5673,402,1
5674,420,1
5675,414,1
5676,426,1
5677,417,1
5678,421,1
5679,399,1
5680,441,1
5681,416,1
5682,426,1
5683,408,1
5684,421,1
5685,402,1
5686,423,1
5687,413,1
5688,418,1
5689,426,1
5690,403,1
5691,409,1
5692,423,1
5693,442,1
5694,415,1
5695,424,1
5696,416,1
5697,440,1
5698,396,1
5699,418,1
5700,427,1
5701,425,1
5702,420,1
5703,422,1
5704,460,1
5705,420,1
5706,429,1
5707,415,1
5708,427,1
5709,420,1
5710,418,1
5711,445,1
5712,437,1
5713,425,1
5714,395,1
5715,419,1
5716,456,1
5717,420,1
5718,436,1
5719,440,1
5720,426,1
5721,413,1
5722,394,1
5723,431,1
5724,413,1
5725,425,1
5726,408,1
5727,420,1
5728,423,1
5729,426,1
5730,410,1
5731,437,1
5732,416,1
5733,403,1
5734,422,1
5735,423,1
5736,425,1
5737,439,1
5738,420,1
5739,422,1
5740,410,1
5741,433,1
5742,425,1
5743,418,1
5744,400,1
5745,440,1
5746,408,1
5747,416,1
5748,427,1
5749,409,1
5750,405,1
5751,397,1
5752,432,1
5753,416,1
5754,458,1
5755,411,1
5756,412,1
5757,416,1
5758,426,1
5759,417,1
5760,430,1
5761,411,1
5762,406,1
5763,401,1
5764,396,1
5765,417,1
5766,419,1
5767,415,1
5768,438,1
5769,438,1
5770,419,1
5771,401,1
5772,416,1
5773,416,1
5774,415,1
5775,414,1
5776,415,1
5777,418,1
5778,415,1
5779,425,1
5780,427,1
5781,412,1
5782,438,1
5783,411,1
5784,403,1
5785,427,1
5786,413,1
5787,427,1
5788,394,1
5789,439,1
5790,431,1
5791,405,1
5792,405,1
5793,443,1
5794,414,1
5795,413,1
5796,395,1
5797,418,1
5798,420,1
5799,431,1
5800,425,1
5801,432,1
5802,401,1
5803,433,1
5804,420,1
5805,433,1
5806,419,1
5807,390,1
5808,418,1
5809,432,1
5810,409,1
5811,415,1
5812,418,1
5813,385,1
5814,440,1
5815,409,1
5816,426,1
5817,419,1
5818,435,1
5819,424,1
5820,417,1
5821,409,1
5822,429,1
5823,397,1
5824,427,1
5825,406,1
5826,434,1
5827,421,1
5828,427,1
5829,420,1
5830,398,1
5831,409,1
5832,427,1
5833,421,1
5834,433,1
5835,424,1
5836,407,1
5837,410,1
5838,420,1
5839,391,1
5840,439,1
5841,424,1
5842,434,1
5843,400,1
5844,434,1
5845,446,1
5846,403,1
5847,428,1
5848,419,1
5849,400,1
5850,425,1
5851,429,1
5852,412,1
5853,433,1
5854,399,1
5855,401,1
5856,420,1
5857,419,1
5858,410,1
5859,428,1
5860,425,1
5861,429,1
5862,417,1
5863,426,1
5864,413,1
5865,443,1
5866,409,1
5867,444,1
5868,419,1
5869,402,1
5870,435,1
5871,420,1
5872,428,1
5873,433,1
5874,422,1
5875,411,1
5876,430,1
5877,418,1
5878,426,1
5879,392,1
5880,423,1
5881,410,1
5882,438,1
5883,425,1
5884,421,1
5885,424,1
5886,406,1
5887,437,1
5888,442,1
5889,423,1
5890,437,1
5891,411,1
5892,408,1
5893,418,1
5894,423,1
5895,413,1
5896,424,1
5897,421,1
5898,406,1
5899,424,1
5900,442,1
5901,414,1
5902,434,1
5903,414,1
5904,415,1
5905,421,1
5906,417,1
5907,422,1
5908,426,1
5909,439,1
5910,425,1
5911,410,1
5912,443,1
5913,419,1
5914,429,1
5915,435,1
5916,432,1
5917,443,1
5918,435,1
5919,419,1
5920,456,1
5921,432,1
5922,428,1
5923,442,1
5924,433,1
5925,435,1
5926,460,1
5927,427,1
5928,427,1
5929,432,1
5930,443,1
5931,413,1
5932,407,1
5933,424,1
5934,411,1
5935,426,1
5936,437,1
5937,421,1
5938,414,1
5939,432,1
5940,442,1
5941,411,1
5942,441,1
5943,441,1
5944,443,1
5945,446,1
5946,458,1
5947,428,1
5948,433,1
5949,427,1
5950,432,1
5951,451,1
5952,416,1
5953,422,1
5954,449,1
5955,445,1
5956,428,1
5957,443,1
5958,437,1
5959,451,1
5960,434,1
5961,445,1
5962,465,1
5963,440,1
5964,434,1
5965,442,1
5966,429,1
5967,462,1
5968,436,1
5969,431,1
5970,424,1
5971,447,1
5972,444,1
5973,428,1
5974,441,1
5975,416,1
5976,437,1
5977,440,1
5978,455,1
5979,425,1
5980,419,1
5981,424,1
5982,419,1
5983,451,1
5984,454,1
5985,439,1
5986,450,1
5987,437,1
5988,434,1
5989,431,1
5990,432,1
5991,417,1
5992,439,1
5993,435,1
5994,445,1
5995,437,1
5996,434,1
5997,426,1
5998,437,1
5999,445,1
6000,429,1
6001,417,1
6002,419,1
6003,429,1
6004,412,1
6005,430,1
6006,415,1
6007,438,1
6008,454,1
6009,415,1
6010,432,1
6011,417,1
6012,438,1
6013,410,1
6014,431,1
6015,415,1
6016,422,1
6017,413,1
6018,435,1
6019,415,1
6020,431,1
6021,420,1
6022,423,1
6023,426,1
6024,415,1
6025,427,1
6026,443,1
6027,415,1
6028,438,1
6029,442,1
6030,414,1
6031,406,1
6032,427,1
6033,417,1
6034,446,1
6035,424,1
6036,414,1
6037,410,1
6038,436,1
6039,416,1
6040,424,1
6041,435,1
6042,417,1
6043,422,1
6044,423,1
6045,431,1
6046,430,1
6047,420,1
6048,423,1
6049,418,1
6050,405,1
6051,426,1
6052,445,1
6053,412,1
6054,413,1
6055,412,1
6056,431,1
6057,427,1
6058,420,1
6059,411,1
6060,423,1
6061,403,1
6062,423,1
6063,432,1
6064,406,1
6065,403,1
6066,440,1
6067,414,1
6068,435,1
6069,419,1
6070,419,1
6071,426,1
6072,410,1
6073,422,1
6074,416,1
6075,405,1
6076,425,1
6077,417,1
6078,419,1
6079,406,1
6080,439,1
6081,431,1
6082,432,1
6083,416,1
6084,399,1
6085,443,1
6086,419,1
6087,411,1
6088,425,1
6089,434,1
6090,419,1
6091,435,1
6092,432,1
6093,407,1
6094,411,1
6095,431,1
6096,387,1
6097,417,1
6098,402,1
6099,413,1
6100,404,1
6101,397,1
6102,438,1
6103,433,1
6104,396,1
6105,429,1
6106,405,1
6107,412,1
6108,409,1
6109,402,1
6110,422,1
6111,411,1
6112,404,1
6113,394,1
6114,399,1
6115,390,1
6116,410,1
6117,395,1
6118,406,1
6119,426,1
6120,424,1
6121,409,1
6122,408,1
6123,432,1
6124,415,1
6125,405,1
6126,392,1
6127,414,1
6128,419,1
6129,401,1
6130,412,1
6131,404,1
6132,406,1
6133,379,1
6134,406,1
6135,420,1
6136,401,1
6137,409,1
6138,399,1
6139,412,1
6140,405,1
6141,397,1
6142,424,1
6143,419,1
6144,401,1
6145,414,1
6146,414,1
6147,415,1
6148,387,1
6149,420,1
6150,401,1
6151,403,1
6152,439,1
6153,411,1
6154,403,1
6155,381,1
6156,424,1
6157,391,1
6158,395,1
6159,403,1
6160,424,1
6161,416,1
6162,405,1
6163,410,1
6164,399,1
6165,408,1
6166,407,1
6167,418,1
6168,418,1
6169,412,1
6170,402,1
6171,415,1
6172,405,1
6173,393,1
6174,401,1
6175,407,1
6176,417,1
6177,404,1
6178,391,1
6179,406,1
6180,407,1
6181,408,1
6182,417,1
6183,418,1
6184,398,1
6185,398,1
6186,393,1
6187,414,1
6188,423,1
6189,401,1
6190,402,1
6191,423,1
6192,411,1
6193,410,1
6194,390,1
6195,413,1
6196,393,1
6197,391,1
6198,400,1
6199,397,1
6200,425,1
6201,427,1
6202,390,1
6203,425,1
6204,404,1
6205,424,1
6206,413,1
6207,414,1
6208,411,1
6209,428,1
6210,398,1
6211,421,1
6212,426,1
6213,422,1
6214,441,1
6215,407,1
6216,425,1
6217,412,1
6218,428,1
6219,413,1
6220,409,1
6221,429,1
6222,407,1
6223,396,1
6224,407,1
6225,421,1
6226,430,1
6227,414,1
6228,429,1
6229,397,1
6230,408,1
6231,410,1
6232,412,1
6233,414,1
6234,421,1
6235,408,1
6236,415,1
6237,413,1
6238,402,1
6239,412,1
6240,411,1
6241,411,1
6242,413,1
6243,414,1
6244,408,1
6245,428,1
6246,399,1
6247,404,1
6248,446,1
6249,400,1
6250,397,1
6251,422,1
6252,388,1
6253,410,1
6254,439,1
6255,394,1
6256,389,1
6257,395,1
6258,424,1
6259,426,1
6260,407,1
6261,421,1
6262,430,1
6263,434,1
6264,410,1
6265,385,1
6266,403,1
6267,408,1
6268,410,1
6269,411,1
6270,426,1
6271,428,1
6272,411,1
6273,426,1
6274,417,1
6275,413,1
6276,424,1
6277,414,1
6278,437,1
6279,395,1
6280,406,1
6281,411,1
6282,418,1
6283,428,1
6284,412,1
6285,396,1
6286,423,1
6287,422,1
6288,389,1
6289,413,1
6290,393,1
6291,405,1
6292,402,1
6293,422,1
6294,414,1
6295,397,1
6296,423,1
6297,395,1
6298,416,1
6299,403,1
6300,412,1
6301,422,1
6302,422,1
6303,432,1
6304,415,1
6305,420,1
6306,410,1
6307,418,1
6308,421,1
6309,414,1
6310,394,1
6311,419,1
6312,420,1
6313,407,1
6314,400,1
6315,433,1
6316,421,1
6317,412,1
6318,401,1
6319,405,1
6320,430,1
6321,416,1
6322,408,1
6323,420,1
6324,404,1
6325,432,1
6326,430,1
6327,408,1
6328,406,1
6329,382,1
6330,396,1
6331,397,1
6332,415,1
6333,409,1
6334,397,1
6335,409,1
6336,419,1
6337,419,1
6338,390,1
6339,411,1
6340,396,1
6341,423,1
6342,422,1
6343,401,1
6344,403,1
6345,406,1
6346,385,1
6347,416,1
6348,408,1
6349,423,1
6350,398,1
6351,404,1
6352,393,1
6353,399,1
6354,397,1
6355,423,1
6356,402,1
6357,412,1
6358,406,1
6359,395,1
6360,408,1
6361,417,1
6362,396,1
6363,420,1
6364,400,1
6365,404,1
6366,416,1
6367,402,1
6368,410,1
6369,406,1
6370,411,1
6371,381,1
6372,387,1
6373,416,1
6374,421,1
6375,398,1
6376,406,1
6377,412,1
6378,417,1
6379,384,1
6380,398,1
6381,404,1
6382,417,1
6383,438,1
6384,405,1
6385,391,1
6386,413,1
6387,423,1
6388,409,1
6389,397,1
6390,419,1
6391,415,1
6392,395,1
6393,412,1
6394,419,1
6395,421,1
6396,406,1
6397,402,1
6398,421,1
6399,392,1
6400,426,1
6401,411,1
6402,429,1
6403,420,1
6404,399,1
6405,431,1
6406,432,1
6407,424,1
6408,405,1
6409,410,1
6410,416,1
6411,405,1
6412,434,1
6413,416,1
6414,381,1
6415,418,1
6416,410,1
6417,413,1
6418,410,1
6419,424,1
6420,427,1
6421,417,1
6422,410,1
6423,414,1
6424,414,1
6425,404,1
6426,421,1
6427,420,1
6428,433,1
6429,429,1
6430,406,1
6431,424,1
6432,403,1
6433,423,1
6434,408,1
6435,402,1
6436,418,1
6437,382,1
6438,393,1
6439,412,1
6440,415,1
6441,410,1
6442,395,1
6443,405,1
6444,419,1
6445,421,1
6446,414,1
6447,428,1
6448,419,1
6449,406,1
6450,411,1
6451,398,1
6452,413,1
6453,428,1
6454,423,1
6455,431,1
6456,411,1
6457,431,1
6458,412,1
6459,432,1
6460,414,1
6461,423,1
6462,432,1
6463,412,1
6464,417,1
6465,430,1
6466,413,1
6467,399,1
6468,441,1
6469,409,1
6470,417,1
6471,429,1
6472,408,1
6473,403,1
6474,418,1
6475,393,1
6476,412,1
6477,418,1
6478,412,1
6479,397,1
6480,434,1
6481,416,1
6482,432,1
6483,412,1
6484,405,1
6485,418,1
6486,413,1
6487,401,1
6488,433,1
6489,408,1
6490,393,1
6491,431,1
6492,409,1
6493,408,1
6494,394,1
6495,436,1
6496,400,1
6497,416,1
6498,426,1
6499,421,1
6500,406,1
6501,418,1
6502,406,1
6503,418,1
6504,423,1
6505,427,1
6506,401,1
6507,442,1
6508,425,1
6509,415,1
6510,428,1
6511,444,1
6512,398,1
6513,413,1
6514,387,1
6515,418,1
6516,420,1
6517,415,1
6518,407,1
6519,391,1
6520,420,1
6521,433,1
6522,408,1
6523,421,1
6524,396,1
6525,421,1
6526,411,1
6527,406,1
6528,406,1
6529,411,1
6530,420,1
6531,400,1
6532,410,1
6533,415,1
6534,402,1
6535,437,1
6536,405,1
6537,407,1
6538,404,1
6539,437,1
6540,422,1
6541,404,1
6542,429,1
6543,418,1
6544,418,1
6545,411,1
6546,406,1
6547,419,1
6548,409,1
6549,437,1
6550,400,1
6551,434,1
6552,414,1
6553,419,1
6554,425,1
6555,408,1
6556,426,1
6557,383,1
6558,407,1
6559,404,1
6560,400,1
6561,413,1
6562,420,1
6563,424,1
6564,418,1
6565,407,1
6566,420,1
6567,417,1
6568,426,1
6569,425,1
6570,416,1
6571,404,1
6572,407,1
6573,409,1
6574,411,1
6575,418,1
6576,424,1
6577,415,1
6578,415,1
6579,417,1
6580,409,1
6581,404,1
6582,394,1
6583,407,1
6584,421,1
6585,407,1
6586,412,1
6587,421,1
6588,421,1
6589,402,1
6590,427,1
6591,429,1
6592,402,1
6593,405,1
6594,429,1
6595,413,1
6596,389,1
6597,398,1
6598,412,1
6599,401,1
6600,444,1
6601,423,1
6602,439,1
6603,443,1
6604,443,1
6605,429,1
6606,402,1
6607,431,1
6608,438,1
6609,425,1
6610,446,1
6611,436,1
6612,432,1
6613,438,1
6614,429,1
6615,395,1
6616,419,1
6617,439,1
6618,415,1
6619,422,1
6620,412,1
6621,446,1
6622,445,1
6623,414,1
6624,426,1
6625,416,1
6626,431,1
6627,430,1
6628,434,1
6629,428,1
6630,459,1
6631,411,1
6632,403,1
6633,419,1
6634,404,1
6635,405,1
6636,411,1
6637,412,1
6638,411,1
6639,429,1
6640,417,1
6641,420,1
6642,433,1
6643,413,1
6644,419,1
6645,427,1
6646,399,1
6647,393,1
6648,426,1
6649,428,1
6650,446,1
6651,424,1
6652,431,1
6653,419,1
6654,425,1
6655,441,1
6656,396,1
6657,426,1
6658,447,1
6659,424,1
6660,441,1
6661,413,1
6662,420,1
6663,421,1
6664,394,1
6665,406,1
6666,407,1
6667,430,1
6668,430,1
6669,424,1
6670,430,1
6671,418,1
6672,434,1
6673,420,1
6674,420,1
6675,416,1
6676,427,1
6677,414,1
6678,431,1
6679,405,1
6680,406,1
6681,427,1
6682,418,1
6683,413,1
6684,429,1
6685,411,1
6686,416,1
6687,435,1
6688,437,1
6689,437,1
6690,415,1
6691,433,1
6692,406,1
6693,407,1
6694,389,1
6695,437,1
6696,407,1
6697,416,1
6698,406,1
6699,425,1
6700,418,1
6701,396,1
6702,403,1
6703,388,1
6704,396,1
6705,415,1
6706,389,1
6707,395,1
6708,413,1
6709,406,1
6710,437,1
6711,435,1
6712,402,1
6713,419,1
6714,422,1
6715,405,1
6716,395,1
6717,412,1
6718,410,1
6719,407,1
6720,418,1
6721,404,1
6722,399,1
6723,414,1
6724,417,1
6725,398,1
6726,424,1
6727,391,1
6728,405,1
6729,409,1
6730,405,1
6731,406,1
6732,435,1
6733,402,1
6734,442,1
6735,418,1
6736,413,1
6737,418,1
6738,443,1
6739,400,1
6740,399,1
6741,403,1
6742,413,1
6743,391,1
6744,412,1
6745,432,1
6746,414,1
6747,409,1
6748,405,1
6749,423,1
6750,402,1
6751,434,1
6752,435,1
6753,415,1
6754,412,1
6755,424,1
6756,425,1
6757,402,1
6758,406,1
6759,396,1
6760,417,1
6761,420,1
6762,396,1
6763,406,1
6764,396,1
6765,401,1
6766,418,1
6767,403,1
6768,408,1
6769,392,1
6770,414,1
6771,411,1
6772,403,1
6773,409,1
6774,414,1
6775,402,1
6776,394,1
6777,433,1
6778,404,1
6779,410,1
6780,424,1
6781,454,1
6782,397,1
6783,417,1
6784,403,1
6785,405,1
6786,403,1
6787,398,1
6788,411,1
6789,394,1
6790,423,1
6791,412,1
6792,416,1
6793,406,1
6794,407,1
6795,415,1
6796,397,1
6797,407,1
6798,401,1
6799,400,1
6800,419,1
6801,441,1
6802,440,1
6803,412,1
6804,414,1
6805,458,1
6806,448,1
6807,427,1
6808,430,1
6809,420,1
6810,432,1
6811,418,1
6812,403,1
6813,411,1
6814,427,1
6815,413,1
6816,426,1
6817,414,1
6818,418,1
6819,437,1
6820,430,1
6821,427,1
6822,437,1
6823,433,1
6824,444,1
6825,421,1
6826,422,1
6827,411,1
6828,422,1
6829,438,1
6830,442,1
6831,438,1
6832,405,1
6833,440,1
6834,405,1
6835,437,1
6836,422,1
6837,435,1
6838,411,1
6839,441,1
6840,409,1
6841,419,1
6842,415,1
6843,405,1
6844,428,1
6845,448,1
6846,458,1
6847,428,1
6848,440,1
6849,429,1
6850,432,1
6851,422,1
6852,429,1
6853,433,1
6854,419,1
6855,425,1
6856,426,1
6857,436,1
6858,413,1
6859,426,1
6860,449,1
6861,440,1
6862,442,1
6863,426,1
6864,430,1
6865,438,1
6866,445,1
6867,403,1
6868,410,1
6869,442,1
6870,423,1
6871,418,1
6872,411,1
6873,419,1
6874,409,1
6875,451,1
6876,426,1
6877,425,1
6878,433,1
6879,437,1
6880,437,1
6881,439,1
6882,418,1
6883,422,1
6884,435,1
6885,419,1
6886,426,1
6887,430,1
6888,435,1
6889,404,1
6890,434,1
6891,423,1
6892,434,1
6893,435,1
6894,445,1
6895,442,1
6896,442,1
6897,443,1
6898,429,1
6899,426,1
6900,431,1
6901,439,1
6902,434,1
6903,424,1
6904,450,1
6905,435,1
6906,459,1
6907,415,1
6908,428,1
6909,435,1
6910,448,1
6911,440,1
6912,439,1
6913,421,1
6914,421,1
6915,439,1
6916,419,1
6917,429,1
6918,441,1
6919,424,1
6920,455,1
6921,450,1
6922,417,1
6923,424,1
6924,408,1
6925,426,1
6926,445,1
6927,431,1
6928,441,1
6929,418,1
6930,446,1
6931,429,1
6932,436,1
6933,435,1
6934,421,1
6935,422,1
6936,448,1
6937,441,1
6938,449,1
6939,440,1
6940,438,1
6941,416,1
6942,433,1
6943,436,1
6944,460,1
6945,445,1
6946,455,1
6947,444,1
6948,428,1
6949,438,1
6950,440,1
6951,426,1
6952,433,1
6953,435,1
6954,457,1
6955,412,1
6956,452,1
6957,426,1
6958,421,1
6959,452,1
6960,446,1
6961,453,1
6962,447,1
6963,462,1
6964,445,1
6965,436,1
6966,442,1
6967,453,1
6968,429,1
6969,430,1
6970,434,1
6971,413,1
6972,440,1
6973,416,1
6974,439,1
6975,449,1
6976,433,1
6977,459,1
6978,421,1
6979,453,1
6980,447,1
6981,418,1
6982,471,1
6983,438,1
6984,428,1
6985,422,1
6986,436,1
6987,438,1
6988,440,1
6989,436,1
6990,447,1
6991,435,1
6992,416,1
6993,438,1
6994,411,1
6995,444,1
6996,428,1
6997,442,1
6998,455,1
6999,428,1
7000,441,1
7001,415,1
7002,410,1
7003,428,1
7004,415,1
7005,410,1
7006,414,1
7007,419,1
7008,436,1
7009,397,1
7010,420,1
7011,428,1
7012,423,1
7013,436,1
7014,420,1
7015,418,1
7016,428,1
7017,422,1
7018,416,1
7019,427,1
7020,413,1
7021,414,1
7022,415,1
7023,437,1
7024,383,1
7025,426,1
7026,422,1
7027,401,1
7028,425,1
7029,427,1
7030,429,1
7031,390,1
7032,438,1
7033,413,1
7034,430,1
7035,431,1
7036,411,1
7037,430,1
7038,417,1
7039,397,1
7040,436,1
7041,413,1
7042,412,1
7043,418,1
7044,426,1
7045,422,1
7046,429,1
7047,407,1
7048,414,1
7049,421,1
7050,446,1
7051,422,1
7052,436,1
7053,424,1
7054,417,1
7055,420,1
7056,421,1
7057,431,1
7058,440,1
7059,428,1
7060,438,1
7061,412,1
7062,419,1
7063,415,1
7064,428,1
7065,420,1
7066,433,1
7067,413,1
7068,425,1
7069,432,1
7070,399,1
7071,450,1
7072,421,1
7073,400,1
7074,426,1
7075,425,1
7076,424,1
7077,437,1
7078,434,1
7079,428,1
7080,430,1
7081,424,1
7082,446,1
7083,407,1
7084,427,1
7085,426,1
7086,435,1
7087,415,1
7088,404,1
7089,427,1
7090,429,1
7091,443,1
7092,410,1
7093,440,1
7094,454,1
7095,421,1
7096,410,1
7097,421,1
7098,426,1
7099,433,1
7100,421,1
7101,413,1
7102,448,1
7103,407,1
7104,432,1
7105,472,1
7106,434,1
7107,421,1
7108,434,1
7109,434,1
7110,436,1
7111,442,1
7112,422,1
7113,454,1
7114,437,1
7115,443,1
7116,427,1
7117,449,1
7118,431,1
7119,437,1
7120,423,1
7121,422,1
7122,442,1
7123,429,1
7124,424,1
7125,426,1
7126,442,1
7127,426,1
7128,432,1
7129,434,1
7130,411,1
7131,416,1
7132,438,1
7133,425,1
7134,446,1
7135,445,1
7136,442,1
7137,456,1
7138,433,1
7139,441,1
7140,427,1
7141,463,1
7142,457,1
7143,434,1
7144,438,1
7145,450,1
7146,432,1
7147,426,1
7148,444,1
7149,434,1
7150,436,1
7151,423,1
7152,413,1
7153,436,1
7154,444,1
7155,431,1
7156,451,1
7157,425,1
7158,421,1
7159,433,1
7160,432,1
7161,443,1
7162,424,1
7163,450,1
7164,457,1
7165,433,1
7166,448,1
7167,420,1
7168,446,1
7169,446,1
7170,443,1
7171,433,1
7172,398,1
7173,425,1
7174,426,1
7175,421,1
7176,434,1
7177,428,1
7178,423,1
7179,420,1
7180,424,1
7181,446,1
7182,425,1
7183,427,1
7184,427,1
7185,437,1
7186,438,1
7187,396,1
7188,445,1
7189,450,1
7190,420,1
7191,421,1
7192,427,1
7193,424,1
7194,435,1
7195,409,1
7196,419,1
7197,451,1
7198,421,1
7199,448,1
7200,424,1
7201,415,1
7202,411,1
7203,420,1
7204,422,1
7205,425,1
7206,431,1
7207,422,1
7208,400,1
7209,411,1
7210,452,1
7211,425,1
7212,445,1
7213,433,1
7214,420,1
7215,420,1
7216,416,1
7217,396,1
7218,417,1
7219,431,1
7220,410,1
7221,422,1
7222,427,1
7223,406,1
7224,411,1
7225,405,1
7226,407,1
7227,401,1
7228,406,1
7229,434,1
7230,406,1
7231,418,1
7232,411,1
7233,431,1
7234,433,1
7235,427,1
7236,421,1
7237,414,1
7238,403,1
7239,440,1
7240,408,1
7241,425,1
7242,430,1
7243,410,1
7244,429,1
7245,426,1
7246,438,1
7247,411,1
7248,402,1
7249,411,1
7250,420,1
7251,418,1
7252,412,1
7253,394,1
7254,423,1
7255,441,1
7256,423,1
7257,424,1
7258,424,1
7259,422,1
7260,428,1
7261,422,1
7262,413,1
7263,408,1
7264,414,1
7265,421,1
7266,413,1
7267,421,1
7268,422,1
7269,427,1
7270,433,1
7271,418,1
7272,402,1
7273,413,1
7274,418,1
7275,395,1
7276,434,1
7277,419,1
7278,422,1
7279,434,1
7280,410,1
7281,424,1
7282,416,1
7283,415,1
7284,408,1
7285,437,1
7286,413,1
7287,426,1
7288,395,1
7289,432,1
7290,430,1
7291,419,1
7292,415,1
7293,422,1
7294,445,1
7295,396,1
7296,427,1
7297,406,1
7298,417,1
7299,414,1
7300,411,1
7301,437,1
7302,403,1
7303,431,1
7304,420,1
7305,410,1
7306,426,1
7307,405,1
7308,424,1
7309,407,1
7310,429,1
7311,412,1
7312,418,1
7313,427,1
7314,414,1
7315,422,1
7316,405,1
7317,430,1
7318,444,1
7319,456,1
7320,424,1
7321,432,1
7322,401,1
7323,440,1
7324,432,1
7325,416,1
7326,437,1
7327,419,1
7328,416,1
7329,427,1
7330,409,1
7331,434,1
7332,409,1
7333,409,1
7334,410,1
7335,430,1
7336,414,1
7337,405,1
7338,414,1
7339,420,1
7340,407,1
7341,407,1
7342,446,1
7343,410,1
7344,416,1
7345,416,1
7346,415,1
7347,428,1
7348,431,1
7349,416,1
7350,405,1
7351,435,1
7352,418,1
7353,440,1
7354,392,1
7355,422,1
7356,442,1
7357,415,1
7358,416,1
7359,422,1
7360,412,1
7361,415,1
7362,415,1
7363,411,1
7364,433,1
7365,424,1
7366,421,1
7367,428,1
7368,415,1
7369,409,1
7370,411,1
7371,418,1
7372,405,1
7373,412,1
7374,411,1
7375,443,1
7376,384,1
7377,415,1
7378,438,1
7379,418,1
7380,426,1
7381,418,1
7382,409,1
7383,390,1
7384,419,1
7385,407,1
7386,407,1
7387,410,1
7388,437,1
7389,445,1
7390,419,1
7391,410,1
7392,402,1
7393,421,1
7394,437,1
7395,412,1
7396,387,1
7397,423,1
7398,427,1
7399,396,1
7400,442,1
7401,433,1
7402,455,1
7403,438,1
7404,425,1
7405,418,1
7406,458,1
7407,450,1
7408,444,1
7409,438,1
7410,437,1
7411,430,1
7412,438,1
7413,418,1
7414,434,1
7415,439,1
7416,450,1
7417,443,1
7418,453,1
7419,459,1
7420,456,1
7421,449,1
7422,443,1
7423,432,1
7424,452,1
7425,464,1
7426,448,1
7427,466,1
7428,425,1
7429,430,1
7430,454,1
7431,447,1
7432,459,1
7433,444,1
7434,433,1
7435,441,1
7436,425,1
7437,430,1
7438,456,1
7439,454,1
7440,448,1
7441,423,1
7442,440,1
7443,429,1
7444,458,1
7445,437,1
7446,431,1
7447,445,1
7448,437,1
7449,462,1
7450,435,1
7451,428,1
7452,419,1
7453,444,1
7454,438,1
7455,427,1
7456,459,1
7457,453,1
7458,444,1
7459,461,1
7460,453,1
7461,435,1
7462,432,1
7463,455,1
7464,450,1
7465,447,1
7466,435,1
7467,452,1
7468,436,1
7469,444,1
7470,462,1
7471,437,1
7472,426,1
7473,432,1
7474,457,1
7475,448,1
7476,444,1
7477,439,1
7478,451,1
7479,435,1
7480,449,1
7481,437,1
7482,435,1
7483,438,1
7484,441,1
7485,445,1
7486,448,1
7487,401,1
7488,436,1
7489,441,1
7490,464,1
7491,433,1
7492,448,1
7493,464,1
7494,430,1
7495,451,1
7496,436,1
7497,440,1
7498,436,1
7499,437,1
7500,439,1
7501,432,1
7502,407,1
7503,431,1
7504,439,1
7505,416,1
7506,437,1
7507,434,1
7508,448,1
7509,421,1
7510,413,1
7511,422,1
7512,443,1
7513,404,1
7514,401,1
7515,427,1
7516,421,1
7517,426,1
7518,437,1
7519,419,1
7520,404,1
7521,451,1
7522,414,1
7523,413,1
7524,439,1
7525,421,1
7526,425,1
7527,432,1
7528,439,1
7529,422,1
7530,444,1
7531,401,1
7532,435,1
7533,416,1
7534,443,1
7535,428,1
7536,418,1
7537,434,1
7538,437,1
7539,434,1
7540,414,1
7541,420,1
7542,426,1
7543,426,1
7544,435,1
7545,402,1
7546,430,1
7547,423,1
7548,416,1
7549,417,1
7550,424,1
7551,383,1
7552,418,1
7553,416,1
7554,433,1
7555,417,1
7556,424,1
7557,445,1
7558,438,1
7559,437,1
7560,421,1
7561,433,1
7562,424,1
7563,424,1
7564,431,1
7565,419,1
7566,445,1
7567,425,1
7568,434,1
7569,444,1
7570,439,1
7571,410,1
7572,432,1
7573,437,1
7574,437,1
7575,413,1
7576,419,1
7577,439,1
7578,418,1
7579,423,1
7580,446,1
7581,426,1
7582,418,1
7583,416,1
7584,431,1
7585,411,1
7586,424,1
7587,431,1
7588,442,1
7589,435,1
7590,418,1
7591,441,1
7592,423,1
7593,412,1
7594,425,1
7595,444,1
7596,429,1
7597,427,1
7598,447,1
7599,410,1
7600,424,1
7601,422,1
7602,438,1
7603,422,1
7604,415,1
7605,420,1
7606,421,1
7607,399,1
7608,452,1
7609,426,1
7610,422,1
7611,427,1
7612,428,1
7613,418,1
7614,412,1
7615,426,1
7616,424,1
7617,410,1
7618,436,1
7619,423,1
7620,428,1
7621,436,1
7622,419,1
7623,423,1
7624,429,1
7625,410,1
7626,420,1
7627,421,1
7628,408,1
7629,447,1
7630,402,1
7631,403,1
7632,435,1
7633,427,1
7634,407,1
7635,426,1
7636,436,1
7637,418,1
7638,450,1
7639,398,1
7640,427,1
7641,433,1
7642,429,1
7643,416,1
7644,415,1
7645,424,1
7646,428,1
7647,426,1
7648,431,1
7649,406,1
7650,416,1
7651,407,1
7652,414,1
7653,431,1
7654,420,1
7655,450,1
7656,421,1
7657,419,1
7658,420,1
7659,411,1
7660,418,1
7661,432,1
7662,420,1
7663,409,1
7664,407,1
7665,413,1
7666,419,1
7667,432,1
7668,402,1
7669,414,1
7670,420,1
7671,396,1
7672,408,1
7673,410,1
7674,408,1
7675,420,1
7676,416,1
7677,411,1
7678,423,1
7679,439,1
7680,438,1
7681,395,1
7682,425,1
7683,416,1
7684,420,1
7685,413,1
7686,419,1
7687,420,1
7688,411,1
7689,407,1
7690,412,1
7691,420,1
7692,425,1
7693,428,1
7694,412,1
7695,421,1
7696,429,1
7697,432,1
7698,417,1
7699,415,1
7700,409,1
7701,420,1
7702,419,1
7703,408,1
7704,414,1
7705,401,1
7706,419,1
7707,410,1
7708,408,1
7709,407,1
7710,410,1
7711,406,1
7712,419,1
7713,406,1
7714,430,1
7715,429,1
7716,400,1
7717,412,1
7718,403,1
7719,407,1
7720,435,1
7721,408,1
7722,416,1
7723,418,1
7724,399,1
7725,401,1
7726,397,1
7727,401,1
7728,377,1
7729,418,1
7730,436,1
7731,413,1
7732,394,1
7733,404,1
7734,406,1
7735,399,1
7736,422,1
7737,421,1
7738,398,1
7739,420,1
7740,430,1
7741,434,1
7742,446,1
7743,401,1
7744,445,1
7745,407,1
7746,404,1
7747,415,1
7748,405,1
7749,416,1
7750,396,1
7751,409,1
7752,427,1
7753,411,1
7754,413,1
7755,417,1
7756,426,1
7757,392,1
7758,419,1
7759,408,1
7760,414,1
7761,424,1
7762,397,1
7763,400,1
7764,388,1
7765,405,1
7766,428,1
7767,410,1
7768,396,1
7769,406,1
7770,394,1
7771,398,1
7772,416,1
7773,398,1
7774,425,1
7775,411,1
7776,413,1
7777,409,1
7778,421,1
7779,421,1
7780,416,1
7781,419,1
7782,409,1
7783,418,1
7784,408,1
7785,412,1
7786,409,1
7787,406,1
7788,404,1
7789,418,1
7790,428,1
7791,426,1
7792,397,1
7793,428,1
7794,408,1
7795,419,1
7796,401,1
7797,414,1
7798,416,1
7799,394,1
7800,433,1
7801,452,1
7802,433,1
7803,446,1
7804,409,1
7805,465,1
7806,454,1
7807,432,1
7808,412,1
7809,439,1
7810,418,1
7811,441,1
7812,441,1
7813,425,1
7814,449,1
7815,446,1
7816,448,1
7817,436,1
7818,419,1
7819,448,1
7820,433,1
7821,419,1
7822,452,1
7823,461,1
7824,436,1
7825,462,1
7826,437,1
7827,432,1
7828,429,1
7829,456,1
7830,427,1
7831,445,1
7832,430,1
7833,431,1
7834,449,1
7835,432,1
7836,432,1
7837,450,1
7838,456,1
7839,444,1
7840,429,1
7841,430,1
7842,438,1
7843,440,1
7844,425,1
7845,445,1
7846,438,1
7847,416,1
7848,426,1
7849,431,1
7850,436,1
7851,459,1
7852,440,1
7853,427,1
7854,440,1
7855,433,1
7856,441,1
7857,444,1
7858,451,1
7859,437,1
7860,457,1
7861,448,1
7862,429,1
7863,464,1
7864,441,1
7865,427,1
7866,457,1
7867,462,1
7868,437,1
7869,431,1
7870,435,1
7871,446,1
7872,453,1
7873,444,1
7874,439,1
7875,455,1
7876,434,1
7877,450,1
7878,434,1
7879,443,1
7880,436,1
7881,437,1
7882,433,1
7883,454,1
7884,429,1
7885,429,1
7886,463,1
7887,449,1
7888,409,1
7889,431,1
7890,416,1
7891,426,1
7892,400,1
7893,436,1
7894,424,1
7895,439,1
7896,418,1
7897,439,1
7898,433,1
7899,456,1
7900,426,1
7901,454,1
7902,412,1
7903,413,1
7904,429,1
7905,457,1
7906,428,1
7907,428,1
7908,413,1
7909,442,1
7910,442,1
7911,440,1
7912,423,1
7913,422,1
7914,415,1
7915,432,1
7916,418,1
7917,417,1
7918,426,1
7919,425,1
7920,425,1
7921,437,1
7922,432,1
7923,428,1
7924,433,1
7925,419,1
7926,433,1
7927,433,1
7928,413,1
7929,443,1
7930,421,1
7931,433,1
7932,445,1
7933,443,1
7934,432,1
7935,427,1
7936,443,1
7937,440,1
7938,424,1
7939,422,1
7940,407,1
7941,434,1
7942,431,1
7943,446,1
7944,436,1
7945,448,1
7946,424,1
7947,446,1
7948,426,1
7949,442,1
7950,415,1
7951,435,1
7952,409,1
7953,429,1
7954,438,1
7955,426,1
7956,420,1
7957,443,1
7958,431,1
7959,427,1
7960,433,1
7961,464,1
7962,447,1
7963,447,1
7964,438,1
7965,435,1
7966,404,1
7967,425,1
7968,427,1
7969,411,1
7970,419,1
7971,410,1
7972,433,1
7973,443,1
7974,447,1
7975,438,1
7976,422,1
7977,410,1
7978,413,1
7979,418,1
7980,423,1
7981,432,1
7982,422,1
7983,438,1
7984,431,1
7985,434,1
7986,448,1
7987,420,1
7988,439,1
7989,434,1
7990,430,1
7991,445,1
7992,445,1
7993,423,1
7994,432,1
7995,438,1
7996,431,1
7997,442,1
7998,438,1
7999,457,1
8000,413,1
8001,431,1
8002,405,1
8003,428,1
8004,416,1
8005,415,1
8006,406,1
8007,418,1
8008,437,1
8009,423,1
8010,431,1
8011,443,1
8012,427,1
8013,417,1
8014,429,1
8015,417,1
8016,417,1
8017,405,1
8018,434,1
8019,418,1
8020,425,1
8021,411,1
8022,428,1
8023,414,1
8024,421,1
8025,433,1
8026,432,1
8027,422,1
8028,401,1
8029,458,1
8030,443,1
8031,431,1
8032,413,1
8033,421,1
8034,416,1
8035,437,1
8036,425,1
8037,413,1
8038,416,1
8039,435,1
8040,441,1
8041,440,1
8042,431,1
8043,419,1
8044,383,1
8045,425,1
8046,422,1
8047,423,1
8048,422,1
8049,405,1
8050,428,1
8051,429,1
8052,429,1
8053,433,1
8054,428,1
8055,416,1
8056,420,1
8057,422,1
8058,422,1
8059,433,1
8060,429,1
8061,446,1
8062,447,1
8063,422,1
8064,375,1
8065,435,1
8066,414,1
8067,411,1
8068,416,1
8069,415,1
8070,428,1
8071,401,1
8072,407,1
8073,424,1
8074,427,1
8075,428,1
8076,410,1
8077,408,1
8078,414,1
8079,423,1
8080,438,1
8081,395,1
8082,417,1
8083,404,1
8084,400,1
8085,431,1
8086,426,1
8087,425,1
8088,430,1
8089,413,1
8090,414,1
8091,445,1
8092,416,1
8093,428,1
8094,419,1
8095,397,1
8096,394,1
8097,412,1
8098,431,1
8099,428,1
8100,450,1
8101,427,1
8102,459,1
8103,428,1
8104,442,1
8105,439,1
8106,438,1
8107,456,1
8108,431,1
8109,424,1
8110,440,1
8111,435,1
8112,481,1
8113,448,1
8114,436,1
8115,428,1
8116,418,1
8117,428,1
8118,442,1
8119,458,1
8120,454,1
8121,444,1
8122,437,1
8123,445,1
8124,435,1
8125,462,1
8126,439,1
8127,441,1
8128,415,1
8129,440,1
8130,452,1
8131,429,1
8132,433,1
8133,452,1
8134,425,1
8135,455,1
8136,436,1
8137,438,1
8138,429,1
8139,447,1
8140,472,1
8141,452,1
8142,433,1
8143,457,1
8144,439,1
8145,460,1
8146,453,1
8147,408,1
8148,432,1
8149,455,1
8150,446,1
8151,432,1
8152,436,1
8153,421,1
8154,443,1
8155,471,1
8156,454,1
8157,471,1
8158,455,1
8159,457,1
8160,468,1
8161,449,1
8162,443,1
8163,457,1
8164,463,1
8165,440,1
8166,437,1
8167,447,1
8168,456,1
8169,455,1
8170,429,1
8171,469,1
8172,438,1
8173,443,1
8174,435,1
8175,479,1
8176,449,1
8177,436,1
8178,457,1
8179,456,1
8180,444,1
8181,457,1
8182,437,1
8183,441,1
8184,423,1
8185,431,1
8186,469,1
8187,467,1
8188,448,1
8189,467,1
8190,446,1
8191,445,1
8192,448,1
8193,446,1
8194,445,1
8195,462,1
8196,450,1
8197,457,1
8198,461,1
8199,453,1
8200,419,1
8201,415,1
8202,418,1
8203,417,1
8204,448,1
8205,401,1
8206,393,1
8207,421,1
8208,412,1
8209,420,1
8210,424,1
8211,432,1
8212,398,1
8213,410,1
8214,422,1
8215,426,1
8216,443,1
8217,428,1
8218,416,1
8219,406,1
8220,410,1
8221,409,1
8222,424,1
8223,419,1
8224,400,1
8225,411,1
8226,427,1
8227,420,1
8228,423,1
8229,421,1
8230,436,1
8231,419,1
8232,411,1
8233,405,1
8234,419,1
8235,387,1
8236,414,1
8237,413,1
8238,399,1
8239,405,1
8240,425,1
8241,418,1
8242,417,1
8243,419,1
8244,417,1
8245,430,1
8246,417,1
8247,398,1
8248,435,1
8249,420,1
8250,408,1
8251,400,1
8252,420,1
8253,414,1
8254,434,1
8255,411,1
8256,405,1
8257,426,1
8258,426,1
8259,417,1
8260,423,1
8261,415,1
8262,418,1
8263,429,1
8264,423,1
8265,413,1
8266,431,1
8267,387,1
8268,440,1
8269,394,1
8270,407,1
8271,414,1
8272,413,1
8273,427,1
8274,402,1
8275,418,1
8276,408,1
8277,418,1
8278,414,1
8279,416,1
8280,408,1
8281,408,1
8282,418,1
8283,426,1
8284,407,1
8285,404,1
8286,422,1
8287,414,1
8288,424,1
8289,403,1
8290,393,1
8291,408,1
8292,405,1
8293,413,1
8294,406,1
8295,423,1
8296,411,1
8297,416,1
8298,416,1
8299,416,1
8300,434,1
8301,461,1
8302,441,1
8303,428,1
8304,446,1
8305,433,1
8306,452,1
8307,470,1
8308,434,1
8309,448,1
8310,423,1
8311,449,1
8312,433,1
8313,436,1
8314,430,1
8315,452,1
8316,456,1
8317,444,1
8318,433,1
8319,463,1
8320,435,1
8321,418,1
8322,449,1
8323,430,1
8324,455,1
8325,439,1
8326,451,1
8327,460,1
8328,429,1
8329,437,1
8330,443,1
8331,462,1
8332,436,1
8333,436,1
8334,449,1
8335,437,1
8336,445,1
8337,425,1
8338,470,1
8339,427,1
8340,440,1
8341,443,1
8342,466,1
8343,428,1
8344,467,1
8345,453,1
8346,449,1
8347,432,1
8348,450,1
8349,435,1
8350,459,1
8351,432,1
8352,442,1
8353,437,1
8354,432,1
8355,452,1
8356,450,1
8357,458,1
8358,422,1
8359,456,1
8360,474,1
8361,438,1
8362,466,1
8363,440,1
8364,427,1
8365,440,1
8366,456,1
8367,433,1
8368,436,1
8369,451,1
8370,443,1
8371,450,1
8372,446,1
8373,449,1
8374,438,1
8375,446,1
8376,432,1
8377,459,1
8378,436,1
8379,457,1
8380,441,1
8381,446,1
8382,437,1
8383,431,1
8384,422,1
8385,431,1
8386,439,1
8387,446,1
8388,455,1
8389,438,1
8390,433,1
8391,426,1
8392,449,1
8393,460,1
8394,458,1
8395,452,1
8396,451,1
8397,464,1
8398,447,1
8399,451,1
8400,405,1
8401,413,1
8402,414,1
8403,436,1
8404,414,1
8405,427,1
8406,408,1
8407,409,1
8408,397,1
8409,404,1
8410,419,1
8411,413,1
8412,424,1
8413,415,1
8414,409,1
8415,439,1
8416,412,1
8417,427,1
8418,408,1
8419,421,1
8420,424,1
8421,415,1
8422,385,1
8423,413,1
8424,427,1
8425,419,1
8426,418,1
8427,392,1
8428,404,1
8429,418,1
8430,418,1
8431,427,1
8432,411,1
8433,417,1
8434,413,1
8435,401,1
8436,385,1
8437,418,1
8438,415,1
8439,405,1
8440,393,1
8441,420,1
8442,409,1
8443,419,1
8444,435,1
8445,387,1
8446,404,1
8447,410,1
8448,430,1
8449,393,1
8450,436,1
8451,414,1
8452,411,1
8453,410,1
8454,407,1
8455,425,1
8456,399,1
8457,416,1
8458,408,1
8459,403,1
8460,443,1
8461,417,1
8462,420,1
8463,426,1
8464,395,1
8465,433,1
8466,382,1
8467,403,1
8468,407,1
8469,419,1
8470,415,1
8471,410,1
8472,412,1
8473,400,1
8474,394,1
8475,421,1
8476,420,1
8477,431,1
8478,402,1
8479,420,1
8480,409,1
8481,426,1
8482,424,1
8483,414,1
8484,408,1
8485,423,1
8486,420,1
8487,404,1
8488,396,1
8489,408,1
8490,430,1
8491,426,1
8492,398,1
8493,398,1
8494,427,1
8495,398,1
8496,418,1
8497,404,1
8498,431,1
8499,402,1
8500,430,1
8501,404,1
8502,401,1
8503,425,1
8504,431,1
8505,414,1
8506,415,1
8507,435,1
8508,435,1
8509,426,1
8510,437,1
8511,414,1
8512,424,1
8513,448,1
8514,429,1
8515,430,1
8516,456,1
8517,412,1
8518,438,1
8519,449,1
8520,425,1
8521,439,1
8522,417,1
8523,421,1
8524,434,1
8525,439,1
8526,443,1
8527,448,1
8528,428,1
8529,444,1
8530,425,1
8531,440,1
8532,432,1
8533,435,1
8534,435,1
8535,410,1
8536,416,1
8537,431,1
8538,410,1
8539,440,1
8540,441,1
8541,434,1
8542,417,1
8543,447,1
8544,455,1
8545,432,1
8546,437,1
8547,433,1
8548,437,1
8549,429,1
8550,430,1
8551,442,1
8552,459,1
8553,414,1
8554,430,1
8555,417,1
8556,450,1
8557,424,1
8558,414,1
8559,439,1
8560,452,1
8561,440,1
8562,434,1
8563,437,1
8564,449,1
8565,421,1
8566,431,1
8567,427,1
8568,418,1
8569,428,1
8570,446,1
8571,439,1
8572,440,1
8573,434,1
8574,439,1
8575,423,1
8576,429,1
8577,435,1
8578,436,1
8579,437,1
8580,431,1
8581,428,1
8582,471,1
8583,444,1
8584,438,1
8585,430,1
8586,428,1
8587,432,1
8588,437,1
8589,411,1
8590,415,1
8591,426,1
8592,436,1
8593,431,1
8594,452,1
8595,416,1
8596,425,1
8597,452,1
8598,436,1
8599,445,1
8600,422,1
8601,420,1
8602,400,1
8603,419,1
8604,434,1
8605,430,1
8606,431,1
8607,419,1
8608,415,1
8609,439,1
8610,417,1
8611,427,1
8612,425,1
8613,441,1
8614,435,1
8615,408,1
8616,409,1
8617,430,1
8618,423,1
8619,418,1
8620,436,1
8621,426,1
8622,424,1
8623,433,1
8624,419,1
8625,443,1
8626,414,1
8627,432,1
8628,441,1
8629,407,1
8630,420,1
8631,438,1
8632,438,1
8633,422,1
8634,415,1
8635,436,1
8636,438,1
8637,410,1
8638,410,1
8639,427,1
8640,432,1
8641,421,1
8642,432,1
8643,416,1
8644,399,1
8645,419,1
8646,425,1
8647,421,1
8648,411,1
8649,403,1
8650,418,1
8651,435,1
8652,440,1
8653,439,1
8654,415,1
8655,411,1
8656,431,1
8657,432,1
8658,430,1
8659,401,1
8660,414,1
8661,424,1
8662,431,1
8663,434,1
8664,427,1
8665,429,1
8666,426,1
8667,433,1
8668,429,1
8669,426,1
8670,422,1
8671,426,1
8672,431,1
8673,428,1
8674,430,1
8675,441,1
8676,428,1
8677,417,1
8678,436,1
8679,409,1
8680,412,1
8681,429,1
8682,432,1
8683,411,1
8684,421,1
8685,418,1
8686,420,1
8687,437,1
8688,434,1
8689,425,1
8690,419,1
8691,409,1
8692,443,1
8693,433,1
8694,417,1
8695,434,1
8696,425,1
8697,422,1
8698,431,1
8699,417,1
8700,425,1
8701,439,1
8702,454,1
8703,422,1
8704,411,1
8705,407,1
8706,429,1
8707,423,1
8708,433,1
8709,432,1
8710,411,1
8711,409,1
8712,434,1
8713,432,1
8714,425,1
8715,410,1
8716,436,1
8717,445,1
8718,433,1
8719,420,1
8720,430,1
8721,413,1
8722,442,1
8723,430,1
8724,408,1
8725,426,1
8726,435,1
8727,425,1
8728,426,1
8729,414,1
8730,436,1
8731,421,1
8732,403,1
8733,424,1
8734,440,1
8735,424,1
8736,449,1
8737,433,1
8738,432,1
8739,426,1
8740,427,1
8741,425,1
8742,424,1
8743,434,1
8744,416,1
8745,414,1
8746,414,1
8747,452,1
8748,433,1
8749,431,1
8750,414,1
8751,434,1
8752,425,1
8753,429,1
8754,415,1
8755,428,1
8756,421,1
8757,417,1
8758,435,1
8759,408,1
8760,433,1
8761,434,1
8762,415,1
8763,416,1
8764,423,1
8765,429,1
8766,424,1
8767,431,1
8768,446,1
8769,419,1
8770,404,1
8771,435,1
8772,445,1
8773,430,1
8774,412,1
8775,423,1
8776,411,1
8777,432,1
8778,408,1
8779,421,1
8780,412,1
8781,426,1
8782,420,1
8783,426,1
8784,424,1
8785,412,1
8786,431,1
8787,423,1
8788,412,1
8789,450,1
8790,429,1
8791,421,1
8792,440,1
8793,445,1
8794,421,1
8795,427,1
8796,411,1
8797,421,1
8798,420,1
8799,425,1
8800,443,1
8801,426,1
8802,429,1
8803,434,1
8804,437,1
8805,453,1
8806,427,1
8807,436,1
8808,452,1
8809,437,1
8810,446,1
8811,439,1
8812,444,1
8813,438,1
8814,449,1
8815,423,1
8816,437,1
8817,445,1
8818,448,1
8819,459,1
8820,437,1
8821,459,1
8822,434,1
8823,457,1
8824,451,1
8825,431,1
8826,445,1
8827,441,1
8828,449,1
8829,439,1
8830,438,1
8831,458,1
8832,441,1
8833,452,1
8834,439,1
8835,462,1
8836,434,1
8837,435,1
8838,461,1
8839,437,1
8840,462,1
8841,453,1
8842,441,1
8843,421,1
8844,442,1
8845,444,1
8846,457,1
8847,462,1
8848,434,1
8849,452,1
8850,452,1
8851,456,1
8852,449,1
8853,420,1
8854,441,1
8855,429,1
8856,441,1
8857,455,1
8858,447,1
8859,457,1
8860,447,1
8861,428,1
8862,413,1
8863,445,1
8864,441,1
8865,432,1
8866,423,1
8867,435,1
8868,441,1
8869,452,1
8870,446,1
8871,463,1
8872,431,1
8873,454,1
8874,444,1
8875,452,1
8876,439,1
8877,457,1
8878,448,1
8879,436,1
8880,444,1
8881,441,1
8882,450,1
8883,430,1
8884,444,1
8885,449,1
8886,445,1
8887,461,1
8888,454,1
8889,444,1
8890,447,1
8891,448,1
8892,450,1
8893,423,1
8894,441,1
8895,427,1
8896,460,1
8897,444,1
8898,443,1
8899,456,1
8900,411,1
8901,392,1
8902,405,1
8903,402,1
8904,385,1
8905,398,1
8906,404,1
8907,405,1
8908,389,1
8909,420,1
8910,405,1
8911,407,1
8912,411,1
8913,397,1
8914,412,1
8915,402,1
8916,396,1
8917,414,1
8918,425,1
8919,416,1
8920,418,1
8921,401,1
8922,388,1
8923,425,1
8924,432,1
8925,426,1
8926,404,1
8927,394,1
8928,395,1
8929,388,1
8930,407,1
8931,427,1
8932,406,1
8933,412,1
8934,425,1
8935,403,1
8936,433,1
8937,432,1
8938,407,1
8939,402,1
8940,417,1
8941,405,1
8942,395,1
8943,424,1
8944,423,1
8945,411,1
8946,394,1
8947,394,1
8948,410,1
8949,403,1
8950,405,1
8951,422,1
8952,418,1
8953,426,1
8954,398,1
8955,406,1
8956,419,1
8957,415,1
8958,428,1
8959,415,1
8960,432,1
8961,417,1
8962,423,1
8963,406,1
8964,411,1
8965,421,1
8966,430,1
8967,419,1
8968,410,1
8969,427,1
8970,384,1
8971,394,1
8972,419,1
8973,411,1
8974,418,1
8975,412,1
8976,418,1
8977,402,1
8978,418,1
8979,423,1
8980,426,1
8981,436,1
8982,415,1
8983,415,1
8984,394,1
8985,405,1
8986,410,1
8987,425,1
8988,405,1
8989,422,1
8990,412,1
8991,410,1
8992,415,1
8993,408,1
8994,407,1
8995,392,1
8996,410,1
8997,407,1
8998,407,1
8999,418,1
9000,443,1
9001,438,1
9002,428,1
9003,426,1
9004,435,1
9005,438,1
9006,448,1
9007,446,1
9008,425,1
9009,430,1
9010,440,1
9011,445,1
9012,443,1
9013,431,1
9014,417,1
9015,420,1
9016,435,1
9017,436,1
9018,419,1
9019,433,1
9020,440,1
9021,419,1
9022,446,1
9023,428,1
9024,448,1
9025,427,1
9026,421,1
9027,428,1
9028,432,1
9029,429,1
9030,431,1
9031,437,1
9032,432,1
9033,433,1
9034,413,1
9035,439,1
9036,433,1
9037,453,1
9038,423,1
9039,412,1
9040,442,1
9041,438,1
9042,422,1
9043,416,1
9044,453,1
9045,452,1
9046,405,1
9047,429,1
9048,455,1
9049,429,1
9050,429,1
9051,432,1
9052,422,1
9053,415,1
9054,448,1
9055,413,1
9056,439,1
9057,446,1
9058,418,1
9059,425,1
9060,450,1
9061,442,1
9062,429,1
9063,451,1
9064,451,1
9065,440,1
9066,426,1
9067,432,1
9068,440,1
9069,434,1
9070,448,1
9071,418,1
9072,419,1
9073,439,1
9074,431,1
9075,430,1
9076,416,1
9077,438,1
9078,437,1
9079,445,1
9080,438,1
9081,436,1
9082,452,1
9083,422,1
9084,444,1
9085,418,1
9086,428,1
9087,424,1
9088,448,1
9089,438,1
9090,438,1
9091,425,1
9092,435,1
9093,429,1
9094,443,1
9095,427,1
9096,455,1
9097,419,1
9098,429,1
9099,459,1
9100,416,1
9101,408,1
9102,403,1
9103,400,1
9104,446,1
9105,410,1
9106,390,1
9107,431,1
9108,420,1
9109,404,1
9110,402,1
9111,421,1
9112,410,1
9113,390,1
9114,434,1
9115,408,1
9116,431,1
9117,428,1
9118,401,1
9119,425,1
9120,405,1
9121,390,1
9122,408,1
9123,418,1
9124,407,1
9125,409,1
9126,426,1
9127,414,1
9128,403,1
9129,421,1
9130,415,1
9131,382,1
9132,418,1
9133,417,1
9134,413,1
9135,423,1
9136,404,1
9137,417,1
9138,394,1
9139,417,1
9140,436,1
9141,401,1
9142,403,1
9143,404,1
9144,414,1
9145,400,1
9146,417,1
9147,422,1
9148,419,1
9149,391,1
9150,424,1
9151,424,1
9152,422,1
9153,417,1
9154,415,1
9155,425,1
9156,435,1
9157,401,1
9158,425,1
9159,411,1
9160,411,1
9161,394,1
9162,409,1
9163,400,1
9164,406,1
9165,399,1
9166,407,1
9167,407,1
9168,413,1
9169,393,1
9170,395,1
9171,416,1
9172,402,1
9173,425,1
9174,415,1
9175,419,1
9176,429,1
9177,408,1
9178,405,1
9179,422,1
9180,418,1
9181,409,1
9182,428,1
9183,409,1
9184,412,1
9185,412,1
9186,400,1
9187,412,1
9188,428,1
9189,417,1
9190,412,1
9191,410,1
9192,415,1
9193,420,1
9194,419,1
9195,407,1
9196,415,1
9197,417,1
9198,399,1
9199,413,1
9200,434,1
9201,435,1
9202,421,1
9203,430,1
9204,443,1
9205,443,1
9206,426,1
9207,428,1
9208,439,1
9209,408,1
9210,422,1
9211,442,1
9212,438,1
9213,430,1
9214,408,1
9215,425,1
9216,419,1
9217,430,1
9218,416,1
9219,413,1
9220,401,1
9221,440,1
9222,421,1
9223,428,1
9224,426,1
9225,413,1
9226,410,1
9227,413,1
9228,417,1
9229,430,1
9230,416,1
9231,446,1
9232,438,1
9233,435,1
9234,424,1
9235,443,1
9236,423,1
9237,425,1
9238,427,1
9239,434,1
9240,433,1
9241,419,1
9242,419,1
9243,433,1
9244,434,1
9245,420,1
9246,406,1
9247,422,1
9248,432,1
9249,447,1
9250,410,1
9251,420,1
9252,420,1
9253,441,1
9254,424,1
9255,414,1
9256,431,1
9257,420,1
9258,410,1
9259,414,1
9260,445,1
9261,429,1
9262,426,1
9263,421,1
9264,428,1
9265,428,1
9266,428,1
9267,426,1
9268,435,1
9269,425,1
9270,413,1
9271,417,1
9272,400,1
9273,449,1
9274,435,1
9275,414,1
9276,421,1
9277,416,1
9278,443,1
9279,407,1
9280,425,1
9281,423,1
9282,434,1
9283,423,1
9284,403,1
9285,421,1
9286,412,1
9287,425,1
9288,441,1
9289,403,1
9290,414,1
9291,417,1
9292,419,1
9293,432,1
9294,422,1
9295,429,1
9296,416,1
9297,426,1
9298,433,1
9299,415,1
9300,439,1
9301,424,1
9302,431,1
9303,426,1
9304,425,1
9305,430,1
9306,433,1
9307,412,1
9308,444,1
9309,405,1
9310,419,1
9311,426,1
9312,432,1
9313,446,1
9314,405,1
9315,421,1
9316,402,1
9317,428,1
9318,431,1
9319,447,1
9320,429,1
9321,440,1
9322,435,1
9323,423,1
9324,411,1
9325,432,1
9326,410,1
9327,444,1
9328,427,1
9329,443,1
9330,423,1
9331,432,1
9332,431,1
9333,428,1
9334,424,1
9335,434,1
9336,418,1
9337,415,1
9338,444,1
9339,438,1
9340,430,1
9341,450,1
9342,427,1
9343,446,1
9344,432,1
9345,418,1
9346,452,1
9347,442,1
9348,429,1
9349,439,1
9350,426,1
9351,440,1
9352,402,1
9353,418,1
9354,443,1
9355,428,1
9356,433,1
9357,415,1
9358,453,1
9359,445,1
9360,429,1
9361,427,1
9362,444,1
9363,455,1
9364,443,1
9365,458,1
9366,421,1
9367,422,1
9368,418,1
9369,437,1
9370,434,1
9371,430,1
9372,442,1
9373,447,1
9374,414,1
9375,425,1
9376,442,1
9377,427,1
9378,423,1
9379,445,1
9380,418,1
9381,429,1
9382,437,1
9383,426,1
9384,443,1
9385,427,1
9386,450,1
9387,432,1
9388,442,1
9389,443,1
9390,426,1
9391,409,1
9392,438,1
9393,435,1
9394,441,1
9395,432,1
9396,429,1
9397,459,1
9398,417,1
9399,443,1
9400,412,1
9401,406,1
9402,423,1
9403,432,1
9404,421,1
9405,417,1
9406,404,1
9407,422,1
9408,441,1
9409,411,1
9410,411,1
9411,408,1
9412,409,1
9413,382,1
9414,420,1
9415,405,1
9416,395,1
9417,424,1
9418,402,1
9419,410,1
9420,432,1
9421,397,1
9422,396,1
9423,417,1
9424,428,1
9425,395,1
9426,419,1
9427,421,1
9428,389,1
9429,423,1
9430,424,1
9431,410,1
9432,429,1
9433,427,1
9434,415,1
9435,408,1
9436,402,1
9437,413,1
9438,420,1
9439,409,1
9440,387,1
9441,428,1
9442,415,1
9443,408,1
9444,423,1
9445,431,1
9446,379,1
9447,418,1
9448,395,1
9449,418,1
9450,414,1
9451,420,1
9452,406,1
9453,389,1
9454,406,1
9455,417,1
9456,424,1
9457,397,1
9458,424,1
9459,404,1
9460,416,1
9461,405,1
9462,413,1
9463,422,1
9464,396,1
9465,403,1
9466,413,1
9467,440,1
9468,400,1
9469,435,1
9470,435,1
9471,409,1
9472,407,1
9473,402,1
9474,409,1
9475,393,1
9476,409,1
9477,428,1
9478,403,1
9479,407,1
9480,389,1
9481,414,1
9482,413,1
9483,410,1
9484,407,1
9485,406,1
9486,415,1
9487,409,1
9488,413,1
9489,412,1
9490,422,1
9491,417,1
9492,411,1
9493,427,1
9494,414,1
9495,424,1
9496,416,1
9497,386,1
9498,424,1
9499,410,1
9500,440,1
9501,447,1
9502,437,1
9503,460,1
9504,443,1
9505,440,1
9506,433,1
9507,447,1
9508,446,1
9509,449,1
9510,432,1
9511,425,1
9512,452,1
9513,462,1
9514,432,1
9515,463,1
9516,447,1
9517,444,1
9518,439,1
9519,427,1
9520,456,1
9521,435,1
9522,435,1
9523,456,1
9524,421,1
9525,426,1
9526,444,1
9527,447,1
9528,450,1
9529,440,1
9530,474,1
9531,441,1
9532,441,1
9533,434,1
9534,445,1
9535,451,1
9536,458,1
9537,426,1
9538,441,1
9539,449,1
9540,451,1
9541,444,1
9542,450,1
9543,434,1
9544,462,1
9545,455,1
9546,427,1
9547,431,1
9548,431,1
9549,452,1
9550,428,1
9551,439,1
9552,449,1
9553,443,1
9554,446,1
9555,431,1
9556,450,1
9557,436,1
9558,439,1
9559,446,1
9560,444,1
9561,443,1
9562,434,1
9563,440,1
9564,443,1
9565,427,1
9566,438,1
9567,448,1
9568,428,1
9569,457,1
9570,458,1
9571,428,1
9572,459,1
9573,441,1
9574,448,1
9575,437,1
9576,454,1
9577,448,1
9578,433,1
9579,429,1
9580,425,1
9581,445,1
9582,450,1
9583,451,1
9584,441,1
9585,429,1
9586,435,1
9587,457,1
9588,437,1
9589,444,1
9590,430,1
9591,447,1
9592,437,1
9593,455,1
9594,452,1
9595,437,1
9596,441,1
9597,436,1
9598,425,1
9599,432,1
9600,443,1
9601,438,1
9602,453,1
9603,442,1
9604,450,1
9605,420,1
9606,395,1
9607,445,1
9608,425,1
9609,439,1
9610,438,1
9611,461,1
9612,447,1
9613,444,1
9614,452,1
9615,447,1
9616,437,1
9617,455,1
9618,429,1
9619,446,1
9620,424,1
9621,445,1
9622,445,1
9623,463,1
9624,424,1
9625,436,1
9626,453,1
9627,447,1
9628,445,1
9629,431,1
9630,436,1
9631,458,1
9632,442,1
9633,448,1
9634,442,1
9635,429,1
9636,454,1
9637,449,1
9638,471,1
9639,431,1
9640,453,1
9641,428,1
9642,445,1
9643,455,1
9644,419,1
9645,441,1
9646,437,1
9647,435,1
9648,449,1
9649,457,1
9650,442,1
9651,446,1
9652,445,1
9653,444,1
9654,431,1
9655,458,1
9656,448,1
9657,449,1
9658,435,1
9659,439,1
9660,442,1
9661,426,1
9662,424,1
9663,437,1
9664,451,1
9665,437,1
9666,433,1
9667,435,1
9668,439,1
9669,441,1
9670,471,1
9671,458,1
9672,457,1
9673,459,1
9674,433,1
9675,431,1
9676,432,1
9677,461,1
9678,439,1
9679,430,1
9680,440,1
9681,443,1
9682,449,1
9683,449,1
9684,436,1
9685,454,1
9686,438,1
9687,444,1
9688,454,1
9689,438,1
9690,439,1
9691,453,1
9692,436,1
9693,442,1
9694,453,1
9695,471,1
9696,454,1
9697,452,1
9698,453,1
9699,434,1
9700,424,1
9701,422,1
9702,425,1
9703,417,1
9704,421,1
9705,406,1
9706,417,1
9707,437,1
9708,425,1
9709,421,1
9710,444,1
9711,405,1
9712,408,1
9713,442,1
9714,422,1
9715,419,1
9716,407,1
9717,427,1
9718,428,1
9719,409,1
9720,420,1
9721,418,1
9722,425,1
9723,409,1
9724,437,1
9725,433,1
9726,418,1
9727,420,1
9728,421,1
9729,413,1
9730,418,1
9731,420,1
9732,442,1
9733,435,1
9734,435,1
9735,428,1
9736,410,1
9737,423,1
9738,435,1
9739,409,1
9740,432,1
9741,452,1
9742,437,1
9743,441,1
9744,427,1
9745,436,1
9746,416,1
9747,434,1
9748,433,1
9749,428,1
9750,441,1
9751,418,1
9752,423,1
9753,426,1
9754,413,1
9755,428,1
9756,405,1
9757,438,1
9758,426,1
9759,419,1
9760,416,1
9761,423,1
9762,434,1
9763,433,1
9764,418,1
9765,416,1
9766,434,1
9767,418,1
9768,427,1
9769,428,1
9770,431,1
9771,437,1
9772,412,1
9773,404,1
9774,420,1
9775,449,1
9776,452,1
9777,449,1
9778,425,1
9779,406,1
9780,400,1
9781,420,1
9782,426,1
9783,444,1
9784,439,1
9785,431,1
9786,418,1
9787,417,1
9788,432,1
9789,437,1
9790,433,1
9791,416,1
9792,437,1
9793,434,1
9794,416,1
9795,420,1
9796,438,1
9797,427,1
9798,449,1
9799,436,1
9800,425,1
9801,416,1
9802,413,1
9803,433,1
9804,434,1
9805,431,1
9806,442,1
9807,417,1
9808,444,1
9809,413,1
9810,412,1
9811,402,1
9812,418,1
9813,417,1
9814,430,1
9815,426,1
9816,409,1
9817,418,1
9818,418,1
9819,402,1
9820,411,1
9821,413,1
9822,440,1
9823,425,1
9824,430,1
9825,404,1
9826,436,1
9827,438,1
9828,398,1
9829,413,1
9830,428,1
9831,429,1
9832,413,1
9833,418,1
9834,414,1
9835,423,1
9836,436,1
9837,412,1
9838,433,1
9839,412,1
9840,411,1
9841,431,1
9842,432,1
9843,431,1
9844,405,1
9845,415,1
9846,430,1
9847,421,1
9848,407,1
9849,425,1
9850,411,1
9851,441,1
9852,438,1
9853,427,1
9854,436,1
9855,420,1
9856,429,1
9857,437,1
9858,422,1
9859,416,1
9860,398,1
9861,418,1
9862,429,1
9863,430,1
9864,425,1
9865,412,1
9866,395,1
9867,412,1
9868,415,1
9869,414,1
9870,425,1
9871,442,1
9872,419,1
9873,415,1
9874,415,1
9875,419,1
9876,408,1
9877,419,1
9878,423,1
9879,420,1
9880,423,1
9881,422,1
9882,396,1
9883,424,1
9884,409,1
9885,403,1
9886,403,1
9887,422,1
9888,414,1
9889,396,1
9890,422,1
9891,399,1
9892,418,1
9893,419,1
9894,426,1
9895,437,1
9896,399,1
9897,415,1
9898,412,1
9899,420,1
9900,403,1
9901,395,1
9902,421,1
9903,414,1
9904,420,1
9905,405,1
9906,401,1
9907,396,1
9908,413,1
9909,397,1
9910,431,1
9911,394,1
9912,413,1
9913,428,1
9914,417,1
9915,412,1
9916,398,1
9917,393,1
9918,419,1
9919,428,1
9920,404,1
9921,396,1
9922,380,1
9923,398,1
9924,408,1
9925,429,1
9926,418,1
9927,414,1
9928,405,1
9929,403,1
9930,427,1
9931,413,1
9932,385,1
9933,402,1
9934,400,1
9935,404,1
9936,417,1
9937,409,1
9938,410,1
9939,426,1
9940,402,1
9941,433,1
9942,403,1
9943,412,1
9944,407,1
9945,412,1
9946,416,1
9947,416,1
9948,402,1
9949,398,1
9950,441,1
9951,405,1
9952,420,1
9953,392,1
9954,408,1
9955,410,1
9956,417,1
9957,379,1
9958,414,1
9959,398,1
9960,416,1
9961,399,1
9962,401,1
9963,409,1
9964,399,1
9965,406,1
9966,398,1
9967,390,1
9968,424,1
9969,397,1
9970,410,1
9971,421,1
9972,405,1
9973,402,1
9974,415,1
9975,426,1
9976,398,1
9977,411,1
9978,392,1
9979,408,1
9980,413,1
9981,402,1
9982,407,1
9983,396,1
9984,414,1
9985,426,1
9986,400,1
9987,406,1
9988,419,1
9989,428,1
9990,395,1
9991,411,1
9992,417,1
9993,412,1
9994,384,1
9995,419,1
9996,432,1
9997,415,1
9998,401,1
9999,407,1
10000,427,2
10001,442,2
10002,457,2
10003,422,2
10004,443,2
10005,461,2
10006,447,2
10007,431,2
10008,445,2
10009,460,2
10010,433,2
10011,446,2
10012,445,2
10013,442,2
10014,454,2
10015,451,2
10016,461,2
10017,469,2
10018,441,2
10019,459,2
10020,459,2
10021,464,2
10022,462,2
10023,452,2
10024,483,2
10025,490,2
10026,475,2
10027,477,2
10028,473,2
10029,485,2
10030,445,2
10031,476,2
10032,471,2
10033,481,2
10034,494,2
10035,482,2
10036,479,2
10037,468,2
10038,485,2
10039,496,2
10040,479,2
10041,467,2
10042,520,2
10043,498,2
10044,493,2
10045,513,2
10046,500,2
10047,516,2
10048,516,2
10049,487,2
10050,510,2
10051,526,2
10052,495,2
10053,497,2
10054,500,2
10055,522,2
10056,516,2
10057,491,2
10058,520,2
10059,514,2
10060,518,2
10061,510,2
10062,526,2
10063,536,2
10064,517,2
10065,506,2
10066,524,2
10067,538,2
10068,526,2
10069,514,2
10070,543,2
10071,552,2
10072,537,2
10073,519,2
10074,536,2
10075,543,2
10076,533,2
10077,551,2
10078,535,2
10079,547,2
10080,546,2
10081,557,2
10082,551,2
10083,551,2
10084,545,2
10085,556,2
10086,554,2
10087,548,2
10088,562,2
10089,566,2
10090,559,2
10091,576,2
10092,569,2
10093,552,2
10094,585,2
10095,580,2
10096,584,2
10097,579,2
10098,547,2
10099,590,2
10100,455,2
10101,459,2
10102,455,2
10103,458,2
10104,452,2
10105,452,2
10106,450,2
10107,447,2
10108,454,2
10109,464,2
10110,469,2
10111,466,2
10112,442,2
10113,491,2
10114,486,2
10115,480,2
10116,499,2
10117,466,2
10118,501,2
10119,469,2
10120,484,2
10121,468,2
10122,485,2
10123,490,2
10124,485,2
10125,497,2
10126,491,2
10127,485,2
10128,486,2
10129,504,2
10130,488,2
10131,508,2
10132,513,2
10133,480,2
10134,515,2
10135,527,2
10136,507,2
10137,512,2
10138,519,2
10139,505,2
10140,512,2
10141,495,2
10142,514,2
10143,520,2
10144,521,2
10145,529,2
10146,509,2
10147,513,2
10148,543,2
10149,520,2
10150,526,2
10151,524,2
10152,516,2
10153,547,2
10154,523,2
10155,517,2
10156,526,2
10157,509,2
10158,527,2
10159,524,2
10160,545,2
10161,531,2
10162,551,2
10163,558,2
10164,552,2
10165,542,2
10166,548,2
10167,529,2
10168,547,2
10169,540,2
10170,560,2
10171,584,2
10172,560,2
10173,532,2
10174,553,2
10175,560,2
10176,561,2
10177,552,2
10178,566,2
10179,549,2
10180,554,2
10181,575,2
10182,556,2
10183,576,2
10184,555,2
10185,594,2
10186,565,2
10187,573,2
10188,581,2
10189,571,2
10190,581,2
10191,588,2
10192,594,2
10193,593,2
10194,583,2
10195,585,2
10196,616,2
10197,601,2
10198,580,2
10199,593,2
10200,417,2
10201,399,2
10202,420,2
10203,440,2
10204,394,2
10205,404,2
10206,414,2
10207,427,2
10208,432,2
10209,432,2
10210,402,2
10211,415,2
10212,414,2
10213,425,2
10214,426,2
10215,411,2
10216,423,2
10217,436,2
10218,422,2
10219,428,2
10220,452,2
10221,456,2
10222,407,2
10223,435,2
10224,470,2
10225,441,2
10226,437,2
10227,453,2
10228,441,2
10229,448,2
10230,437,2
10231,443,2
10232,447,2
10233,453,2
10234,438,2
10235,439,2
10236,422,2
10237,441,2
10238,458,2
10239,453,2
10240,437,2
10241,427,2
10242,449,2
10243,462,2
10244,446,2
10245,435,2
10246,447,2
10247,458,2
10248,470,2
10249,453,2
10250,470,2
10251,469,2
10252,445,2
10253,475,2
10254,464,2
10255,447,2
10256,483,2
10257,462,2
10258,441,2
10259,456,2
10260,454,2
10261,458,2
10262,462,2
10263,465,2
10264,466,2
10265,469,2
10266,478,2
10267,463,2
10268,487,2
10269,459,2
10270,482,2
10271,495,2
10272,474,2
10273,479,2
10274,466,2
10275,472,2
10276,498,2
10277,489,2
10278,486,2
10279,459,2
10280,474,2
10281,505,2
10282,490,2
10283,492,2
10284,488,2
10285,480,2
10286,492,2
10287,471,2
10288,470,2
10289,482,2
10290,494,2
10291,474,2
10292,495,2
10293,482,2
10294,485,2
10295,511,2
10296,497,2
10297,487,2
10298,501,2
10299,482,2
10300,454,2
10301,447,2
10302,448,2
10303,459,2
10304,446,2
10305,430,2
10306,460,2
10307,442,2
10308,445,2
10309,458,2
10310,458,2
10311,444,2
10312,464,2
10313,475,2
10314,452,2
10315,482,2
10316,449,2
10317,495,2
10318,466,2
10319,474,2
10320,451,2
10321,474,2
10322,479,2
10323,477,2
10324,473,2
10325,470,2
10326,496,2
10327,484,2
10328,504,2
10329,480,2
10330,483,2
10331,499,2
10332,471,2
10333,478,2
10334,507,2
10335,481,2
10336,475,2
10337,520,2
10338,483,2
10339,503,2
10340,503,2
10341,470,2
10342,502,2
10343,512,2
10344,512,2
10345,520,2
10346,506,2
10347,521,2
10348,506,2
10349,498,2
10350,501,2
10351,501,2
10352,532,2
10353,503,2
10354,526,2
10355,521,2
10356,524,2
10357,543,2
10358,523,2
10359,537,2
10360,531,2
10361,531,2
10362,561,2
10363,518,2
10364,552,2
10365,546,2
10366,534,2
10367,561,2
10368,520,2
10369,538,2
10370,531,2
10371,552,2
10372,535,2
10373,555,2
10374,549,2
10375,547,2
10376,559,2
10377,552,2
10378,544,2
10379,592,2
10380,554,2
10381,534,2
10382,552,2
10383,549,2
10384,575,2
10385,571,2
10386,573,2
10387,565,2
10388,568,2
10389,568,2
10390,573,2
10391,585,2
10392,581,2
10393,584,2
10394,586,2
10395,592,2
10396,586,2
10397,588,2
10398,600,2
10399,579,2
10400,409,2
10401,416,2
10402,384,2
10403,420,2
10404,414,2
10405,420,2
10406,424,2
10407,423,2
10408,396,2
10409,408,2
10410,426,2
10411,426,2
10412,415,2
10413,434,2
10414,424,2
10415,438,2
10416,444,2
10417,433,2
10418,438,2
10419,425,2
10420,444,2
10421,437,2
10422,432,2
10423,422,2
10424,432,2
10425,426,2
10426,450,2
10427,456,2
10428,454,2
10429,474,2
10430,439,2
10431,453,2
10432,433,2
10433,446,2
10434,432,2
10435,457,2
10436,448,2
10437,428,2
10438,446,2
10439,477,2
10440,461,2
10441,467,2
10442,460,2
10443,458,2
10444,461,2
10445,465,2
10446,450,2
10447,473,2
10448,479,2
10449,464,2
10450,461,2
10451,460,2
10452,491,2
10453,466,2
10454,480,2
10455,471,2
10456,472,2
10457,466,2
10458,465,2
10459,487,2
10460,467,2
10461,486,2
10462,482,2
10463,492,2
10464,476,2
10465,498,2
10466,484,2
10467,518,2
10468,469,2
10469,518,2
10470,489,2
10471,494,2
10472,485,2
10473,475,2
10474,489,2
10475,492,2
10476,499,2
10477,512,2
10478,502,2
10479,503,2
10480,506,2
10481,482,2
10482,484,2
10483,487,2
10484,502,2
10485,485,2
10486,500,2
10487,493,2
10488,517,2
10489,517,2
10490,510,2
10491,492,2
10492,513,2
10493,521,2
10494,527,2
10495,540,2
10496,533,2
10497,523,2
10498,519,2
10499,515,2
10500,422,2
10501,444,2
10502,438,2
10503,424,2
10504,434,2
10505,425,2
10506,435,2
10507,432,2
10508,454,2
10509,467,2
10510,426,2
10511,422,2
10512,444,2
10513,430,2
10514,451,2
10515,461,2
10516,471,2
10517,457,2
10518,454,2
10519,434,2
10520,460,2
10521,462,2
10522,471,2
10523,456,2
10524,461,2
10525,450,2
10526,442,2
10527,458,2
10528,454,2
10529,479,2
10530,470,2
10531,471,2
10532,468,2
10533,442,2
10534,501,2
10535,472,2
10536,481,2
10537,470,2
10538,501,2
10539,492,2
10540,482,2
10541,489,2
10542,516,2
10543,496,2
10544,497,2
10545,489,2
10546,479,2
10547,502,2
10548,509,2
10549,520,2
10550,482,2
10551,497,2
10552,505,2
10553,513,2
10554,513,2
10555,515,2
10556,523,2
10557,509,2
10558,533,2
10559,528,2
10560,521,2
10561,546,2
10562,547,2
10563,541,2
10564,495,2
10565,552,2
10566,544,2
10567,560,2
10568,553,2
10569,558,2
10570,552,2
10571,559,2
10572,568,2
10573,549,2
10574,529,2
10575,546,2
10576,556,2
10577,553,2
10578,539,2
10579,536,2
10580,549,2
10581,569,2
10582,580,2
10583,573,2
10584,577,2
10585,565,2
10586,546,2
10587,563,2
10588,567,2
10589,566,2
10590,574,2
10591,581,2
10592,587,2
10593,575,2
10594,557,2
10595,576,2
10596,584,2
10597,600,2
10598,580,2
10599,594,2
10600,429,2
10601,449,2
10602,438,2
10603,422,2
10604,425,2
10605,430,2
10606,452,2
10607,453,2
10608,402,2
10609,445,2
10610,449,2
10611,438,2
10612,446,2
10613,469,2
10614,460,2
10615,450,2
10616,456,2
10617,457,2
10618,465,2
10619,446,2
10620,457,2
10621,480,2
10622,468,2
10623,461,2
10624,463,2
10625,483,2
10626,470,2
10627,484,2
10628,472,2
10629,468,2
10630,486,2
10631,484,2
10632,495,2
10633,499,2
10634,486,2
10635,497,2
10636,490,2
10637,504,2
10638,501,2
10639,492,2
10640,493,2
10641,506,2
10642,519,2
10643,518,2
10644,497,2
10645,500,2
10646,504,2
10647,507,2
10648,494,2
10649,527,2
10650,514,2
10651,527,2
10652,519,2
10653,525,2
10654,518,2
10655,528,2
10656,520,2
10657,532,2
10658,551,2
10659,542,2
10660,541,2
10661,523,2
10662,548,2
10663,551,2
10664,548,2
10665,549,2
10666,547,2
10667,558,2
10668,569,2
10669,558,2
10670,544,2
10671,547,2
10672,568,2
10673,549,2
10674,565,2
10675,560,2
10676,553,2
10677,578,2
10678,578,2
10679,555,2
10680,579,2
10681,579,2
10682,587,2
10683,581,2
10684,598,2
10685,581,2
10686,581,2
10687,574,2
10688,577,2
10689,577,2
10690,594,2
10691,590,2
10692,599,2
10693,582,2
10694,588,2
10695,590,2
10696,628,2
10697,602,2
10698,605,2
10699,607,2
10700,393,2
10701,418,2
10702,404,2
10703,415,2
10704,417,2
10705,412,2
10706,408,2
10707,419,2
10708,444,2
10709,410,2
10710,448,2
10711,426,2
10712,432,2
10713,420,2
10714,426,2
10715,431,2
10716,426,2
10717,438,2
10718,437,2
10719,466,2
10720,432,2
10721,449,2
10722,452,2
10723,438,2
10724,461,2
10725,450,2
10726,427,2
10727,466,2
10728,447,2
10729,449,2
10730,472,2
10731,461,2
10732,478,2
10733,483,2
10734,463,2
10735,482,2
10736,465,2
10737,503,2
10738,470,2
10739,492,2
10740,492,2
10741,487,2
10742,477,2
10743,485,2
10744,463,2
10745,493,2
10746,496,2
10747,496,2
10748,460,2
10749,482,2
10750,490,2
10751,505,2
10752,506,2
10753,503,2
10754,514,2
10755,496,2
10756,517,2
10757,518,2
10758,518,2
10759,513,2
10760,539,2
10761,525,2
10762,509,2
10763,526,2
10764,534,2
10765,519,2
10766,541,2
10767,534,2
10768,504,2
10769,537,2
10770,530,2
10771,543,2
10772,550,2
10773,543,2
10774,562,2
10775,542,2
10776,553,2
10777,557,2
10778,548,2
10779,561,2
10780,546,2
10781,550,2
10782,541,2
10783,561,2
10784,564,2
10785,576,2
10786,573,2
10787,562,2
10788,553,2
10789,574,2
10790,584,2
10791,582,2
10792,588,2
10793,574,2
10794,573,2
10795,571,2
10796,581,2
10797,583,2
10798,588,2
10799,586,2
10800,394,2
10801,404,2
10802,423,2
10803,390,2
10804,389,2
10805,396,2
10806,416,2
10807,410,2
10808,392,2
10809,412,2
10810,431,2
10811,416,2
10812,417,2
10813,419,2
10814,422,2
10815,403,2
10816,417,2
10817,419,2
10818,416,2
10819,431,2
10820,417,2
10821,421,2
10822,412,2
10823,433,2
10824,441,2
10825,426,2
10826,442,2
10827,431,2
10828,404,2
10829,435,2
10830,435,2
10831,439,2
10832,442,2
10833,432,2
10834,459,2
10835,442,2
10836,442,2
10837,454,2
10838,447,2
10839,479,2
10840,447,2
10841,455,2
10842,443,2
10843,463,2
10844,458,2
10845,451,2
10846,446,2
10847,442,2
10848,464,2
10849,444,2
10850,477,2
10851,448,2
10852,462,2
10853,455,2
10854,467,2
10855,468,2
10856,474,2
10857,452,2
10858,462,2
10859,484,2
10860,482,2
10861,445,2
10862,481,2
10863,465,2
10864,472,2
10865,478,2
10866,500,2
10867,470,2
10868,467,2
10869,491,2
10870,486,2
10871,502,2
10872,485,2
10873,505,2
10874,492,2
10875,499,2
10876,513,2
10877,493,2
10878,509,2
10879,490,2
10880,502,2
10881,483,2
10882,495,2
10883,490,2
10884,518,2
10885,526,2
10886,502,2
10887,498,2
10888,493,2
10889,513,2
10890,504,2
10891,506,2
10892,533,2
10893,511,2
10894,523,2
10895,518,2
10896,502,2
10897,498,2
10898,527,2
10899,543,2
10900,466,2
10901,466,2
10902,444,2
10903,445,2
10904,451,2
10905,473,2
10906,444,2
10907,469,2
10908,470,2
10909,481,2
10910,471,2
10911,454,2
10912,460,2
10913,459,2
10914,468,2
10915,474,2
10916,464,2
10917,497,2
10918,465,2
10919,498,2
10920,498,2
10921,496,2
10922,478,2
10923,492,2
10924,474,2
10925,502,2
10926,492,2
10927,489,2
10928,481,2
10929,467,2
10930,486,2
10931,513,2
10932,497,2
10933,501,2
10934,512,2
10935,528,2
10936,524,2
10937,497,2
10938,487,2
10939,540,2
10940,541,2
10941,517,2
10942,501,2
10943,530,2
10944,518,2
10945,520,2
10946,533,2
10947,528,2
10948,511,2
10949,523,2
10950,537,2
10951,536,2
10952,535,2
10953,544,2
10954,530,2
10955,538,2
10956,497,2
10957,534,2
10958,550,2
10959,538,2
10960,538,2
10961,533,2
10962,559,2
10963,555,2
10964,560,2
10965,531,2
10966,551,2
10967,551,2
10968,552,2
10969,550,2
10970,555,2
10971,571,2
10972,539,2
10973,585,2
10974,571,2
10975,566,2
10976,579,2
10977,552,2
10978,563,2
10979,571,2
10980,590,2
10981,575,2
10982,582,2
10983,571,2
10984,586,2
10985,602,2
10986,595,2
10987,583,2
10988,594,2
10989,594,2
10990,595,2
10991,604,2
10992,605,2
10993,592,2
10994,603,2
10995,592,2
10996,587,2
10997,596,2
10998,600,2
10999,583,2
11000,468,2
11001,465,2
11002,456,2
11003,477,2
11004,433,2
11005,454,2
11006,449,2
11007,428,2
11008,457,2
11009,447,2
11010,474,2
11011,452,2
11012,453,2
11013,479,2
11014,462,2
11015,478,2
11016,471,2
11017,473,2
11018,467,2
11019,477,2
11020,472,2
11021,465,2
11022,476,2
11023,494,2
11024,487,2
11025,491,2
11026,484,2
11027,463,2
11028,473,2
11029,486,2
11030,478,2
11031,487,2
11032,488,2
11033,490,2
11034,516,2
11035,500,2
11036,513,2
11037,506,2
11038,523,2
11039,520,2
11040,502,2
11041,535,2
11042,507,2
11043,517,2
11044,521,2
11045,524,2
11046,530,2
11047,513,2
11048,532,2
11049,532,2
11050,527,2
11051,527,2
11052,521,2
11053,538,2
11054,527,2
11055,539,2
11056,537,2
11057,524,2
11058,531,2
11059,548,2
11060,539,2
11061,540,2
11062,540,2
11063,542,2
11064,572,2
11065,541,2
11066,574,2
11067,554,2
11068,552,2
11069,566,2
11070,564,2
11071,563,2
11072,570,2
11073,569,2
11074,568,2
11075,584,2
11076,557,2
11077,565,2
11078,568,2
11079,567,2
11080,582,2
11081,589,2
11082,561,2
11083,581,2
11084,585,2
11085,587,2
11086,577,2
11087,590,2
11088,585,2
11089,594,2
11090,579,2
11091,597,2
11092,594,2
11093,602,2
11094,610,2
11095,608,2
11096,620,2
11097,608,2
11098,621,2
11099,629,2
11100,451,2
11101,456,2
11102,450,2
11103,468,2
11104,455,2
11105,462,2
11106,453,2
11107,461,2
11108,444,2
11109,449,2
11110,459,2
11111,460,2
11112,463,2
11113,471,2
11114,442,2
11115,448,2
11116,463,2
11117,453,2
11118,503,2
11119,469,2
11120,463,2
11121,459,2
11122,460,2
11123,467,2
11124,469,2
11125,463,2
11126,466,2
11127,486,2
11128,488,2
11129,475,2
11130,457,2
11131,480,2
11132,493,2
11133,492,2
11134,485,2
11135,494,2
11136,479,2
11137,487,2
11138,472,2
11139,484,2
11140,498,2
11141,476,2
11142,473,2
11143,486,2
11144,483,2
11145,494,2
11146,482,2
11147,509,2
11148,473,2
11149,505,2
11150,481,2
11151,470,2
11152,495,2
11153,490,2
11154,481,2
11155,475,2
11156,496,2
11157,509,2
11158,505,2
11159,499,2
11160,505,2
11161,500,2
11162,484,2
11163,485,2
11164,501,2
11165,502,2
11166,515,2
11167,515,2
11168,514,2
11169,504,2
11170,492,2
11171,514,2
11172,516,2
11173,482,2
11174,502,2
11175,504,2
11176,515,2
11177,505,2
11178,515,2
11179,514,2
11180,515,2
11181,509,2
11182,511,2
11183,507,2
11184,525,2
11185,528,2
11186,513,2
11187,542,2
11188,520,2
11189,543,2
11190,518,2
11191,503,2
11192,533,2
11193,532,2
11194,530,2
11195,523,2
11196,531,2
11197,526,2
11198,529,2
11199,544,2
11200,446,2
11201,455,2
11202,447,2
11203,439,2
11204,456,2
11205,443,2
11206,467,2
11207,461,2
11208,480,2
11209,460,2
11210,465,2
11211,449,2
11212,455,2
11213,450,2
11214,484,2
11215,467,2
11216,490,2
11217,443,2
11218,496,2
11219,478,2
11220,484,2
11221,469,2
11222,489,2
11223,480,2
11224,471,2
11225,473,2
11226,474,2
11227,495,2
11228,484,2
11229,473,2
11230,499,2
11231,470,2
11232,513,2
11233,522,2
11234,484,2
11235,514,2
11236,507,2
11237,498,2
11238,500,2
11239,515,2
11240,508,2
11241,479,2
11242,537,2
11243,518,2
11244,514,2
11245,507,2
11246,515,2
11247,534,2
11248,523,2
11249,526,2
11250,508,2
11251,520,2
11252,527,2
11253,536,2
11254,524,2
11255,542,2
11256,518,2
11257,534,2
11258,534,2
11259,518,2
11260,537,2
11261,532,2
11262,558,2
11263,537,2
11264,548,2
11265,530,2
11266,549,2
11267,543,2
11268,540,2
11269,585,2
11270,548,2
11271,551,2
11272,566,2
11273,547,2
11274,563,2
11275,566,2
11276,564,2
11277,590,2
11278,554,2
11279,584,2
11280,572,2
11281,579,2
11282,574,2
11283,594,2
11284,569,2
11285,580,2
11286,591,2
11287,570,2
11288,590,2
11289,579,2
11290,566,2
11291,565,2
11292,583,2
11293,597,2
11294,562,2
11295,591,2
11296,601,2
11297,576,2
11298,585,2
11299,601,2
11300,429,2
11301,419,2
11302,451,2
11303,458,2
11304,461,2
11305,446,2
11306,453,2
11307,463,2
11308,440,2
11309,463,2
11310,454,2
11311,463,2
11312,456,2
11313,471,2
11314,459,2
11315,440,2
11316,477,2
11317,449,2
11318,477,2
11319,462,2
11320,479,2
11321,480,2
11322,473,2
11323,475,2
11324,476,2
11325,448,2
11326,475,2
11327,461,2
11328,478,2
11329,464,2
11330,465,2
11331,500,2
11332,495,2
11333,483,2
11334,487,2
11335,483,2
11336,494,2
11337,481,2
11338,502,2
11339,489,2
11340,488,2
11341,495,2
11342,489,2
11343,501,2
11344,493,2
11345,506,2
11346,516,2
11347,495,2
11348,503,2
11349,512,2
11350,502,2
11351,514,2
11352,517,2
11353,525,2
11354,506,2
11355,503,2
11356,512,2
11357,506,2
11358,526,2
11359,506,2
11360,550,2
11361,539,2
11362,525,2
11363,536,2
11364,508,2
11365,559,2
11366,523,2
11367,530,2
11368,511,2
11369,540,2
11370,522,2
11371,538,2
11372,532,2
11373,527,2
11374,532,2
11375,546,2
11376,529,2
11377,537,2
11378,555,2
11379,580,2
11380,556,2
11381,540,2
11382,548,2
11383,555,2
11384,551,2
11385,568,2
11386,561,2
11387,571,2
11388,557,2
11389,579,2
11390,562,2
11391,554,2
11392,593,2
11393,546,2
11394,561,2
11395,564,2
11396,603,2
11397,596,2
11398,593,2
11399,573,2
11400,427,2
11401,423,2
11402,437,2
11403,428,2
11404,425,2
11405,408,2
11406,434,2
11407,449,2
11408,453,2
11409,439,2
11410,430,2
11411,452,2
11412,443,2
11413,440,2
11414,428,2
11415,473,2
11416,458,2
11417,460,2
11418,441,2
11419,454,2
11420,454,2
11421,465,2
11422,474,2
11423,442,2
11424,447,2
11425,469,2
11426,457,2
11427,474,2
11428,461,2
11429,452,2
11430,448,2
11431,476,2
11432,478,2
11433,485,2
11434,478,2
11435,431,2
11436,483,2
11437,461,2
11438,458,2
11439,458,2
11440,458,2
11441,488,2
11442,477,2
11443,469,2
11444,489,2
11445,477,2
11446,503,2
11447,510,2
11448,492,2
11449,512,2
11450,514,2
11451,500,2
11452,521,2
11453,494,2
11454,479,2
11455,486,2
11456,498,2
11457,514,2
11458,495,2
11459,502,2
11460,496,2
11461,505,2
11462,530,2
11463,520,2
11464,510,2
11465,533,2
11466,520,2
11467,523,2
11468,537,2
11469,520,2
11470,537,2
11471,537,2
11472,527,2
11473,513,2
11474,532,2
11475,546,2
11476,544,2
11477,556,2
11478,531,2
11479,548,2
11480,528,2
11481,544,2
11482,556,2
11483,555,2
11484,547,2
11485,544,2
11486,537,2
11487,547,2
11488,536,2
11489,549,2
11490,533,2
11491,540,2
11492,567,2
11493,567,2
11494,556,2
11495,562,2
11496,565,2
11497,570,2
11498,570,2
11499,551,2
11500,414,2
11501,423,2
11502,421,2
11503,450,2
11504,413,2
11505,431,2
11506,430,2
11507,430,2
11508,432,2
11509,433,2
11510,446,2
11511,444,2
11512,443,2
11513,403,2
11514,444,2
11515,422,2
11516,450,2
11517,462,2
11518,434,2
11519,443,2
11520,440,2
11521,464,2
11522,451,2
11523,472,2
11524,458,2
11525,457,2
11526,456,2
11527,466,2
11528,437,2
11529,460,2
11530,459,2
11531,470,2
11532,460,2
11533,451,2
11534,465,2
11535,453,2
11536,444,2
11537,477,2
11538,477,2
11539,477,2
11540,488,2
11541,466,2
11542,458,2
11543,475,2
11544,473,2
11545,468,2
11546,479,2
11547,474,2
11548,460,2
11549,478,2
11550,471,2
11551,489,2
11552,479,2
11553,502,2
11554,509,2
11555,499,2
11556,473,2
11557,511,2
11558,513,2
11559,496,2
11560,513,2
11561,492,2
11562,477,2
11563,492,2
11564,523,2
11565,485,2
11566,504,2
11567,506,2
11568,501,2
11569,503,2
11570,510,2
11571,504,2
11572,495,2
11573,516,2
11574,527,2
11575,526,2
11576,507,2
11577,503,2
11578,516,2
11579,539,2
11580,529,2
11581,531,2
11582,535,2
11583,530,2
11584,528,2
11585,536,2
11586,523,2
11587,513,2
11588,540,2
11589,548,2
11590,521,2
11591,545,2
11592,557,2
11593,538,2
11594,529,2
11595,542,2
11596,535,2
11597,535,2
11598,549,2
11599,526,2
11600,438,2
11601,425,2
11602,428,2
11603,443,2
11604,418,2
11605,438,2
11606,418,2
11607,443,2
11608,430,2
11609,437,2
11610,431,2
11611,445,2
11612,435,2
11613,464,2
11614,456,2
11615,425,2
11616,444,2
11617,451,2
11618,438,2
11619,459,2
11620,459,2
11621,446,2
11622,459,2
11623,420,2
11624,466,2
11625,461,2
11626,439,2
11627,456,2
11628,429,2
11629,445,2
11630,469,2
11631,456,2
11632,457,2
11633,459,2
11634,459,2
11635,473,2
11636,454,2
11637,468,2
11638,450,2
11639,474,2
11640,462,2
11641,466,2
11642,463,2
11643,466,2
11644,458,2
11645,475,2
11646,478,2
11647,457,2
11648,467,2
11649,475,2
11650,469,2
11651,474,2
11652,497,2
11653,467,2
11654,452,2
11655,474,2
11656,478,2
11657,477,2
11658,487,2
11659,473,2
11660,472,2
11661,479,2
11662,480,2
11663,514,2
11664,509,2
11665,471,2
11666,469,2
11667,492,2
11668,517,2
11669,503,2
11670,496,2
11671,492,2
11672,511,2
11673,501,2
11674,521,2
11675,481,2
11676,507,2
11677,496,2
11678,509,2
11679,508,2
11680,512,2
11681,519,2
11682,525,2
11683,533,2
11684,510,2
11685,505,2
11686,498,2
11687,518,2
11688,524,2
11689,499,2
11690,530,2
11691,516,2
11692,503,2
11693,509,2
11694,509,2
11695,510,2
11696,529,2
11697,534,2
11698,545,2
11699,517,2
11700,464,2
11701,462,2
11702,482,2
11703,460,2
11704,468,2
11705,445,2
11706,454,2
11707,451,2
11708,482,2
11709,438,2
11710,465,2
11711,436,2
11712,463,2
11713,469,2
11714,493,2
11715,483,2
11716,469,2
11717,494,2
11718,483,2
11719,484,2
11720,471,2
11721,475,2
11722,479,2
11723,491,2
11724,493,2
11725,512,2
11726,499,2
11727,464,2
11728,501,2
11729,482,2
11730,489,2
11731,493,2
11732,496,2
11733,489,2
11734,509,2
11735,491,2
11736,514,2
11737,538,2
11738,497,2
11739,511,2
11740,486,2
11741,514,2
11742,527,2
11743,529,2
11744,523,2
11745,534,2
11746,556,2
11747,547,2
11748,522,2
11749,512,2
11750,526,2
11751,521,2
11752,540,2
11753,522,2
11754,536,2
11755,549,2
11756,539,2
11757,531,2
11758,558,2
11759,522,2
11760,543,2
11761,548,2
11762,550,2
11763,553,2
11764,560,2
11765,554,2
11766,551,2
11767,552,2
11768,551,2
11769,570,2
11770,554,2
11771,573,2
11772,565,2
11773,560,2
11774,575,2
11775,561,2
11776,579,2
11777,575,2
11778,567,2
11779,582,2
11780,584,2
11781,592,2
11782,592,2
11783,588,2
11784,570,2
11785,614,2
11786,569,2
11787,599,2
11788,594,2
11789,577,2
11790,591,2
11791,593,2
11792,611,2
11793,588,2
11794,595,2
11795,572,2
11796,622,2
11797,590,2
11798,608,2
11799,605,2
11800,471,2
11801,425,2
11802,465,2
11803,469,2
11804,462,2
11805,467,2
11806,467,2
11807,473,2
11808,451,2
11809,481,2
11810,470,2
11811,471,2
11812,478,2
11813,458,2
11814,456,2
11815,475,2
11816,496,2
11817,465,2
11818,483,2
11819,474,2
11820,474,2
11821,492,2
11822,497,2
11823,480,2
11824,508,2
11825,498,2
11826,492,2
11827,500,2
11828,522,2
11829,509,2
11830,493,2
11831,503,2
11832,506,2
11833,514,2
11834,511,2
11835,532,2
11836,508,2
11837,492,2
11838,517,2
11839,511,2
11840,500,2
11841,511,2
11842,517,2
11843,536,2
11844,507,2
11845,530,2
11846,554,2
11847,527,2
11848,529,2
11849,541,2
11850,541,2
11851,553,2
11852,536,2
11853,548,2
11854,550,2
11855,539,2
11856,543,2
11857,546,2
11858,533,2
11859,545,2
11860,569,2
11861,565,2
11862,547,2
11863,556,2
11864,569,2
11865,565,2
11866,571,2
11867,569,2
11868,567,2
11869,564,2
11870,553,2
11871,578,2
11872,568,2
11873,553,2
11874,568,2
11875,586,2
11876,555,2
11877,567,2
11878,583,2
11879,600,2
11880,596,2
11881,604,2
11882,590,2
11883,587,2
11884,601,2
11885,582,2
11886,583,2
11887,582,2
11888,611,2
11889,589,2
11890,613,2
11891,605,2
11892,618,2
11893,593,2
11894,600,2
11895,615,2
11896,606,2
11897,583,2
11898,598,2
11899,603,2
11900,437,2
11901,446,2
11902,430,2
11903,441,2
11904,435,2
11905,450,2
11906,445,2
11907,444,2
11908,463,2
11909,453,2
11910,438,2
11911,446,2
11912,448,2
11913,450,2
11914,481,2
11915,456,2
11916,428,2
11917,447,2
11918,431,2
11919,452,2
11920,433,2
11921,447,2
11922,441,2
11923,464,2
11924,461,2
11925,465,2
11926,462,2
11927,447,2
11928,471,2
11929,489,2
11930,472,2
11931,463,2
11932,452,2
11933,459,2
11934,477,2
11935,485,2
11936,476,2
11937,484,2
11938,484,2
11939,482,2
11940,469,2
11941,480,2
11942,469,2
11943,481,2
11944,485,2
11945,503,2
11946,468,2
11947,490,2
11948,503,2
11949,496,2
11950,498,2
11951,496,2
11952,505,2
11953,478,2
11954,475,2
11955,493,2
11956,468,2
11957,509,2
11958,510,2
11959,492,2
11960,493,2
11961,498,2
11962,500,2
11963,502,2
11964,509,2
11965,501,2
11966,515,2
11967,510,2
11968,499,2
11969,523,2
11970,492,2
11971,508,2
11972,522,2
11973,502,2
11974,516,2
11975,520,2
11976,504,2
11977,514,2
11978,514,2
11979,511,2
11980,546,2
11981,510,2
11982,532,2
11983,517,2
11984,509,2
11985,525,2
11986,532,2
11987,537,2
11988,545,2
11989,563,2
11990,532,2
11991,522,2
11992,536,2
11993,528,2
11994,544,2
11995,518,2
11996,563,2
11997,546,2
11998,517,2
11999,529,2
12000,412,2
12001,416,2
12002,401,2
12003,419,2
12004,397,2
12005,402,2
12006,405,2
12007,403,2
12008,411,2
12009,423,2
12010,421,2
12011,408,2
12012,408,2
12013,408,2
12014,421,2
12015,402,2
12016,412,2
12017,419,2
12018,439,2
12019,426,2
12020,441,2
12021,433,2
12022,427,2
12023,429,2
12024,421,2
12025,466,2
12026,452,2
12027,447,2
12028,426,2
12029,438,2
12030,433,2
12031,448,2
12032,437,2
12033,441,2
12034,440,2
12035,450,2
12036,455,2
12037,453,2
12038,476,2
12039,468,2
12040,451,2
12041,466,2
12042,455,2
12043,460,2
12044,472,2
12045,476,2
12046,463,2
12047,458,2
12048,474,2
12049,480,2
12050,468,2
12051,487,2
12052,487,2
12053,473,2
12054,496,2
12055,498,2
12056,510,2
12057,507,2
12058,478,2
12059,501,2
12060,502,2
12061,489,2
12062,500,2
12063,474,2
12064,475,2
12065,479,2
12066,506,2
12067,508,2
12068,501,2
12069,526,2
12070,519,2
12071,490,2
12072,508,2
12073,501,2
12074,518,2
12075,515,2
12076,506,2
12077,538,2
12078,520,2
12079,516,2
12080,520,2
12081,544,2
12082,537,2
12083,526,2
12084,517,2
12085,521,2
12086,526,2
12087,540,2
12088,544,2
12089,528,2
12090,548,2
12091,529,2
12092,534,2
12093,526,2
12094,527,2
12095,535,2
12096,547,2
12097,537,2
12098,569,2
12099,541,2
12100,437,2
12101,447,2
12102,465,2
12103,460,2
12104,456,2
12105,445,2
12106,461,2
12107,433,2
12108,452,2
12109,463,2
12110,467,2
12111,467,2
12112,464,2
12113,459,2
12114,470,2
12115,453,2
12116,456,2
12117,468,2
12118,471,2
12119,448,2
12120,477,2
12121,482,2
12122,473,2
12123,504,2
12124,468,2
12125,474,2
12126,475,2
12127,480,2
12128,478,2
12129,467,2
12130,478,2
12131,485,2
12132,502,2
12133,515,2
12134,506,2
12135,482,2
12136,485,2
12137,492,2
12138,517,2
12139,495,2
12140,482,2
12141,494,2
12142,510,2
12143,511,2
12144,501,2
12145,513,2
12146,479,2
12147,509,2
12148,520,2
12149,501,2
12150,502,2
12151,491,2
12152,534,2
12153,507,2
12154,520,2
12155,526,2
12156,538,2
12157,520,2
12158,516,2
12159,526,2
12160,541,2
12161,525,2
12162,517,2
12163,511,2
12164,516,2
12165,543,2
12166,530,2
12167,528,2
12168,528,2
12169,539,2
12170,536,2
12171,537,2
12172,558,2
12173,562,2
12174,525,2
12175,550,2
12176,538,2
12177,546,2
12178,554,2
12179,549,2
12180,555,2
12181,562,2
12182,559,2
12183,549,2
12184,550,2
12185,542,2
12186,550,2
12187,586,2
12188,554,2
12189,550,2
12190,570,2
12191,566,2
12192,566,2
12193,587,2
12194,578,2
12195,567,2
12196,569,2
12197,570,2
12198,587,2
12199,575,2
12200,409,2
12201,384,2
12202,379,2
12203,386,2
12204,402,2
12205,404,2
12206,410,2
12207,403,2
12208,400,2
12209,428,2
12210,426,2
12211,425,2
12212,418,2
12213,420,2
12214,406,2
12215,419,2
12216,407,2
12217,406,2
12218,400,2
12219,425,2
12220,424,2
12221,419,2
12222,418,2
12223,402,2
12224,428,2
12225,422,2
12226,438,2
12227,430,2
12228,437,2
12229,430,2
12230,433,2
12231,443,2
12232,430,2
12233,439,2
12234,429,2
12235,434,2
12236,456,2
12237,445,2
12238,432,2
12239,444,2
12240,425,2
12241,438,2
12242,431,2
12243,448,2
12244,442,2
12245,448,2
12246,455,2
12247,441,2
12248,443,2
12249,448,2
12250,439,2
12251,450,2
12252,452,2
12253,455,2
12254,458,2
12255,435,2
12256,440,2
12257,442,2
12258,458,2
12259,454,2
12260,432,2
12261,483,2
12262,437,2
12263,462,2
12264,469,2
12265,455,2
12266,472,2
12267,453,2
12268,468,2
12269,441,2
12270,482,2
12271,469,2
12272,451,2
12273,478,2
12274,491,2
12275,462,2
12276,471,2
12277,468,2
12278,466,2
12279,466,2
12280,470,2
12281,471,2
12282,475,2
12283,475,2
12284,490,2
12285,490,2
12286,465,2
12287,477,2
12288,500,2
12289,489,2
12290,491,2
12291,491,2
12292,485,2
12293,489,2
12294,486,2
12295,502,2
12296,488,2
12297,492,2
12298,503,2
12299,491,2
12300,383,2
12301,393,2
12302,405,2
12303,396,2
12304,381,2
12305,397,2
12306,391,2
12307,408,2
12308,410,2
12309,388,2
12310,418,2
12311,397,2
12312,430,2
12313,412,2
12314,399,2
12315,401,2
12316,420,2
12317,413,2
12318,417,2
12319,439,2
12320,413,2
12321,423,2
12322,440,2
12323,428,2
12324,406,2
12325,433,2
12326,414,2
12327,446,2
12328,421,2
12329,467,2
12330,451,2
12331,425,2
12332,436,2
12333,446,2
12334,447,2
12335,444,2
12336,455,2
12337,440,2
12338,438,2
12339,440,2
12340,456,2
12341,451,2
12342,451,2
12343,458,2
12344,425,2
12345,455,2
12346,455,2
12347,474,2
12348,437,2
12349,475,2
12350,458,2
12351,464,2
12352,480,2
12353,468,2
12354,467,2
12355,466,2
12356,459,2
12357,466,2
12358,459,2
12359,468,2
12360,442,2
12361,476,2
12362,471,2
12363,469,2
12364,477,2
12365,458,2
12366,500,2
12367,477,2
12368,478,2
12369,469,2
12370,482,2
12371,500,2
12372,497,2
12373,496,2
12374,493,2
12375,484,2
12376,472,2
12377,488,2
12378,489,2
12379,505,2
12380,498,2
12381,514,2
12382,511,2
12383,492,2
12384,477,2
12385,517,2
12386,517,2
12387,486,2
12388,522,2
12389,509,2
12390,508,2
12391,527,2
12392,525,2
12393,518,2
12394,517,2
12395,520,2
12396,509,2
12397,514,2
12398,505,2
12399,513,2
12400,396,2
12401,406,2
12402,403,2
12403,403,2
12404,413,2
12405,409,2
12406,402,2
12407,401,2
12408,412,2
12409,403,2
12410,403,2
12411,405,2
12412,418,2
12413,431,2
12414,422,2
12415,429,2
12416,419,2
12417,423,2
12418,442,2
12419,433,2
12420,435,2
12421,422,2
12422,426,2
12423,432,2
12424,421,2
12425,401,2
12426,435,2
12427,443,2
12428,434,2
12429,427,2
12430,431,2
12431,412,2
12432,433,2
12433,425,2
12434,431,2
12435,427,2
12436,426,2
12437,431,2
12438,451,2
12439,439,2
12440,433,2
12441,456,2
12442,450,2
12443,421,2
12444,462,2
12445,452,2
12446,462,2
12447,451,2
12448,474,2
12449,451,2
12450,425,2
12451,447,2
12452,465,2
12453,462,2
12454,460,2
12455,450,2
12456,464,2
12457,464,2
12458,465,2
12459,473,2
12460,470,2
12461,466,2
12462,458,2
12463,487,2
12464,496,2
12465,494,2
12466,483,2
12467,455,2
12468,455,2
12469,471,2
12470,478,2
12471,479,2
12472,483,2
12473,465,2
12474,502,2
12475,502,2
12476,469,2
12477,464,2
12478,486,2
12479,504,2
12480,489,2
12481,494,2
12482,486,2
12483,495,2
12484,505,2
12485,500,2
12486,503,2
12487,477,2
12488,524,2
12489,480,2
12490,502,2
12491,500,2
12492,501,2
12493,514,2
12494,496,2
12495,501,2
12496,493,2
12497,522,2
12498,512,2
12499,518,2
12500,436,2
12501,443,2
12502,437,2
12503,440,2
12504,436,2
12505,442,2
12506,458,2
12507,451,2
12508,453,2
12509,455,2
12510,446,2
12511,453,2
12512,437,2
12513,467,2
12514,420,2
12515,453,2
12516,469,2
12517,441,2
12518,463,2
12519,452,2
12520,457,2
12521,474,2
12522,466,2
12523,441,2
12524,455,2
12525,480,2
12526,475,2
12527,492,2
12528,492,2
12529,469,2
12530,505,2
12531,477,2
12532,466,2
12533,471,2
12534,453,2
12535,501,2
12536,502,2
12537,472,2
12538,483,2
12539,488,2
12540,477,2
12541,469,2
12542,489,2
12543,489,2
12544,489,2
12545,498,2
12546,514,2
12547,495,2
12548,502,2
12549,510,2
12550,509,2
12551,496,2
12552,506,2
12553,513,2
12554,494,2
12555,524,2
12556,528,2
12557,503,2
12558,516,2
12559,522,2
12560,510,2
12561,523,2
12562,521,2
12563,503,2
12564,527,2
12565,510,2
12566,536,2
12567,518,2
12568,525,2
12569,545,2
12570,536,2
12571,518,2
12572,520,2
12573,527,2
12574,540,2
12575,541,2
12576,528,2
12577,525,2
12578,544,2
12579,540,2
12580,569,2
12581,545,2
12582,568,2
12583,534,2
12584,530,2
12585,537,2
12586,566,2
12587,574,2
12588,545,2
12589,550,2
12590,543,2
12591,537,2
12592,569,2
12593,564,2
12594,563,2
12595,547,2
12596,585,2
12597,561,2
12598,575,2
12599,552,2
12600,451,2
12601,452,2
12602,443,2
12603,446,2
12604,471,2
12605,465,2
12606,461,2
12607,467,2
12608,461,2
12609,466,2
12610,472,2
12611,442,2
12612,480,2
12613,481,2
12614,463,2
12615,489,2
12616,449,2
12617,482,2
12618,480,2
12619,477,2
12620,483,2
12621,491,2
12622,464,2
12623,500,2
12624,485,2
12625,503,2
12626,501,2
12627,490,2
12628,495,2
12629,498,2
12630,519,2
12631,488,2
12632,498,2
12633,486,2
12634,508,2
12635,501,2
12636,504,2
12637,530,2
12638,504,2
12639,514,2
12640,512,2
12641,514,2
12642,554,2
12643,502,2
12644,532,2
12645,555,2
12646,541,2
12647,530,2
12648,517,2
12649,548,2
12650,546,2
12651,518,2
12652,534,2
12653,525,2
12654,507,2
12655,528,2
12656,546,2
12657,554,2
12658,544,2
12659,567,2
12660,564,2
12661,552,2
12662,552,2
12663,562,2
12664,558,2
12665,543,2
12666,559,2
12667,572,2
12668,581,2
12669,579,2
12670,573,2
12671,588,2
12672,578,2
12673,573,2
12674,594,2
12675,586,2
12676,595,2
12677,567,2
12678,573,2
12679,575,2
12680,589,2
12681,610,2
12682,576,2
12683,602,2
12684,579,2
12685,620,2
12686,578,2
12687,607,2
12688,611,2
12689,609,2
12690,593,2
12691,593,2
12692,622,2
12693,621,2
12694,623,2
12695,626,2
12696,596,2
12697,597,2
12698,609,2
12699,614,2
12700,440,2
12701,440,2
12702,436,2
12703,449,2
12704,437,2
12705,444,2
12706,456,2
12707,452,2
12708,453,2
12709,431,2
12710,452,2
12711,436,2
12712,432,2
12713,447,2
12714,438,2
12715,460,2
12716,461,2
12717,429,2
12718,443,2
12719,436,2
12720,449,2
12721,461,2
12722,454,2
12723,450,2
12724,474,2
12725,431,2
12726,475,2
12727,454,2
12728,461,2
12729,456,2
12730,482,2
12731,450,2
12732,466,2
12733,473,2
12734,448,2
12735,457,2
12736,467,2
12737,459,2
12738,461,2
12739,468,2
12740,480,2
12741,469,2
12742,487,2
12743,463,2
12744,461,2
12745,500,2
12746,470,2
12747,463,2
12748,459,2
12749,494,2
12750,478,2
12751,480,2
12752,482,2
12753,497,2
12754,483,2
12755,514,2
12756,489,2
12757,501,2
12758,499,2
12759,489,2
12760,484,2
12761,496,2
12762,499,2
12763,487,2
12764,496,2
12765,510,2
12766,521,2
12767,507,2
12768,520,2
12769,491,2
12770,508,2
12771,517,2
12772,491,2
12773,497,2
12774,524,2
12775,493,2
12776,489,2
12777,524,2
12778,521,2
12779,513,2
12780,508,2
12781,504,2
12782,514,2
12783,531,2
12784,515,2
12785,539,2
12786,504,2
12787,515,2
12788,512,2
12789,504,2
12790,516,2
12791,524,2
12792,526,2
12793,547,2
12794,527,2
12795,536,2
12796,524,2
12797,544,2
12798,554,2
12799,532,2
12800,449,2
12801,459,2
12802,480,2
12803,459,2
12804,483,2
12805,467,2
12806,456,2
12807,476,2
12808,461,2
12809,468,2
12810,450,2
12811,449,2
12812,475,2
12813,482,2
12814,494,2
12815,462,2
12816,490,2
12817,489,2
12818,469,2
12819,493,2
12820,488,2
12821,492,2
12822,505,2
12823,494,2
12824,456,2
12825,486,2
12826,465,2
12827,487,2
12828,487,2
12829,480,2
12830,476,2
12831,483,2
12832,486,2
12833,490,2
12834,494,2
12835,501,2
12836,491,2
12837,511,2
12838,496,2
12839,509,2
12840,496,2
12841,533,2
12842,507,2
12843,522,2
12844,495,2
12845,499,2
12846,503,2
12847,537,2
12848,505,2
12849,499,2
12850,526,2
12851,512,2
12852,510,2
12853,506,2
12854,521,2
12855,529,2
12856,526,2
12857,512,2
12858,507,2
12859,472,2
12860,510,2
12861,518,2
12862,523,2
12863,521,2
12864,559,2
12865,533,2
12866,513,2
12867,537,2
12868,535,2
12869,519,2
12870,536,2
12871,540,2
12872,547,2
12873,514,2
12874,545,2
12875,555,2
12876,562,2
12877,525,2
12878,540,2
12879,542,2
12880,552,2
12881,543,2
12882,537,2
12883,549,2
12884,544,2
12885,556,2
12886,540,2
12887,539,2
12888,568,2
12889,581,2
12890,576,2
12891,555,2
12892,570,2
12893,550,2
12894,565,2
12895,553,2
12896,576,2
12897,576,2
12898,588,2
12899,562,2
12900,403,2
12901,388,2
12902,400,2
12903,407,2
12904,401,2
12905,437,2
12906,400,2
12907,426,2
12908,423,2
12909,415,2
12910,406,2
12911,409,2
12912,414,2
12913,400,2
12914,411,2
12915,407,2
12916,443,2
12917,436,2
12918,439,2
12919,439,2
12920,435,2
12921,452,2
12922,429,2
12923,439,2
12924,449,2
12925,426,2
12926,480,2
12927,445,2
12928,448,2
12929,463,2
12930,461,2
12931,452,2
12932,455,2
12933,437,2
12934,450,2
12935,464,2
12936,465,2
12937,476,2
12938,462,2
12939,448,2
12940,479,2
12941,485,2
12942,481,2
12943,470,2
12944,486,2
12945,516,2
12946,478,2
12947,462,2
12948,473,2
12949,489,2
12950,464,2
12951,487,2
12952,491,2
12953,507,2
12954,506,2
12955,502,2
12956,467,2
12957,506,2
12958,505,2
12959,501,2
12960,479,2
12961,492,2
12962,489,2
12963,481,2
12964,506,2
12965,499,2
12966,541,2
12967,509,2
12968,529,2
12969,496,2
12970,510,2
12971,519,2
12972,509,2
12973,516,2
12974,521,2
12975,522,2
12976,549,2
12977,533,2
12978,536,2
12979,538,2
12980,540,2
12981,534,2
12982,533,2
12983,540,2
12984,554,2
12985,555,2
12986,540,2
12987,554,2
12988,544,2
12989,549,2
12990,544,2
12991,549,2
12992,569,2
12993,556,2
12994,558,2
12995,541,2
12996,556,2
12997,559,2
12998,553,2
12999,565,2
13000,457,2
13001,446,2
13002,433,2
13003,428,2
13004,440,2
13005,444,2
13006,438,2
13007,424,2
13008,434,2
13009,439,2
13010,442,2
13011,443,2
13012,449,2
13013,457,2
13014,454,2
13015,450,2
13016,429,2
13017,459,2
13018,455,2
13019,443,2
13020,447,2
13021,449,2
13022,443,2
13023,429,2
13024,437,2
13025,440,2
13026,428,2
13027,440,2
13028,467,2
13029,460,2
13030,444,2
13031,448,2
13032,472,2
13033,472,2
13034,460,2
13035,474,2
13036,451,2
13037,464,2
13038,444,2
13039,459,2
13040,464,2
13041,444,2
13042,473,2
13043,475,2
13044,479,2
13045,496,2
13046,474,2
13047,469,2
13048,451,2
13049,476,2
13050,479,2
13051,457,2
13052,471,2
13053,475,2
13054,482,2
13055,487,2
13056,471,2
13057,480,2
13058,486,2
13059,478,2
13060,476,2
13061,490,2
13062,480,2
13063,469,2
13064,500,2
13065,472,2
13066,484,2
13067,490,2
13068,493,2
13069,490,2
13070,454,2
13071,481,2
13072,494,2
13073,490,2
13074,498,2
13075,505,2
13076,500,2
13077,486,2
13078,489,2
13079,516,2
13080,495,2
13081,497,2
13082,505,2
13083,515,2
13084,490,2
13085,496,2
13086,483,2
13087,500,2
13088,511,2
13089,500,2
13090,527,2
13091,508,2
13092,506,2
13093,504,2
13094,493,2
13095,509,2
13096,515,2
13097,510,2
13098,515,2
13099,505,2
13100,448,2
13101,449,2
13102,473,2
13103,465,2
13104,470,2
13105,477,2
13106,470,2
13107,477,2
13108,449,2
13109,472,2
13110,469,2
13111,493,2
13112,486,2
13113,469,2
13114,483,2
13115,482,2
13116,488,2
13117,472,2
13118,490,2
13119,485,2
13120,493,2
13121,482,2
13122,486,2
13123,509,2
13124,484,2
13125,487,2
13126,499,2
13127,493,2
13128,493,2
13129,507,2
13130,489,2
13131,497,2
13132,535,2
13133,518,2
13134,505,2
13135,521,2
13136,525,2
13137,532,2
13138,520,2
13139,535,2
13140,501,2
13141,514,2
13142,531,2
13143,535,2
13144,521,2
13145,537,2
13146,528,2
13147,534,2
13148,552,2
13149,552,2
13150,531,2
13151,532,2
13152,542,2
13153,548,2
13154,542,2
13155,565,2
13156,558,2
13157,561,2
13158,542,2
13159,573,2
13160,527,2
13161,573,2
13162,576,2
13163,561,2
13164,584,2
13165,569,2
13166,573,2
13167,578,2
13168,614,2
13169,593,2
13170,587,2
13171,570,2
13172,584,2
13173,575,2
13174,596,2
13175,590,2
13176,576,2
13177,593,2
13178,583,2
13179,597,2
13180,587,2
13181,599,2
13182,610,2
13183,602,2
13184,600,2
13185,608,2
13186,616,2
13187,596,2
13188,615,2
13189,629,2
13190,622,2
13191,617,2
13192,626,2
13193,626,2
13194,631,2
13195,600,2
13196,607,2
13197,640,2
13198,611,2
13199,636,2
13200,403,2
13201,415,2
13202,397,2
13203,411,2
13204,410,2
13205,420,2
13206,419,2
13207,419,2
13208,415,2
13209,394,2
13210,417,2
13211,417,2
13212,427,2
13213,414,2
13214,421,2
13215,422,2
13216,414,2
13217,410,2
13218,430,2
13219,438,2
13220,420,2
13221,426,2
13222,440,2
13223,442,2
13224,435,2
13225,438,2
13226,441,2
13227,444,2
13228,424,2
13229,461,2
13230,442,2
13231,449,2
13232,432,2
13233,441,2
13234,448,2
13235,423,2
13236,435,2
13237,439,2
13238,433,2
13239,451,2
13240,450,2
13241,469,2
13242,440,2
13243,457,2
13244,445,2
13245,436,2
13246,465,2
13247,467,2
13248,467,2
13249,446,2
13250,464,2
13251,471,2
13252,477,2
13253,474,2
13254,479,2
13255,482,2
13256,471,2
13257,477,2
13258,484,2
13259,478,2
13260,489,2
13261,486,2
13262,470,2
13263,463,2
13264,480,2
13265,467,2
13266,483,2
13267,483,2
13268,500,2
13269,492,2
13270,498,2
13271,482,2
13272,507,2
13273,501,2
13274,497,2
13275,471,2
13276,508,2
13277,516,2
13278,496,2
13279,498,2
13280,492,2
13281,480,2
13282,494,2
13283,522,2
13284,516,2
13285,495,2
13286,499,2
13287,532,2
13288,496,2
13289,501,2
13290,505,2
13291,495,2
13292,506,2
13293,508,2
13294,504,2
13295,532,2
13296,504,2
13297,517,2
13298,509,2
13299,519,2
13300,447,2
13301,434,2
13302,407,2
13303,415,2
13304,431,2
13305,420,2
13306,397,2
13307,450,2
13308,443,2
13309,441,2
13310,429,2
13311,442,2
13312,429,2
13313,441,2
13314,429,2
13315,459,2
13316,423,2
13317,457,2
13318,444,2
13319,438,2
13320,447,2
13321,455,2
13322,463,2
13323,452,2
13324,438,2
13325,450,2
13326,472,2
13327,468,2
13328,463,2
13329,463,2
13330,463,2
13331,469,2
13332,451,2
13333,441,2
13334,459,2
13335,449,2
13336,447,2
13337,452,2
13338,491,2
13339,464,2
13340,468,2
13341,450,2
13342,443,2
13343,456,2
13344,484,2
13345,472,2
13346,476,2
13347,479,2
13348,463,2
13349,488,2
13350,465,2
13351,490,2
13352,479,2
13353,454,2
13354,467,2
13355,455,2
13356,492,2
13357,478,2
13358,453,2
13359,485,2
13360,475,2
13361,465,2
13362,503,2
13363,485,2
13364,482,2
13365,481,2
13366,469,2
13367,472,2
13368,504,2
13369,484,2
13370,491,2
13371,467,2
13372,477,2
13373,501,2
13374,499,2
13375,516,2
13376,512,2
13377,494,2
13378,503,2
13379,495,2
13380,524,2
13381,514,2
13382,503,2
13383,505,2
13384,521,2
13385,511,2
13386,524,2
13387,480,2
13388,512,2
13389,502,2
13390,530,2
13391,528,2
13392,511,2
13393,530,2
13394,534,2
13395,514,2
13396,544,2
13397,515,2
13398,513,2
13399,527,2
13400,418,2
13401,413,2
13402,422,2
13403,437,2
13404,432,2
13405,414,2
13406,434,2
13407,413,2
13408,411,2
13409,430,2
13410,416,2
13411,419,2
13412,440,2
13413,437,2
13414,425,2
13415,411,2
13416,422,2
13417,455,2
13418,444,2
13419,451,2
13420,437,2
13421,431,2
13422,447,2
13423,452,2
13424,432,2
13425,430,2
13426,421,2
13427,431,2
13428,449,2
13429,434,2
13430,454,2
13431,467,2
13432,444,2
13433,445,2
13434,452,2
13435,440,2
13436,440,2
13437,441,2
13438,435,2
13439,461,2
13440,445,2
13441,465,2
13442,459,2
13443,453,2
13444,464,2
13445,443,2
13446,446,2
13447,465,2
13448,431,2
13449,458,2
13450,466,2
13451,475,2
13452,479,2
13453,460,2
13454,471,2
13455,453,2
13456,458,2
13457,481,2
13458,465,2
13459,468,2
13460,454,2
13461,473,2
13462,477,2
13463,478,2
13464,456,2
13465,483,2
13466,460,2
13467,472,2
13468,454,2
13469,472,2
13470,463,2
13471,470,2
13472,477,2
13473,487,2
13474,488,2
13475,451,2
13476,488,2
13477,483,2
13478,475,2
13479,472,2
13480,482,2
13481,487,2
13482,489,2
13483,483,2
13484,456,2
13485,481,2
13486,474,2
13487,513,2
13488,490,2
13489,499,2
13490,499,2
13491,496,2
13492,488,2
13493,487,2
13494,470,2
13495,497,2
13496,500,2
13497,496,2
13498,499,2
13499,484,2
13500,399,2
13501,409,2
13502,401,2
13503,397,2
13504,401,2
13505,400,2
13506,400,2
13507,411,2
13508,438,2
13509,402,2
13510,408,2
13511,413,2
13512,406,2
13513,429,2
13514,388,2
13515,412,2
13516,429,2
13517,417,2
13518,411,2
13519,428,2
13520,434,2
13521,427,2
13522,416,2
13523,432,2
13524,423,2
13525,438,2
13526,448,2
13527,400,2
13528,434,2
13529,413,2
13530,464,2
13531,430,2
13532,446,2
13533,438,2
13534,430,2
13535,429,2
13536,461,2
13537,454,2
13538,467,2
13539,446,2
13540,450,2
13541,444,2
13542,445,2
13543,437,2
13544,452,2
13545,442,2
13546,458,2
13547,456,2
13548,459,2
13549,476,2
13550,457,2
13551,468,2
13552,484,2
13553,476,2
13554,476,2
13555,459,2
13556,467,2
13557,450,2
13558,472,2
13559,471,2
13560,469,2
13561,482,2
13562,456,2
13563,492,2
13564,484,2
13565,474,2
13566,474,2
13567,482,2
13568,496,2
13569,480,2
13570,482,2
13571,481,2
13572,504,2
13573,479,2
13574,484,2
13575,503,2
13576,489,2
13577,502,2
13578,478,2
13579,488,2
13580,509,2
13581,484,2
13582,492,2
13583,498,2
13584,484,2
13585,492,2
13586,499,2
13587,500,2
13588,516,2
13589,520,2
13590,492,2
13591,505,2
13592,513,2
13593,524,2
13594,516,2
13595,512,2
13596,517,2
13597,519,2
13598,501,2
13599,515,2
13600,423,2
13601,445,2
13602,416,2
13603,424,2
13604,418,2
13605,444,2
13606,442,2
13607,418,2
13608,411,2
13609,447,2
13610,423,2
13611,450,2
13612,434,2
13613,452,2
13614,450,2
13615,440,2
13616,438,2
13617,457,2
13618,443,2
13619,466,2
13620,445,2
13621,460,2
13622,453,2
13623,459,2
13624,453,2
13625,460,2
13626,433,2
13627,456,2
13628,460,2
13629,468,2
13630,486,2
13631,464,2
13632,491,2
13633,465,2
13634,464,2
13635,456,2
13636,488,2
13637,483,2
13638,490,2
13639,487,2
13640,487,2
13641,492,2
13642,516,2
13643,486,2
13644,518,2
13645,505,2
13646,501,2
13647,505,2
13648,461,2
13649,498,2
13650,495,2
13651,530,2
13652,502,2
13653,507,2
13654,509,2
13655,495,2
13656,506,2
13657,524,2
13658,490,2
13659,521,2
13660,508,2
13661,536,2
13662,527,2
13663,505,2
13664,520,2
13665,532,2
13666,525,2
13667,532,2
13668,531,2
13669,544,2
13670,540,2
13671,536,2
13672,538,2
13673,527,2
13674,559,2
13675,578,2
13676,540,2
13677,546,2
13678,560,2
13679,561,2
13680,553,2
13681,541,2
13682,576,2
13683,564,2
13684,560,2
13685,550,2
13686,561,2
13687,540,2
13688,572,2
13689,577,2
13690,569,2
13691,557,2
13692,575,2
13693,581,2
13694,564,2
13695,586,2
13696,583,2
13697,575,2
13698,573,2
13699,579,2
13700,442,2
13701,436,2
13702,429,2
13703,437,2
13704,451,2
13705,429,2
13706,441,2
13707,437,2
13708,444,2
13709,432,2
13710,442,2
13711,455,2
13712,431,2
13713,427,2
13714,429,2
13715,431,2
13716,453,2
13717,430,2
13718,444,2
13719,456,2
13720,455,2
13721,446,2
13722,454,2
13723,454,2
13724,451,2
13725,452,2
13726,482,2
13727,466,2
13728,487,2
13729,452,2
13730,458,2
13731,444,2
13732,451,2
13733,485,2
13734,457,2
13735,487,2
13736,450,2
13737,453,2
13738,462,2
13739,467,2
13740,479,2
13741,475,2
13742,465,2
13743,470,2
13744,468,2
13745,462,2
13746,463,2
13747,487,2
13748,454,2
13749,496,2
13750,474,2
13751,469,2
13752,489,2
13753,498,2
13754,495,2
13755,488,2
13756,496,2
13757,464,2
13758,479,2
13759,475,2
13760,502,2
13761,483,2
13762,499,2
13763,496,2
13764,481,2
13765,485,2
13766,508,2
13767,484,2
13768,496,2
13769,486,2
13770,493,2
13771,497,2
13772,489,2
13773,488,2
13774,504,2
13775,491,2
13776,492,2
13777,492,2
13778,503,2
13779,516,2
13780,524,2
13781,498,2
13782,534,2
13783,497,2
13784,523,2
13785,502,2
13786,501,2
13787,503,2
13788,513,2
13789,521,2
13790,523,2
13791,505,2
13792,505,2
13793,507,2
13794,518,2
13795,517,2
13796,509,2
13797,525,2
13798,550,2
13799,518,2
13800,455,2
13801,434,2
13802,436,2
13803,447,2
13804,439,2
13805,460,2
13806,446,2
13807,440,2
13808,440,2
13809,464,2
13810,426,2
13811,445,2
13812,475,2
13813,455,2
13814,469,2
13815,467,2
13816,460,2
13817,444,2
13818,449,2
13819,450,2
13820,473,2
13821,476,2
13822,458,2
13823,469,2
13824,471,2
13825,473,2
13826,464,2
13827,494,2
13828,483,2
13829,477,2
13830,471,2
13831,468,2
13832,484,2
13833,475,2
13834,483,2
13835,460,2
13836,477,2
13837,483,2
13838,497,2
13839,475,2
13840,470,2
13841,494,2
13842,489,2
13843,470,2
13844,472,2
13845,485,2
13846,493,2
13847,512,2
13848,483,2
13849,503,2
13850,474,2
13851,503,2
13852,518,2
13853,503,2
13854,494,2
13855,518,2
13856,508,2
13857,507,2
13858,494,2
13859,512,2
13860,500,2
13861,513,2
13862,511,2
13863,525,2
13864,506,2
13865,512,2
13866,524,2
13867,513,2
13868,516,2
13869,513,2
13870,517,2
13871,528,2
13872,543,2
13873,502,2
13874,508,2
13875,522,2
13876,526,2
13877,523,2
13878,521,2
13879,513,2
13880,522,2
13881,540,2
13882,532,2
13883,540,2
13884,519,2
13885,552,2
13886,529,2
13887,542,2
13888,536,2
13889,532,2
13890,545,2
13891,548,2
13892,574,2
13893,550,2
13894,551,2
13895,559,2
13896,552,2
13897,546,2
13898,552,2
13899,559,2
13900,398,2
13901,408,2
13902,438,2
13903,399,2
13904,404,2
13905,419,2
13906,428,2
13907,446,2
13908,427,2
13909,423,2
13910,435,2
13911,439,2
13912,440,2
13913,434,2
13914,414,2
13915,428,2
13916,457,2
13917,444,2
13918,439,2
13919,458,2
13920,432,2
13921,445,2
13922,450,2
13923,445,2
13924,453,2
13925,451,2
13926,438,2
13927,458,2
13928,441,2
13929,461,2
13930,477,2
13931,458,2
13932,449,2
13933,463,2
13934,456,2
13935,475,2
13936,467,2
13937,491,2
13938,486,2
13939,471,2
13940,483,2
13941,471,2
13942,478,2
13943,475,2
13944,490,2
13945,499,2
13946,493,2
13947,496,2
13948,497,2
13949,494,2
13950,475,2
13951,511,2
13952,513,2
13953,490,2
13954,490,2
13955,503,2
13956,504,2
13957,497,2
13958,485,2
13959,505,2
13960,510,2
13961,513,2
13962,510,2
13963,504,2
13964,521,2
13965,511,2
13966,506,2
13967,511,2
13968,494,2
13969,514,2
13970,526,2
13971,523,2
13972,539,2
13973,519,2
13974,529,2
13975,534,2
13976,554,2
13977,529,2
13978,517,2
13979,541,2
13980,554,2
13981,529,2
13982,545,2
13983,551,2
13984,550,2
13985,541,2
13986,532,2
13987,541,2
13988,549,2
13989,556,2
13990,550,2
13991,543,2
13992,556,2
13993,561,2
13994,557,2
13995,543,2
13996,553,2
13997,568,2
13998,541,2
13999,534,2
14000,391,2
14001,409,2
14002,418,2
14003,421,2
14004,411,2
14005,421,2
14006,403,2
14007,410,2
14008,400,2
14009,430,2
14010,441,2
14011,415,2
14012,394,2
14013,411,2
14014,416,2
14015,410,2
14016,415,2
14017,431,2
14018,439,2
14019,408,2
14020,428,2
14021,436,2
14022,425,2
14023,442,2
14024,440,2
14025,437,2
14026,434,2
14027,449,2
14028,439,2
14029,429,2
14030,451,2
14031,438,2
14032,435,2
14033,458,2
14034,456,2
14035,449,2
14036,464,2
14037,468,2
14038,468,2
14039,469,2
14040,449,2
14041,486,2
14042,478,2
14043,462,2
14044,475,2
14045,479,2
14046,478,2
14047,502,2
14048,459,2
14049,466,2
14050,458,2
14051,488,2
14052,495,2
14053,495,2
14054,489,2
14055,499,2
14056,492,2
14057,506,2
14058,512,2
14059,490,2
14060,499,2
14061,503,2
14062,523,2
14063,498,2
14064,523,2
14065,493,2
14066,528,2
14067,525,2
14068,514,2
14069,529,2
14070,514,2
14071,510,2
14072,544,2
14073,518,2
14074,535,2
14075,542,2
14076,540,2
14077,539,2
14078,542,2
14079,548,2
14080,541,2
14081,538,2
14082,524,2
14083,546,2
14084,556,2
14085,532,2
14086,544,2
14087,554,2
14088,569,2
14089,538,2
14090,563,2
14091,551,2
14092,549,2
14093,548,2
14094,553,2
14095,568,2
14096,561,2
14097,574,2
14098,554,2
14099,578,2
14100,418,2
14101,420,2
14102,405,2
14103,437,2
14104,418,2
14105,427,2
14106,416,2
14107,416,2
14108,440,2
14109,428,2
14110,441,2
14111,428,2
14112,416,2
14113,420,2
14114,430,2
14115,423,2
14116,418,2
14117,447,2
14118,428,2
14119,437,2
14120,441,2
14121,432,2
14122,457,2
14123,428,2
14124,446,2
14125,447,2
14126,445,2
14127,431,2
14128,459,2
14129,459,2
14130,443,2
14131,461,2
14132,458,2
14133,440,2
14134,446,2
14135,472,2
14136,463,2
14137,454,2
14138,452,2
14139,457,2
14140,460,2
14141,456,2
14142,447,2
14143,483,2
14144,482,2
14145,457,2
14146,475,2
14147,464,2
14148,473,2
14149,473,2
14150,474,2
14151,504,2
14152,476,2
14153,473,2
14154,475,2
14155,498,2
14156,467,2
14157,479,2
14158,507,2
14159,494,2
14160,495,2
14161,520,2
14162,498,2
14163,488,2
14164,495,2
14165,486,2
14166,516,2
14167,509,2
14168,517,2
14169,520,2
14170,502,2
14171,497,2
14172,509,2
14173,500,2
14174,514,2
14175,527,2
14176,513,2
14177,518,2
14178,517,2
14179,529,2
14180,513,2
14181,496,2
14182,529,2
14183,537,2
14184,531,2
14185,520,2
14186,515,2
14187,536,2
14188,533,2
14189,532,2
14190,556,2
14191,524,2
14192,558,2
14193,539,2
14194,518,2
14195,539,2
14196,554,2
14197,540,2
14198,528,2
14199,545,2
14200,445,2
14201,445,2
14202,467,2
14203,464,2
14204,448,2
14205,449,2
14206,471,2
14207,443,2
14208,477,2
14209,474,2
14210,440,2
14211,469,2
14212,447,2
14213,458,2
14214,468,2
14215,460,2
14216,503,2
14217,489,2
14218,497,2
14219,480,2
14220,484,2
14221,504,2
14222,492,2
14223,496,2
14224,479,2
14225,480,2
14226,496,2
14227,499,2
14228,484,2
14229,502,2
14230,485,2
14231,501,2
14232,485,2
14233,520,2
14234,502,2
14235,499,2
14236,495,2
14237,496,2
14238,518,2
14239,526,2
14240,526,2
14241,534,2
14242,540,2
14243,532,2
14244,516,2
14245,526,2
14246,498,2
14247,534,2
14248,530,2
14249,549,2
14250,523,2
14251,539,2
14252,523,2
14253,535,2
14254,518,2
14255,556,2
14256,554,2
14257,537,2
14258,548,2
14259,547,2
14260,540,2
14261,551,2
14262,546,2
14263,564,2
14264,552,2
14265,585,2
14266,557,2
14267,560,2
14268,567,2
14269,572,2
14270,565,2
14271,572,2
14272,569,2
14273,559,2
14274,558,2
14275,580,2
14276,592,2
14277,556,2
14278,560,2
14279,561,2
14280,589,2
14281,592,2
14282,571,2
14283,611,2
14284,582,2
14285,605,2
14286,599,2
14287,580,2
14288,588,2
14289,584,2
14290,580,2
14291,595,2
14292,585,2
14293,599,2
14294,626,2
14295,612,2
14296,599,2
14297,600,2
14298,604,2
14299,635,2
14300,413,2
14301,430,2
14302,441,2
14303,422,2
14304,417,2
14305,432,2
14306,415,2
14307,424,2
14308,447,2
14309,434,2
14310,412,2
14311,414,2
14312,438,2
14313,448,2
14314,419,2
14315,444,2
14316,456,2
14317,464,2
14318,446,2
14319,449,2
14320,418,2
14321,470,2
14322,439,2
14323,435,2
14324,444,2
14325,467,2
14326,476,2
14327,452,2
14328,463,2
14329,453,2
14330,441,2
14331,472,2
14332,448,2
14333,474,2
14334,472,2
14335,465,2
14336,481,2
14337,486,2
14338,459,2
14339,452,2
14340,440,2
14341,490,2
14342,459,2
14343,479,2
14344,457,2
14345,486,2
14346,460,2
14347,455,2
14348,467,2
14349,465,2
14350,479,2
14351,472,2
14352,481,2
14353,471,2
14354,468,2
14355,470,2
14356,502,2
14357,481,2
14358,456,2
14359,474,2
14360,482,2
14361,504,2
14362,495,2
14363,473,2
14364,514,2
14365,486,2
14366,502,2
14367,474,2
14368,460,2
14369,473,2
14370,452,2
14371,517,2
14372,495,2
14373,482,2
14374,500,2
14375,498,2
14376,504,2
14377,512,2
14378,495,2
14379,489,2
14380,510,2
14381,511,2
14382,503,2
14383,529,2
14384,499,2
14385,494,2
14386,511,2
14387,499,2
14388,514,2
14389,499,2
14390,505,2
14391,533,2
14392,506,2
14393,503,2
14394,527,2
14395,502,2
14396,507,2
14397,523,2
14398,528,2
14399,533,2
14400,432,2
14401,425,2
14402,450,2
14403,453,2
14404,433,2
14405,430,2
14406,435,2
14407,448,2
14408,431,2
14409,462,2
14410,463,2
14411,456,2
14412,462,2
14413,454,2
14414,459,2
14415,439,2
14416,473,2
14417,451,2
14418,456,2
14419,489,2
14420,457,2
14421,470,2
14422,468,2
14423,447,2
14424,452,2
14425,489,2
14426,473,2
14427,467,2
14428,461,2
14429,473,2
14430,475,2
14431,474,2
14432,485,2
14433,462,2
14434,462,2
14435,487,2
14436,501,2
14437,487,2
14438,493,2
14439,478,2
14440,483,2
14441,484,2
14442,481,2
14443,500,2
14444,497,2
14445,480,2
14446,466,2
14447,486,2
14448,474,2
14449,489,2
14450,477,2
14451,506,2
14452,500,2
14453,501,2
14454,507,2
14455,499,2
14456,502,2
14457,514,2
14458,496,2
14459,506,2
14460,487,2
14461,502,2
14462,529,2
14463,513,2
14464,503,2
14465,508,2
14466,506,2
14467,510,2
14468,503,2
14469,515,2
14470,516,2
14471,511,2
14472,513,2
14473,517,2
14474,507,2
14475,521,2
14476,525,2
14477,534,2
14478,522,2
14479,512,2
14480,518,2
14481,507,2
14482,530,2
14483,498,2
14484,536,2
14485,538,2
14486,491,2
14487,542,2
14488,540,2
14489,525,2
14490,515,2
14491,521,2
14492,523,2
14493,548,2
14494,528,2
14495,546,2
14496,534,2
14497,537,2
14498,519,2
14499,525,2
14500,451,2
14501,456,2
14502,450,2
14503,444,2
14504,447,2
14505,453,2
14506,458,2
14507,455,2
14508,459,2
14509,442,2
14510,470,2
14511,466,2
14512,477,2
14513,467,2
14514,448,2
14515,466,2
14516,470,2
14517,483,2
14518,451,2
14519,478,2
14520,486,2
14521,474,2
14522,484,2
14523,478,2
14524,478,2
14525,484,2
14526,482,2
14527,500,2
14528,485,2
14529,485,2
14530,519,2
14531,511,2
14532,479,2
14533,494,2
14534,508,2
14535,510,2
14536,490,2
14537,524,2
14538,522,2
14539,519,2
14540,532,2
14541,523,2
14542,524,2
14543,539,2
14544,536,2
14545,514,2
14546,534,2
14547,520,2
14548,536,2
14549,537,2
14550,517,2
14551,534,2
14552,540,2
14553,533,2
14554,544,2
14555,552,2
14556,544,2
14557,548,2
14558,564,2
14559,555,2
14560,553,2
14561,541,2
14562,563,2
14563,560,2
14564,574,2
14565,561,2
14566,540,2
14567,543,2
14568,574,2
14569,560,2
14570,574,2
14571,572,2
14572,571,2
14573,573,2
14574,566,2
14575,578,2
14576,573,2
14577,577,2
14578,579,2
14579,582,2
14580,598,2
14581,587,2
14582,603,2
14583,611,2
14584,604,2
14585,602,2
14586,601,2
14587,610,2
14588,602,2
14589,615,2
14590,612,2
14591,602,2
14592,619,2
14593,611,2
14594,610,2
14595,608,2
14596,617,2
14597,629,2
14598,630,2
14599,625,2
14600,416,2
14601,432,2
14602,438,2
14603,451,2
14604,428,2
14605,443,2
14606,442,2
14607,453,2
14608,459,2
14609,447,2
14610,449,2
14611,449,2
14612,454,2
14613,460,2
14614,478,2
14615,451,2
14616,486,2
14617,451,2
14618,479,2
14619,463,2
14620,460,2
14621,488,2
14622,474,2
14623,475,2
14624,473,2
14625,471,2
14626,477,2
14627,442,2
14628,460,2
14629,488,2
14630,499,2
14631,503,2
14632,476,2
14633,492,2
14634,464,2
14635,488,2
14636,503,2
14637,495,2
14638,492,2
14639,498,2
14640,515,2
14641,498,2
14642,503,2
14643,522,2
14644,502,2
14645,487,2
14646,524,2
14647,522,2
14648,484,2
14649,511,2
14650,514,2
14651,532,2
14652,517,2
14653,520,2
14654,522,2
14655,515,2
14656,538,2
14657,514,2
14658,520,2
14659,527,2
14660,512,2
14661,551,2
14662,531,2
14663,543,2
14664,523,2
14665,544,2
14666,547,2
14667,550,2
14668,563,2
14669,535,2
14670,541,2
14671,534,2
14672,545,2
14673,555,2
14674,556,2
14675,570,2
14676,557,2
14677,553,2
14678,541,2
14679,566,2
14680,555,2
14681,569,2
14682,555,2
14683,576,2
14684,568,2
14685,576,2
14686,571,2
14687,556,2
14688,564,2
14689,555,2
14690,574,2
14691,556,2
14692,578,2
14693,533,2
14694,587,2
14695,566,2
14696,569,2
14697,598,2
14698,587,2
14699,595,2
14700,440,2
14701,442,2
14702,436,2
14703,430,2
14704,457,2
14705,459,2
14706,434,2
14707,444,2
14708,445,2
14709,447,2
14710,449,2
14711,461,2
14712,442,2
14713,442,2
14714,468,2
14715,449,2
14716,440,2
14717,450,2
14718,453,2
14719,477,2
14720,471,2
14721,474,2
14722,472,2
14723,474,2
14724,456,2
14725,463,2
14726,454,2
14727,465,2
14728,476,2
14729,471,2
14730,486,2
14731,458,2
14732,479,2
14733,459,2
14734,476,2
14735,485,2
14736,474,2
14737,485,2
14738,468,2
14739,460,2
14740,488,2
14741,503,2
14742,471,2
14743,499,2
14744,486,2
14745,471,2
14746,474,2
14747,489,2
14748,485,2
14749,475,2
14750,472,2
14751,483,2
14752,497,2
14753,495,2
14754,490,2
14755,500,2
14756,511,2
14757,504,2
14758,499,2
14759,513,2
14760,491,2
14761,501,2
14762,503,2
14763,491,2
14764,502,2
14765,484,2
14766,532,2
14767,499,2
14768,531,2
14769,513,2
14770,521,2
14771,509,2
14772,519,2
14773,525,2
14774,526,2
14775,529,2
14776,516,2
14777,516,2
14778,503,2
14779,530,2
14780,538,2
14781,545,2
14782,531,2
14783,519,2
14784,509,2
14785,543,2
14786,510,2
14787,528,2
14788,531,2
14789,534,2
14790,536,2
14791,538,2
14792,509,2
14793,539,2
14794,513,2
14795,550,2
14796,535,2
14797,517,2
14798,534,2
14799,538,2
14800,437,2
14801,432,2
14802,436,2
14803,433,2
14804,423,2
14805,427,2
14806,422,2
14807,458,2
14808,424,2
14809,455,2
14810,427,2
14811,456,2
14812,460,2
14813,464,2
14814,439,2
14815,455,2
14816,448,2
14817,446,2
14818,459,2
14819,470,2
14820,454,2
14821,467,2
14822,454,2
14823,454,2
14824,464,2
14825,467,2
14826,480,2
14827,458,2
14828,501,2
14829,455,2
14830,481,2
14831,476,2
14832,474,2
14833,481,2
14834,493,2
14835,496,2
14836,486,2
14837,494,2
14838,475,2
14839,491,2
14840,499,2
14841,469,2
14842,499,2
14843,498,2
14844,517,2
14845,505,2
14846,510,2
14847,503,2
14848,516,2
14849,516,2
14850,496,2
14851,517,2
14852,529,2
14853,528,2
14854,518,2
14855,523,2
14856,532,2
14857,509,2
14858,530,2
14859,503,2
14860,538,2
14861,525,2
14862,530,2
14863,526,2
14864,534,2
14865,539,2
14866,547,2
14867,555,2
14868,542,2
14869,523,2
14870,560,2
14871,528,2
14872,543,2
14873,544,2
14874,551,2
14875,538,2
14876,539,2
14877,556,2
14878,548,2
14879,576,2
14880,554,2
14881,550,2
14882,584,2
14883,572,2
14884,600,2
14885,546,2
14886,573,2
14887,578,2
14888,575,2
14889,572,2
14890,593,2
14891,585,2
14892,561,2
14893,572,2
14894,570,2
14895,584,2
14896,599,2
14897,585,2
14898,588,2
14899,581,2
14900,469,2
14901,464,2
14902,460,2
14903,458,2
14904,446,2
14905,434,2
14906,462,2
14907,471,2
14908,461,2
14909,457,2
14910,470,2
14911,465,2
14912,487,2
14913,482,2
14914,480,2
14915,479,2
14916,455,2
14917,479,2
14918,477,2
14919,481,2
14920,480,2
14921,481,2
14922,509,2
14923,477,2
14924,490,2
14925,474,2
14926,490,2
14927,493,2
14928,487,2
14929,503,2
14930,474,2
14931,479,2
14932,489,2
14933,498,2
14934,490,2
14935,505,2
14936,482,2
14937,477,2
14938,496,2
14939,492,2
14940,501,2
14941,495,2
14942,492,2
14943,496,2
14944,498,2
14945,495,2
14946,498,2
14947,496,2
14948,512,2
14949,505,2
14950,531,2
14951,507,2
14952,499,2
14953,539,2
14954,513,2
14955,521,2
14956,517,2
14957,518,2
14958,518,2
14959,500,2
14960,518,2
14961,499,2
14962,514,2
14963,508,2
14964,522,2
14965,523,2
14966,525,2
14967,524,2
14968,514,2
14969,519,2
14970,535,2
14971,537,2
14972,512,2
14973,508,2
14974,519,2
14975,541,2
14976,544,2
14977,519,2
14978,535,2
14979,554,2
14980,538,2
14981,551,2
14982,547,2
14983,525,2
14984,535,2
14985,539,2
14986,541,2
14987,551,2
14988,546,2
14989,507,2
14990,527,2
14991,518,2
14992,547,2
14993,549,2
14994,551,2
14995,537,2
14996,557,2
14997,559,2
14998,536,2
14999,534,2
15000,450,2
15001,448,2
15002,433,2
15003,437,2
15004,445,2
15005,423,2
15006,456,2
15007,425,2
15008,449,2
15009,442,2
15010,459,2
15011,426,2
15012,434,2
15013,448,2
15014,463,2
15015,461,2
15016,472,2
15017,462,2
15018,462,2
15019,451,2
15020,462,2
15021,466,2
15022,443,2
15023,458,2
15024,476,2
15025,473,2
15026,470,2
15027,467,2
15028,454,2
15029,450,2
15030,474,2
15031,497,2
15032,481,2
15033,494,2
15034,469,2
15035,488,2
15036,477,2
15037,478,2
15038,497,2
15039,488,2
15040,474,2
15041,493,2
15042,485,2
15043,478,2
15044,484,2
15045,522,2
15046,513,2
15047,476,2
15048,499,2
15049,501,2
15050,501,2
15051,497,2
15052,516,2
15053,519,2
15054,522,2
15055,515,2
15056,519,2
15057,509,2
15058,496,2
15059,497,2
15060,507,2
15061,516,2
15062,504,2
15063,508,2
15064,518,2
15065,534,2
15066,529,2
15067,516,2
15068,528,2
15069,513,2
15070,520,2
15071,512,2
15072,538,2
15073,531,2
15074,534,2
15075,547,2
15076,526,2
15077,545,2
15078,565,2
15079,530,2
15080,525,2
15081,530,2
15082,551,2
15083,568,2
15084,569,2
15085,560,2
15086,562,2
15087,558,2
15088,563,2
15089,559,2
15090,547,2
15091,579,2
15092,575,2
15093,551,2
15094,570,2
15095,581,2
15096,570,2
15097,563,2
15098,584,2
15099,572,2
15100,408,2
15101,401,2
15102,430,2
15103,410,2
15104,401,2
15105,405,2
15106,416,2
15107,425,2
15108,401,2
15109,440,2
15110,423,2
15111,426,2
15112,421,2
15113,423,2
15114,422,2
15115,437,2
15116,426,2
15117,437,2
15118,423,2
15119,432,2
15120,421,2
15121,447,2
15122,423,2
15123,431,2
15124,432,2
15125,433,2
15126,447,2
15127,435,2
15128,457,2
15129,432,2
15130,445,2
15131,434,2
15132,450,2
15133,446,2
15134,445,2
15135,463,2
15136,442,2
15137,458,2
15138,443,2
15139,454,2
15140,440,2
15141,447,2
15142,455,2
15143,479,2
15144,460,2
15145,480,2
15146,464,2
15147,458,2
15148,482,2
15149,470,2
15150,458,2
15151,472,2
15152,464,2
15153,445,2
15154,482,2
15155,485,2
15156,495,2
15157,479,2
15158,472,2
15159,486,2
15160,487,2
15161,498,2
15162,479,2
15163,479,2
15164,473,2
15165,489,2
15166,466,2
15167,495,2
15168,494,2
15169,495,2
15170,490,2
15171,508,2
15172,502,2
15173,485,2
15174,486,2
15175,484,2
15176,502,2
15177,485,2
15178,511,2
15179,515,2
15180,490,2
15181,499,2
15182,503,2
15183,514,2
15184,524,2
15185,486,2
15186,504,2
15187,505,2
15188,493,2
15189,505,2
15190,517,2
15191,510,2
15192,496,2
15193,550,2
15194,520,2
15195,519,2
15196,506,2
15197,523,2
15198,519,2
15199,500,2
15200,430,2
15201,460,2
15202,444,2
15203,439,2
15204,457,2
15205,422,2
15206,438,2
15207,471,2
15208,444,2
15209,445,2
15210,461,2
15211,463,2
15212,433,2
15213,455,2
15214,472,2
15215,445,2
15216,449,2
15217,455,2
15218,464,2
15219,439,2
15220,420,2
15221,461,2
15222,474,2
15223,457,2
15224,454,2
15225,461,2
15226,483,2
15227,457,2
15228,473,2
15229,453,2
15230,455,2
15231,479,2
15232,490,2
15233,482,2
15234,448,2
15235,468,2
15236,477,2
15237,476,2
15238,453,2
15239,462,2
15240,469,2
15241,479,2
15242,457,2
15243,489,2
15244,482,2
15245,471,2
15246,487,2
15247,469,2
15248,486,2
15249,466,2
15250,469,2
15251,485,2
15252,483,2
15253,497,2
15254,493,2
15255,520,2
15256,492,2
15257,457,2
15258,473,2
15259,484,2
15260,540,2
15261,500,2
15262,515,2
15263,515,2
15264,489,2
15265,483,2
15266,514,2
15267,480,2
15268,520,2
15269,508,2
15270,518,2
15271,515,2
15272,517,2
15273,515,2
15274,518,2
15275,516,2
15276,500,2
15277,513,2
15278,545,2
15279,523,2
15280,534,2
15281,510,2
15282,511,2
15283,509,2
15284,509,2
15285,507,2
15286,530,2
15287,524,2
15288,540,2
15289,526,2
15290,502,2
15291,538,2
15292,509,2
15293,537,2
15294,526,2
15295,539,2
15296,520,2
15297,548,2
15298,540,2
15299,537,2
15300,433,2
15301,441,2
15302,433,2
15303,421,2
15304,426,2
15305,436,2
15306,452,2
15307,444,2
15308,430,2
15309,449,2
15310,437,2
15311,454,2
15312,475,2
15313,442,2
15314,457,2
15315,439,2
15316,448,2
15317,451,2
15318,450,2
15319,483,2
15320,451,2
15321,463,2
15322,434,2
15323,463,2
15324,473,2
15325,454,2
15326,432,2
15327,463,2
15328,465,2
15329,474,2
15330,491,2
15331,464,2
15332,459,2
15333,457,2
15334,474,2
15335,479,2
15336,468,2
15337,485,2
15338,482,2
15339,479,2
15340,468,2
15341,475,2
15342,453,2
15343,486,2
15344,485,2
15345,488,2
15346,493,2
15347,493,2
15348,488,2
15349,491,2
15350,475,2
15351,486,2
15352,495,2
15353,486,2
15354,507,2
15355,490,2
15356,502,2
15357,502,2
15358,510,2
15359,514,2
15360,512,2
15361,480,2
15362,521,2
15363,526,2
15364,503,2
15365,513,2
15366,501,2
15367,489,2
15368,505,2
15369,509,2
15370,512,2
15371,506,2
15372,510,2
15373,520,2
15374,512,2
15375,529,2
15376,532,2
15377,554,2
15378,540,2
15379,530,2
15380,521,2
15381,533,2
15382,535,2
15383,526,2
15384,543,2
15385,518,2
15386,533,2
15387,544,2
15388,535,2
15389,537,2
15390,539,2
15391,532,2
15392,558,2
15393,533,2
15394,550,2
15395,552,2
15396,537,2
15397,551,2
15398,540,2
15399,569,2
15400,405,2
15401,398,2
15402,400,2
15403,414,2
15404,419,2
15405,386,2
15406,408,2
15407,413,2
15408,420,2
15409,416,2
15410,422,2
15411,416,2
15412,410,2
15413,431,2
15414,433,2
15415,433,2
15416,437,2
15417,417,2
15418,424,2
15419,445,2
15420,438,2
15421,436,2
15422,434,2
15423,454,2
15424,419,2
15425,445,2
15426,442,2
15427,430,2
15428,466,2
15429,416,2
15430,451,2
15431,458,2
15432,442,2
15433,458,2
15434,454,2
15435,470,2
15436,502,2
15437,466,2
15438,470,2
15439,453,2
15440,469,2
15441,464,2
15442,479,2
15443,454,2
15444,460,2
15445,489,2
15446,479,2
15447,494,2
15448,484,2
15449,488,2
15450,479,2
15451,482,2
15452,498,2
15453,486,2
15454,504,2
15455,490,2
15456,479,2
15457,479,2
15458,494,2
15459,509,2
15460,492,2
15461,510,2
15462,504,2
15463,512,2
15464,503,2
15465,510,2
15466,521,2
15467,511,2
15468,507,2
15469,493,2
15470,523,2
15471,509,2
15472,513,2
15473,508,2
15474,520,2
15475,550,2
15476,530,2
15477,520,2
15478,524,2
15479,514,2
15480,519,2
15481,519,2
15482,539,2
15483,543,2
15484,540,2
15485,546,2
15486,534,2
15487,531,2
15488,532,2
15489,533,2
15490,554,2
15491,575,2
15492,540,2
15493,550,2
15494,558,2
15495,554,2
15496,563,2
15497,554,2
15498,554,2
15499,562,2
15500,451,2
15501,436,2
15502,434,2
15503,460,2
15504,437,2
15505,443,2
15506,463,2
15507,454,2
15508,433,2
15509,477,2
15510,451,2
15511,454,2
15512,464,2
15513,469,2
15514,487,2
15515,445,2
15516,476,2
15517,476,2
15518,467,2
15519,480,2
15520,483,2
15521,456,2
15522,495,2
15523,457,2
15524,464,2
15525,475,2
15526,503,2
15527,478,2
15528,482,2
15529,501,2
15530,482,2
15531,473,2
15532,483,2
15533,506,2
15534,492,2
15535,516,2
15536,503,2
15537,488,2
15538,497,2
15539,488,2
15540,491,2
15541,555,2
15542,514,2
15543,514,2
15544,498,2
15545,525,2
15546,521,2
15547,532,2
15548,533,2
15549,494,2
15550,500,2
15551,503,2
15552,505,2
15553,521,2
15554,512,2
15555,545,2
15556,545,2
15557,523,2
15558,548,2
15559,544,2
15560,522,2
15561,505,2
15562,528,2
15563,524,2
15564,535,2
15565,535,2
15566,536,2
15567,543,2
15568,524,2
15569,545,2
15570,536,2
15571,545,2
15572,556,2
15573,531,2
15574,543,2
15575,547,2
15576,543,2
15577,562,2
15578,544,2
15579,547,2
15580,547,2
15581,570,2
15582,552,2
15583,565,2
15584,584,2
15585,561,2
15586,577,2
15587,585,2
15588,579,2
15589,568,2
15590,577,2
15591,555,2
15592,563,2
15593,566,2
15594,602,2
15595,566,2
15596,568,2
15597,566,2
15598,587,2
15599,583,2
15600,431,2
15601,416,2
15602,436,2
15603,457,2
15604,438,2
15605,431,2
15606,453,2
15607,450,2
15608,448,2
15609,456,2
15610,443,2
15611,446,2
15612,463,2
15613,445,2
15614,477,2
15615,474,2
15616,447,2
15617,480,2
15618,466,2
15619,482,2
15620,469,2
15621,467,2
15622,467,2
15623,443,2
15624,485,2
15625,467,2
15626,489,2
15627,499,2
15628,473,2
15629,474,2
15630,496,2
15631,479,2
15632,502,2
15633,480,2
15634,507,2
15635,488,2
15636,497,2
15637,506,2
15638,502,2
15639,511,2
15640,482,2
15641,496,2
15642,503,2
15643,495,2
15644,517,2
15645,501,2
15646,500,2
15647,522,2
15648,500,2
15649,502,2
15650,522,2
15651,533,2
15652,521,2
15653,501,2
15654,530,2
15655,516,2
15656,538,2
15657,522,2
15658,542,2
15659,525,2
15660,523,2
15661,510,2
15662,527,2
15663,538,2
15664,539,2
15665,547,2
15666,556,2
15667,543,2
15668,545,2
15669,559,2
15670,550,2
15671,538,2
15672,544,2
15673,527,2
15674,543,2
15675,535,2
15676,561,2
15677,573,2
15678,549,2
15679,551,2
15680,575,2
15681,560,2
15682,570,2
15683,577,2
15684,561,2
15685,563,2
15686,567,2
15687,556,2
15688,582,2
15689,585,2
15690,580,2
15691,597,2
15692,579,2
15693,592,2
15694,592,2
15695,578,2
15696,603,2
15697,592,2
15698,604,2
15699,578,2
15700,383,2
15701,392,2
15702,415,2
15703,403,2
15704,389,2
15705,395,2
15706,414,2
15707,419,2
15708,409,2
15709,440,2
15710,422,2
15711,410,2
15712,405,2
15713,404,2
15714,421,2
15715,413,2
15716,440,2
15717,439,2
15718,431,2
15719,410,2
15720,418,2
15721,442,2
15722,422,2
15723,444,2
15724,437,2
15725,434,2
15726,426,2
15727,435,2
15728,440,2
15729,451,2
15730,430,2
15731,438,2
15732,444,2
15733,452,2
15734,435,2
15735,431,2
15736,457,2
15737,432,2
15738,467,2
15739,451,2
15740,436,2
15741,450,2
15742,462,2
15743,452,2
15744,460,2
15745,470,2
15746,460,2
15747,453,2
15748,462,2
15749,484,2
15750,489,2
15751,446,2
15752,485,2
15753,476,2
15754,485,2
15755,469,2
15756,456,2
15757,486,2
15758,469,2
15759,465,2
15760,467,2
15761,492,2
15762,487,2
15763,497,2
15764,497,2
15765,485,2
15766,491,2
15767,487,2
15768,492,2
15769,484,2
15770,502,2
15771,511,2
15772,490,2
15773,517,2
15774,504,2
15775,507,2
15776,485,2
15777,485,2
15778,510,2
15779,519,2
15780,503,2
15781,533,2
15782,523,2
15783,505,2
15784,517,2
15785,548,2
15786,505,2
15787,528,2
15788,519,2
15789,533,2
15790,541,2
15791,522,2
15792,542,2
15793,557,2
15794,532,2
15795,542,2
15796,527,2
15797,536,2
15798,535,2
15799,548,2
15800,405,2
15801,435,2
15802,422,2
15803,432,2
15804,419,2
15805,420,2
15806,420,2
15807,443,2
15808,429,2
15809,441,2
15810,440,2
15811,427,2
15812,444,2
15813,448,2
15814,459,2
15815,466,2
15816,437,2
15817,456,2
15818,426,2
15819,465,2
15820,470,2
15821,426,2
15822,456,2
15823,451,2
15824,459,2
15825,458,2
15826,466,2
15827,480,2
15828,466,2
15829,459,2
15830,471,2
15831,472,2
15832,475,2
15833,470,2
15834,484,2
15835,497,2
15836,468,2
15837,490,2
15838,498,2
15839,483,2
15840,505,2
15841,491,2
15842,479,2
15843,479,2
15844,506,2
15845,506,2
15846,518,2
15847,509,2
15848,502,2
15849,510,2
15850,507,2
15851,504,2
15852,503,2
15853,491,2
15854,504,2
15855,514,2
15856,484,2
15857,512,2
15858,531,2
15859,537,2
15860,517,2
15861,518,2
15862,518,2
15863,521,2
15864,543,2
15865,551,2
15866,513,2
15867,525,2
15868,514,2
15869,537,2
15870,534,2
15871,545,2
15872,551,2
15873,551,2
15874,526,2
15875,547,2
15876,529,2
15877,572,2
15878,549,2
15879,538,2
15880,550,2
15881,560,2
15882,568,2
15883,577,2
15884,564,2
15885,560,2
15886,574,2
15887,576,2
15888,571,2
15889,581,2
15890,565,2
15891,574,2
15892,552,2
15893,594,2
15894,573,2
15895,598,2
15896,575,2
15897,588,2
15898,587,2
15899,580,2
15900,429,2
15901,459,2
15902,429,2
15903,434,2
15904,439,2
15905,456,2
15906,452,2
15907,451,2
15908,456,2
15909,463,2
15910,465,2
15911,471,2
15912,482,2
15913,461,2
15914,456,2
15915,471,2
15916,452,2
15917,459,2
15918,480,2
15919,468,2
15920,457,2
15921,455,2
15922,475,2
15923,489,2
15924,490,2
15925,480,2
15926,504,2
15927,480,2
15928,481,2
15929,453,2
15930,480,2
15931,497,2
15932,507,2
15933,480,2
15934,497,2
15935,505,2
15936,494,2
15937,468,2
15938,500,2
15939,507,2
15940,488,2
15941,498,2
15942,489,2
15943,473,2
15944,518,2
15945,507,2
15946,527,2
15947,520,2
15948,507,2
15949,511,2
15950,521,2
15951,527,2
15952,521,2
15953,531,2
15954,516,2
15955,509,2
15956,522,2
15957,526,2
15958,511,2
15959,511,2
15960,533,2
15961,525,2
15962,529,2
15963,528,2
15964,552,2
15965,550,2
15966,522,2
15967,532,2
15968,550,2
15969,548,2
15970,542,2
15971,530,2
15972,537,2
15973,540,2
15974,551,2
15975,570,2
15976,543,2
15977,540,2
15978,552,2
15979,568,2
15980,539,2
15981,575,2
15982,557,2
15983,552,2
15984,543,2
15985,572,2
15986,563,2
15987,569,2
15988,557,2
15989,566,2
15990,565,2
15991,571,2
15992,566,2
15993,557,2
15994,609,2
15995,562,2
15996,582,2
15997,560,2
15998,558,2
15999,585,2
16000,427,2
16001,436,2
16002,458,2
16003,452,2
16004,439,2
16005,431,2
16006,456,2
16007,458,2
16008,474,2
16009,427,2
16010,460,2
16011,471,2
16012,456,2
16013,443,2
16014,453,2
16015,466,2
16016,461,2
16017,472,2
16018,485,2
16019,466,2
16020,487,2
16021,472,2
16022,479,2
16023,475,2
16024,482,2
16025,485,2
16026,488,2
16027,482,2
16028,443,2
16029,491,2
16030,462,2
16031,480,2
16032,460,2
16033,510,2
16034,496,2
16035,488,2
16036,511,2
16037,501,2
16038,498,2
16039,503,2
16040,495,2
16041,486,2
16042,513,2
16043,502,2
16044,483,2
16045,512,2
16046,508,2
16047,529,2
16048,513,2
16049,497,2
16050,491,2
16051,529,2
16052,515,2
16053,506,2
16054,510,2
16055,535,2
16056,527,2
16057,535,2
16058,527,2
16059,515,2
16060,548,2
16061,523,2
16062,539,2
16063,543,2
16064,532,2
16065,520,2
16066,526,2
16067,544,2
16068,544,2
16069,554,2
16070,554,2
16071,530,2
16072,560,2
16073,532,2
16074,552,2
16075,576,2
16076,552,2
16077,528,2
16078,547,2
16079,578,2
16080,551,2
16081,571,2
16082,545,2
16083,553,2
16084,556,2
16085,584,2
16086,558,2
16087,540,2
16088,593,2
16089,568,2
16090,575,2
16091,549,2
16092,573,2
16093,571,2
16094,561,2
16095,582,2
16096,555,2
16097,565,2
16098,592,2
16099,571,2
16100,423,2
16101,438,2
16102,413,2
16103,435,2
16104,441,2
16105,417,2
16106,433,2
16107,445,2
16108,402,2
16109,454,2
16110,443,2
16111,448,2
16112,435,2
16113,420,2
16114,448,2
16115,442,2
16116,444,2
16117,458,2
16118,454,2
16119,469,2
16120,449,2
16121,440,2
16122,446,2
16123,455,2
16124,463,2
16125,434,2
16126,452,2
16127,472,2
16128,451,2
16129,466,2
16130,461,2
16131,468,2
16132,447,2
16133,448,2
16134,459,2
16135,441,2
16136,457,2
16137,464,2
16138,484,2
16139,468,2
16140,471,2
16141,479,2
16142,454,2
16143,465,2
16144,496,2
16145,467,2
16146,482,2
16147,481,2
16148,453,2
16149,475,2
16150,474,2
16151,477,2
16152,465,2
16153,462,2
16154,470,2
16155,475,2
16156,492,2
16157,500,2
16158,496,2
16159,490,2
16160,469,2
16161,477,2
16162,485,2
16163,476,2
16164,491,2
16165,494,2
16166,492,2
16167,499,2
16168,477,2
16169,500,2
16170,481,2
16171,479,2
16172,497,2
16173,507,2
16174,499,2
16175,494,2
16176,498,2
16177,497,2
16178,483,2
16179,482,2
16180,497,2
16181,500,2
16182,500,2
16183,509,2
16184,499,2
16185,509,2
16186,501,2
16187,526,2
16188,506,2
16189,534,2
16190,511,2
16191,505,2
16192,497,2
16193,492,2
16194,498,2
16195,500,2
16196,516,2
16197,506,2
16198,515,2
16199,529,2
16200,435,2
16201,430,2
16202,441,2
16203,435,2
16204,435,2
16205,419,2
16206,461,2
16207,440,2
16208,463,2
16209,446,2
16210,456,2
16211,450,2
16212,456,2
16213,440,2
16214,468,2
16215,450,2
16216,467,2
16217,440,2
16218,450,2
16219,464,2
16220,459,2
16221,468,2
16222,466,2
16223,487,2
16224,473,2
16225,463,2
16226,464,2
16227,485,2
16228,453,2
16229,480,2
16230,461,2
16231,489,2
16232,472,2
16233,485,2
16234,480,2
16235,464,2
16236,490,2
16237,475,2
16238,494,2
16239,474,2
16240,490,2
16241,489,2
16242,483,2
16243,508,2
16244,493,2
16245,489,2
16246,499,2
16247,479,2
16248,527,2
16249,486,2
16250,507,2
16251,503,2
16252,517,2
16253,507,2
16254,498,2
16255,485,2
16256,487,2
16257,507,2
16258,527,2
16259,492,2
16260,536,2
16261,528,2
16262,500,2
16263,504,2
16264,507,2
16265,524,2
16266,521,2
16267,522,2
16268,518,2
16269,527,2
16270,537,2
16271,526,2
16272,521,2
16273,542,2
16274,529,2
16275,540,2
16276,533,2
16277,549,2
16278,552,2
16279,553,2
16280,533,2
16281,534,2
16282,553,2
16283,543,2
16284,544,2
16285,538,2
16286,564,2
16287,561,2
16288,549,2
16289,544,2
16290,544,2
16291,556,2
16292,560,2
16293,546,2
16294,543,2
16295,560,2
16296,571,2
16297,563,2
16298,560,2
16299,551,2
16300,426,2
16301,438,2
16302,463,2
16303,447,2
16304,451,2
16305,452,2
16306,463,2
16307,443,2
16308,460,2
16309,443,2
16310,478,2
16311,446,2
16312,446,2
16313,464,2
16314,459,2
16315,463,2
16316,463,2
16317,449,2
16318,482,2
16319,475,2
16320,481,2
16321,460,2
16322,472,2
16323,471,2
16324,483,2
16325,484,2
16326,474,2
16327,454,2
16328,495,2
16329,482,2
16330,469,2
16331,482,2
16332,460,2
16333,492,2
16334,463,2
16335,479,2
16336,485,2
16337,496,2
16338,486,2
16339,493,2
16340,487,2
16341,488,2
16342,490,2
16343,488,2
16344,471,2
16345,483,2
16346,496,2
16347,492,2
16348,494,2
16349,493,2
16350,487,2
16351,493,2
16352,496,2
16353,501,2
16354,507,2
16355,501,2
16356,492,2
16357,489,2
16358,538,2
16359,494,2
16360,502,2
16361,516,2
16362,515,2
16363,518,2
16364,508,2
16365,517,2
16366,516,2
16367,513,2
16368,520,2
16369,531,2
16370,519,2
16371,521,2
16372,535,2
16373,534,2
16374,543,2
16375,504,2
16376,537,2
16377,535,2
16378,518,2
16379,533,2
16380,543,2
16381,522,2
16382,538,2
16383,544,2
16384,522,2
16385,534,2
16386,541,2
16387,529,2
16388,529,2
16389,539,2
16390,551,2
16391,550,2
16392,533,2
16393,553,2
16394,536,2
16395,528,2
16396,544,2
16397,563,2
16398,558,2
16399,551,2
16400,457,2
16401,446,2
16402,434,2
16403,457,2
16404,452,2
16405,448,2
16406,458,2
16407,437,2
16408,467,2
16409,458,2
16410,458,2
16411,474,2
16412,457,2
16413,467,2
16414,464,2
16415,505,2
16416,473,2
16417,455,2
16418,490,2
16419,483,2
16420,472,2
16421,467,2
16422,457,2
16423,479,2
16424,467,2
16425,466,2
16426,487,2
16427,497,2
16428,473,2
16429,490,2
16430,484,2
16431,486,2
16432,473,2
16433,482,2
16434,472,2
16435,471,2
16436,493,2
16437,482,2
16438,478,2
16439,476,2
16440,473,2
16441,469,2
16442,494,2
16443,463,2
16444,501,2
16445,502,2
16446,496,2
16447,499,2
16448,496,2
16449,503,2
16450,504,2
16451,518,2
16452,521,2
16453,522,2
16454,495,2
16455,515,2
16456,513,2
16457,500,2
16458,498,2
16459,505,2
16460,498,2
16461,495,2
16462,519,2
16463,514,2
16464,515,2
16465,527,2
16466,514,2
16467,528,2
16468,510,2
16469,511,2
16470,521,2
16471,547,2
16472,538,2
16473,537,2
16474,508,2
16475,527,2
16476,537,2
16477,553,2
16478,508,2
16479,538,2
16480,543,2
16481,537,2
16482,516,2
16483,537,2
16484,540,2
16485,538,2
16486,528,2
16487,528,2
16488,544,2
16489,531,2
16490,533,2
16491,540,2
16492,544,2
16493,556,2
16494,530,2
16495,530,2
16496,542,2
16497,526,2
16498,555,2
16499,526,2
16500,456,2
16501,444,2
16502,469,2
16503,456,2
16504,456,2
16505,439,2
16506,458,2
16507,454,2
16508,460,2
16509,447,2
16510,458,2
16511,448,2
16512,434,2
16513,473,2
16514,444,2
16515,465,2
16516,469,2
16517,471,2
16518,465,2
16519,473,2
16520,477,2
16521,482,2
16522,495,2
16523,478,2
16524,478,2
16525,468,2
16526,485,2
16527,490,2
16528,481,2
16529,491,2
16530,483,2
16531,496,2
16532,500,2
16533,501,2
16534,493,2
16535,481,2
16536,488,2
16537,504,2
16538,527,2
16539,495,2
16540,506,2
16541,496,2
16542,492,2
16543,497,2
16544,482,2
16545,525,2
16546,483,2
16547,508,2
16548,499,2
16549,504,2
16550,532,2
16551,520,2
16552,507,2
16553,513,2
16554,513,2
16555,523,2
16556,527,2
16557,549,2
16558,505,2
16559,529,2
16560,527,2
16561,544,2
16562,538,2
16563,542,2
16564,541,2
16565,527,2
16566,554,2
16567,551,2
16568,554,2
16569,559,2
16570,551,2
16571,565,2
16572,553,2
16573,547,2
16574,551,2
16575,553,2
16576,548,2
16577,576,2
16578,561,2
16579,560,2
16580,565,2
16581,598,2
16582,550,2
16583,555,2
16584,550,2
16585,565,2
16586,572,2
16587,565,2
16588,566,2
16589,576,2
16590,569,2
16591,581,2
16592,592,2
16593,588,2
16594,592,2
16595,596,2
16596,588,2
16597,584,2
16598,578,2
16599,584,2
16600,451,2
16601,441,2
16602,459,2
16603,462,2
16604,441,2
16605,447,2
16606,445,2
16607,455,2
16608,467,2
16609,432,2
16610,436,2
16611,453,2
16612,457,2
16613,444,2
16614,458,2
16615,448,2
16616,452,2
16617,474,2
16618,455,2
16619,456,2
16620,462,2
16621,475,2
16622,462,2
16623,457,2
16624,471,2
16625,475,2
16626,479,2
16627,466,2
16628,473,2
16629,478,2
16630,471,2
16631,486,2
16632,478,2
16633,494,2
16634,483,2
16635,450,2
16636,469,2
16637,455,2
16638,468,2
16639,472,2
16640,487,2
16641,473,2
16642,495,2
16643,471,2
16644,477,2
16645,466,2
16646,499,2
16647,502,2
16648,482,2
16649,467,2
16650,483,2
16651,489,2
16652,479,2
16653,516,2
16654,510,2
16655,468,2
16656,476,2
16657,496,2
16658,479,2
16659,495,2
16660,493,2
16661,494,2
16662,507,2
16663,517,2
16664,501,2
16665,483,2
16666,500,2
16667,492,2
16668,524,2
16669,509,2
16670,506,2
16671,510,2
16672,503,2
16673,519,2
16674,498,2
16675,517,2
16676,525,2
16677,497,2
16678,512,2
16679,514,2
16680,497,2
16681,494,2
16682,500,2
16683,511,2
16684,518,2
16685,509,2
16686,538,2
16687,528,2
16688,521,2
16689,512,2
16690,519,2
16691,532,2
16692,530,2
16693,531,2
16694,517,2
16695,515,2
16696,505,2
16697,530,2
16698,506,2
16699,525,2
16700,454,2
16701,456,2
16702,460,2
16703,452,2
16704,446,2
16705,470,2
16706,461,2
16707,468,2
16708,464,2
16709,469,2
16710,465,2
16711,461,2
16712,480,2
16713,468,2
16714,479,2
16715,484,2
16716,474,2
16717,468,2
16718,513,2
16719,479,2
16720,495,2
16721,512,2
16722,500,2
16723,489,2
16724,493,2
16725,486,2
16726,508,2
16727,506,2
16728,494,2
16729,490,2
16730,488,2
16731,517,2
16732,509,2
16733,512,2
16734,501,2
16735,495,2
16736,525,2
16737,516,2
16738,528,2
16739,514,2
16740,518,2
16741,531,2
16742,533,2
16743,535,2
16744,524,2
16745,536,2
16746,544,2
16747,531,2
16748,528,2
16749,552,2
16750,529,2
16751,546,2
16752,540,2
16753,520,2
16754,557,2
16755,512,2
16756,523,2
16757,555,2
16758,557,2
16759,544,2
16760,556,2
16761,525,2
16762,566,2
16763,562,2
16764,560,2
16765,562,2
16766,570,2
16767,565,2
16768,545,2
16769,595,2
16770,585,2
16771,557,2
16772,570,2
16773,573,2
16774,590,2
16775,553,2
16776,574,2
16777,561,2
16778,580,2
16779,580,2
16780,588,2
16781,581,2
16782,581,2
16783,599,2
16784,599,2
16785,602,2
16786,595,2
16787,592,2
16788,599,2
16789,608,2
16790,578,2
16791,610,2
16792,611,2
16793,609,2
16794,608,2
16795,581,2
16796,608,2
16797,637,2
16798,617,2
16799,615,2
16800,454,2
16801,455,2
16802,482,2
16803,474,2
16804,481,2
16805,465,2
16806,483,2
16807,453,2
16808,460,2
16809,459,2
16810,461,2
16811,469,2
16812,473,2
16813,477,2
16814,494,2
16815,456,2
16816,461,2
16817,447,2
16818,468,2
16819,474,2
16820,472,2
16821,468,2
16822,484,2
16823,480,2
16824,475,2
16825,489,2
16826,482,2
16827,504,2
16828,489,2
16829,489,2
16830,497,2
16831,471,2
16832,511,2
16833,508,2
16834,490,2
16835,487,2
16836,490,2
16837,487,2
16838,484,2
16839,489,2
16840,476,2
16841,504,2
16842,509,2
16843,527,2
16844,525,2
16845,505,2
16846,513,2
16847,530,2
16848,513,2
16849,522,2
16850,514,2
16851,523,2
16852,524,2
16853,521,2
16854,539,2
16855,517,2
16856,530,2
16857,552,2
16858,535,2
16859,523,2
16860,538,2
16861,565,2
16862,537,2
16863,548,2
16864,540,2
16865,544,2
16866,541,2
16867,531,2
16868,549,2
16869,532,2
16870,544,2
16871,572,2
16872,549,2
16873,540,2
16874,556,2
16875,548,2
16876,557,2
16877,543,2
16878,568,2
16879,561,2
16880,549,2
16881,567,2
16882,587,2
16883,555,2
16884,575,2
16885,573,2
16886,574,2
16887,581,2
16888,568,2
16889,575,2
16890,575,2
16891,565,2
16892,582,2
16893,574,2
16894,602,2
16895,575,2
16896,566,2
16897,597,2
16898,576,2
16899,572,2
16900,436,2
16901,466,2
16902,449,2
16903,449,2
16904,444,2
16905,469,2
16906,456,2
16907,448,2
16908,444,2
16909,455,2
16910,445,2
16911,471,2
16912,438,2
16913,459,2
16914,470,2
16915,468,2
16916,457,2
16917,475,2
16918,457,2
16919,469,2
16920,479,2
16921,478,2
16922,466,2
16923,489,2
16924,477,2
16925,487,2
16926,498,2
16927,494,2
16928,495,2
16929,486,2
16930,494,2
16931,489,2
16932,473,2
16933,493,2
16934,493,2
16935,499,2
16936,492,2
16937,485,2
16938,504,2
16939,482,2
16940,516,2
16941,497,2
16942,505,2
16943,510,2
16944,511,2
16945,489,2
16946,517,2
16947,512,2
16948,502,2
16949,502,2
16950,509,2
16951,499,2
16952,536,2
16953,535,2
16954,524,2
16955,517,2
16956,519,2
16957,532,2
16958,545,2
16959,519,2
16960,513,2
16961,547,2
16962,508,2
16963,519,2
16964,529,2
16965,515,2
16966,549,2
16967,547,2
16968,531,2
16969,555,2
16970,558,2
16971,541,2
16972,538,2
16973,572,2
16974,555,2
16975,551,2
16976,566,2
16977,554,2
16978,546,2
16979,554,2
16980,567,2
16981,532,2
16982,554,2
16983,576,2
16984,554,2
16985,580,2
16986,580,2
16987,564,2
16988,559,2
16989,564,2
16990,601,2
16991,593,2
16992,573,2
16993,566,2
16994,576,2
16995,579,2
16996,562,2
16997,579,2
16998,596,2
16999,560,2
17000,458,2
17001,434,2
17002,439,2
17003,440,2
17004,442,2
17005,427,2
17006,449,2
17007,458,2
17008,442,2
17009,441,2
17010,451,2
17011,464,2
17012,443,2
17013,485,2
17014,443,2
17015,453,2
17016,475,2
17017,475,2
17018,475,2
17019,458,2
17020,462,2
17021,459,2
17022,467,2
17023,476,2
17024,463,2
17025,454,2
17026,490,2
17027,476,2
17028,488,2
17029,477,2
17030,489,2
17031,511,2
17032,471,2
17033,477,2
17034,477,2
17035,515,2
17036,491,2
17037,503,2
17038,462,2
17039,500,2
17040,492,2
17041,515,2
17042,507,2
17043,496,2
17044,521,2
17045,524,2
17046,523,2
17047,516,2
17048,505,2
17049,512,2
17050,506,2
17051,515,2
17052,507,2
17053,513,2
17054,543,2
17055,522,2
17056,515,2
17057,508,2
17058,521,2
17059,533,2
17060,527,2
17061,526,2
17062,534,2
17063,535,2
17064,540,2
17065,542,2
17066,533,2
17067,534,2
17068,537,2
17069,545,2
17070,554,2
17071,537,2
17072,541,2
17073,535,2
17074,528,2
17075,532,2
17076,537,2
17077,542,2
17078,557,2
17079,540,2
17080,555,2
17081,566,2
17082,548,2
17083,553,2
17084,545,2
17085,550,2
17086,580,2
17087,571,2
17088,592,2
17089,559,2
17090,587,2
17091,562,2
17092,566,2
17093,606,2
17094,565,2
17095,595,2
17096,577,2
17097,566,2
17098,564,2
17099,583,2
17100,453,2
17101,438,2
17102,452,2
17103,431,2
17104,463,2
17105,471,2
17106,453,2
17107,457,2
17108,457,2
17109,463,2
17110,461,2
17111,472,2
17112,478,2
17113,455,2
17114,462,2
17115,478,2
17116,451,2
17117,445,2
17118,473,2
17119,477,2
17120,463,2
17121,466,2
17122,465,2
17123,465,2
17124,484,2
17125,463,2
17126,475,2
17127,468,2
17128,463,2
17129,492,2
17130,476,2
17131,486,2
17132,466,2
17133,476,2
17134,495,2
17135,519,2
17136,465,2
17137,487,2
17138,496,2
17139,484,2
17140,503,2
17141,483,2
17142,497,2
17143,489,2
17144,511,2
17145,490,2
17146,495,2
17147,511,2
17148,489,2
17149,503,2
17150,481,2
17151,491,2
17152,510,2
17153,494,2
17154,501,2
17155,514,2
17156,502,2
17157,520,2
17158,514,2
17159,518,2
17160,528,2
17161,518,2
17162,534,2
17163,527,2
17164,511,2
17165,534,2
17166,523,2
17167,516,2
17168,525,2
17169,536,2
17170,529,2
17171,547,2
17172,539,2
17173,533,2
17174,516,2
17175,527,2
17176,531,2
17177,539,2
17178,540,2
17179,535,2
17180,536,2
17181,544,2
17182,526,2
17183,558,2
17184,514,2
17185,557,2
17186,540,2
17187,553,2
17188,547,2
17189,548,2
17190,551,2
17191,555,2
17192,543,2
17193,560,2
17194,536,2
17195,550,2
17196,561,2
17197,564,2
17198,558,2
17199,549,2
17200,403,2
17201,431,2
17202,427,2
17203,411,2
17204,408,2
17205,443,2
17206,411,2
17207,427,2
17208,429,2
17209,426,2
17210,437,2
17211,418,2
17212,454,2
17213,423,2
17214,433,2
17215,419,2
17216,450,2
17217,462,2
17218,465,2
17219,456,2
17220,440,2
17221,446,2
17222,443,2
17223,434,2
17224,447,2
17225,463,2
17226,443,2
17227,428,2
17228,442,2
17229,468,2
17230,440,2
17231,456,2
17232,459,2
17233,468,2
17234,469,2
17235,473,2
17236,468,2
17237,460,2
17238,484,2
17239,453,2
17240,486,2
17241,492,2
17242,507,2
17243,472,2
17244,476,2
17245,485,2
17246,486,2
17247,498,2
17248,495,2
17249,486,2
17250,491,2
17251,505,2
17252,480,2
17253,494,2
17254,505,2
17255,488,2
17256,459,2
17257,521,2
17258,505,2
17259,492,2
17260,519,2
17261,508,2
17262,499,2
17263,518,2
17264,515,2
17265,509,2
17266,509,2
17267,507,2
17268,530,2
17269,508,2
17270,515,2
17271,527,2
17272,545,2
17273,531,2
17274,538,2
17275,534,2
17276,545,2
17277,559,2
17278,532,2
17279,539,2
17280,543,2
17281,549,2
17282,545,2
17283,539,2
17284,547,2
17285,578,2
17286,554,2
17287,529,2
17288,549,2
17289,555,2
17290,555,2
17291,557,2
17292,563,2
17293,568,2
17294,566,2
17295,576,2
17296,548,2
17297,565,2
17298,575,2
17299,574,2
17300,402,2
17301,390,2
17302,424,2
17303,408,2
17304,419,2
17305,431,2
17306,418,2
17307,415,2
17308,419,2
17309,419,2
17310,434,2
17311,424,2
17312,414,2
17313,435,2
17314,438,2
17315,408,2
17316,443,2
17317,430,2
17318,430,2
17319,440,2
17320,422,2
17321,441,2
17322,426,2
17323,414,2
17324,421,2
17325,441,2
17326,423,2
17327,455,2
17328,451,2
17329,454,2
17330,440,2
17331,443,2
17332,426,2
17333,454,2
17334,447,2
17335,450,2
17336,465,2
17337,438,2
17338,445,2
17339,451,2
17340,437,2
17341,447,2
17342,456,2
17343,448,2
17344,468,2
17345,435,2
17346,468,2
17347,463,2
17348,450,2
17349,446,2
17350,433,2
17351,450,2
17352,473,2
17353,461,2
17354,476,2
17355,456,2
17356,473,2
17357,457,2
17358,455,2
17359,466,2
17360,460,2
17361,451,2
17362,468,2
17363,472,2
17364,487,2
17365,484,2
17366,489,2
17367,484,2
17368,480,2
17369,462,2
17370,480,2
17371,486,2
17372,498,2
17373,489,2
17374,497,2
17375,471,2
17376,480,2
17377,490,2
17378,500,2
17379,485,2
17380,487,2
17381,497,2
17382,476,2
17383,510,2
17384,481,2
17385,470,2
17386,494,2
17387,515,2
17388,503,2
17389,506,2
17390,498,2
17391,497,2
17392,481,2
17393,474,2
17394,504,2
17395,519,2
17396,508,2
17397,512,2
17398,525,2
17399,511,2
17400,379,2
17401,394,2
17402,399,2
17403,404,2
17404,386,2
17405,412,2
17406,388,2
17407,388,2
17408,401,2
17409,428,2
17410,436,2
17411,412,2
17412,404,2
17413,410,2
17414,413,2
17415,427,2
17416,396,2
17417,426,2
17418,395,2
17419,407,2
17420,414,2
17421,420,2
17422,416,2
17423,419,2
17424,418,2
17425,400,2
17426,426,2
17427,430,2
17428,437,2
17429,444,2
17430,427,2
17431,440,2
17432,424,2
17433,407,2
17434,437,2
17435,435,2
17436,427,2
17437,427,2
17438,435,2
17439,426,2
17440,436,2
17441,420,2
17442,423,2
17443,417,2
17444,461,2
17445,436,2
17446,450,2
17447,423,2
17448,435,2
17449,445,2
17450,457,2
17451,433,2
17452,436,2
17453,432,2
17454,441,2
17455,431,2
17456,427,2
17457,448,2
17458,454,2
17459,433,2
17460,439,2
17461,447,2
17462,470,2
17463,416,2
17464,456,2
17465,460,2
17466,444,2
17467,449,2
17468,458,2
17469,455,2
17470,476,2
17471,458,2
17472,468,2
17473,464,2
17474,467,2
17475,451,2
17476,463,2
17477,461,2
17478,454,2
17479,474,2
17480,440,2
17481,481,2
17482,439,2
17483,465,2
17484,479,2
17485,454,2
17486,474,2
17487,474,2
17488,475,2
17489,467,2
17490,467,2
17491,454,2
17492,473,2
17493,486,2
17494,470,2
17495,472,2
17496,496,2
17497,476,2
17498,483,2
17499,486,2
17500,457,2
17501,447,2
17502,453,2
17503,447,2
17504,445,2
17505,469,2
17506,430,2
17507,465,2
17508,448,2
17509,448,2
17510,461,2
17511,441,2
17512,450,2
17513,450,2
17514,458,2
17515,452,2
17516,482,2
17517,485,2
17518,440,2
17519,472,2
17520,477,2
17521,474,2
17522,460,2
17523,466,2
17524,461,2
17525,466,2
17526,457,2
17527,471,2
17528,455,2
17529,472,2
17530,460,2
17531,479,2
17532,469,2
17533,481,2
17534,492,2
17535,499,2
17536,450,2
17537,471,2
17538,479,2
17539,489,2
17540,464,2
17541,473,2
17542,487,2
17543,488,2
17544,492,2
17545,494,2
17546,494,2
17547,493,2
17548,492,2
17549,500,2
17550,466,2
17551,512,2
17552,468,2
17553,483,2
17554,494,2
17555,506,2
17556,462,2
17557,499,2
17558,510,2
17559,513,2
17560,494,2
17561,499,2
17562,496,2
17563,500,2
17564,493,2
17565,496,2
17566,512,2
17567,510,2
17568,515,2
17569,512,2
17570,519,2
17571,522,2
17572,492,2
17573,503,2
17574,512,2
17575,515,2
17576,508,2
17577,528,2
17578,542,2
17579,521,2
17580,521,2
17581,531,2
17582,499,2
17583,523,2
17584,535,2
17585,516,2
17586,510,2
17587,524,2
17588,526,2
17589,517,2
17590,554,2
17591,524,2
17592,516,2
17593,530,2
17594,543,2
17595,533,2
17596,540,2
17597,524,2
17598,553,2
17599,543,2
17600,399,2
17601,413,2
17602,418,2
17603,418,2
17604,392,2
17605,396,2
17606,406,2
17607,420,2
17608,425,2
17609,407,2
17610,426,2
17611,435,2
17612,433,2
17613,421,2
17614,424,2
17615,415,2
17616,453,2
17617,440,2
17618,416,2
17619,452,2
17620,447,2
17621,455,2
17622,436,2
17623,439,2
17624,437,2
17625,473,2
17626,444,2
17627,440,2
17628,446,2
17629,451,2
17630,475,2
17631,462,2
17632,475,2
17633,466,2
17634,462,2
17635,453,2
17636,487,2
17637,481,2
17638,484,2
17639,484,2
17640,466,2
17641,479,2
17642,491,2
17643,491,2
17644,483,2
17645,507,2
17646,491,2
17647,503,2
17648,491,2
17649,486,2
17650,504,2
17651,503,2
17652,500,2
17653,487,2
17654,511,2
17655,491,2
17656,512,2
17657,491,2
17658,496,2
17659,511,2
17660,517,2
17661,514,2
17662,507,2
17663,528,2
17664,518,2
17665,521,2
17666,518,2
17667,513,2
17668,537,2
17669,518,2
17670,548,2
17671,519,2
17672,535,2
17673,533,2
17674,533,2
17675,544,2
17676,547,2
17677,546,2
17678,529,2
17679,529,2
17680,530,2
17681,544,2
17682,574,2
17683,549,2
17684,577,2
17685,553,2
17686,557,2
17687,564,2
17688,555,2
17689,563,2
17690,542,2
17691,553,2
17692,546,2
17693,576,2
17694,553,2
17695,588,2
17696,577,2
17697,586,2
17698,569,2
17699,565,2
17700,430,2
17701,463,2
17702,446,2
17703,427,2
17704,442,2
17705,441,2
17706,451,2
17707,450,2
17708,458,2
17709,456,2
17710,474,2
17711,464,2
17712,466,2
17713,475,2
17714,458,2
17715,449,2
17716,480,2
17717,468,2
17718,469,2
17719,461,2
17720,462,2
17721,481,2
17722,484,2
17723,483,2
17724,484,2
17725,483,2
17726,479,2
17727,476,2
17728,494,2
17729,476,2
17730,486,2
17731,473,2
17732,476,2
17733,483,2
17734,477,2
17735,497,2
17736,473,2
17737,491,2
17738,493,2
17739,471,2
17740,488,2
17741,498,2
17742,501,2
17743,495,2
17744,507,2
17745,498,2
17746,501,2
17747,505,2
17748,514,2
17749,496,2
17750,500,2
17751,499,2
17752,504,2
17753,526,2
17754,517,2
17755,498,2
17756,506,2
17757,519,2
17758,504,2
17759,508,2
17760,534,2
17761,512,2
17762,532,2
17763,536,2
17764,514,2
17765,513,2
17766,522,2
17767,513,2
17768,529,2
17769,526,2
17770,534,2
17771,548,2
17772,542,2
17773,539,2
17774,511,2
17775,541,2
17776,558,2
17777,502,2
17778,548,2
17779,539,2
17780,532,2
17781,553,2
17782,565,2
17783,555,2
17784,542,2
17785,536,2
17786,551,2
17787,561,2
17788,547,2
17789,549,2
17790,588,2
17791,568,2
17792,570,2
17793,540,2
17794,550,2
17795,561,2
17796,549,2
17797,581,2
17798,580,2
17799,558,2
17800,442,2
17801,433,2
17802,447,2
17803,447,2
17804,445,2
17805,410,2
17806,431,2
17807,427,2
17808,451,2
17809,435,2
17810,461,2
17811,443,2
17812,443,2
17813,440,2
17814,444,2
17815,451,2
17816,449,2
17817,446,2
17818,448,2
17819,476,2
17820,480,2
17821,452,2
17822,469,2
17823,450,2
17824,458,2
17825,450,2
17826,477,2
17827,472,2
17828,476,2
17829,480,2
17830,461,2
17831,469,2
17832,480,2
17833,472,2
17834,478,2
17835,469,2
17836,496,2
17837,493,2
17838,498,2
17839,493,2
17840,473,2
17841,482,2
17842,481,2
17843,488,2
17844,505,2
17845,477,2
17846,489,2
17847,493,2
17848,483,2
17849,503,2
17850,498,2
17851,517,2
17852,502,2
17853,512,2
17854,510,2
17855,480,2
17856,494,2
17857,517,2
17858,518,2
17859,515,2
17860,533,2
17861,525,2
17862,539,2
17863,493,2
17864,544,2
17865,518,2
17866,527,2
17867,542,2
17868,504,2
17869,528,2
17870,545,2
17871,527,2
17872,547,2
17873,546,2
17874,541,2
17875,548,2
17876,558,2
17877,551,2
17878,556,2
17879,536,2
17880,555,2
17881,556,2
17882,565,2
17883,539,2
17884,567,2
17885,545,2
17886,586,2
17887,548,2
17888,547,2
17889,559,2
17890,576,2
17891,569,2
17892,587,2
17893,565,2
17894,564,2
17895,563,2
17896,567,2
17897,558,2
17898,568,2
17899,563,2
17900,434,2
17901,467,2
17902,440,2
17903,447,2
17904,456,2
17905,457,2
17906,450,2
17907,447,2
17908,474,2
17909,450,2
17910,448,2
17911,447,2
17912,435,2
17913,467,2
17914,430,2
17915,460,2
17916,459,2
17917,490,2
17918,442,2
17919,455,2
17920,466,2
17921,466,2
17922,463,2
17923,471,2
17924,458,2
17925,479,2
17926,448,2
17927,477,2
17928,471,2
17929,492,2
17930,503,2
17931,479,2
17932,501,2
17933,482,2
17934,476,2
17935,510,2
17936,496,2
17937,491,2
17938,501,2
17939,498,2
17940,495,2
17941,481,2
17942,495,2
17943,507,2
17944,500,2
17945,514,2
17946,509,2
17947,495,2
17948,491,2
17949,507,2
17950,504,2
17951,515,2
17952,504,2
17953,507,2
17954,528,2
17955,519,2
17956,510,2
17957,520,2
17958,538,2
17959,526,2
17960,531,2
17961,517,2
17962,539,2
17963,556,2
17964,520,2
17965,517,2
17966,535,2
17967,545,2
17968,534,2
17969,524,2
17970,537,2
17971,547,2
17972,536,2
17973,550,2
17974,558,2
17975,548,2
17976,547,2
17977,558,2
17978,540,2
17979,540,2
17980,549,2
17981,548,2
17982,546,2
17983,579,2
17984,584,2
17985,555,2
17986,562,2
17987,560,2
17988,577,2
17989,581,2
17990,546,2
17991,574,2
17992,554,2
17993,592,2
17994,578,2
17995,564,2
17996,572,2
17997,573,2
17998,585,2
17999,592,2
18000,446,2
18001,445,2
18002,441,2
18003,437,2
18004,437,2
18005,445,2
18006,442,2
18007,457,2
18008,435,2
18009,444,2
18010,456,2
18011,448,2
18012,456,2
18013,457,2
18014,445,2
18015,439,2
18016,444,2
18017,441,2
18018,433,2
18019,469,2
18020,435,2
18021,481,2
18022,454,2
18023,458,2
18024,444,2
18025,468,2
18026,462,2
18027,467,2
18028,458,2
18029,474,2
18030,460,2
18031,472,2
18032,478,2
18033,491,2
18034,484,2
18035,477,2
18036,477,2
18037,482,2
18038,489,2
18039,472,2
18040,493,2
18041,472,2
18042,490,2
18043,492,2
18044,479,2
18045,470,2
18046,486,2
18047,459,2
18048,490,2
18049,478,2
18050,532,2
18051,508,2
18052,498,2
18053,514,2
18054,508,2
18055,487,2
18056,494,2
18057,515,2
18058,493,2
18059,510,2
18060,515,2
18061,505,2
18062,511,2
18063,520,2
18064,521,2
18065,518,2
18066,514,2
18067,522,2
18068,492,2
18069,535,2
18070,517,2
18071,511,2
18072,529,2
18073,530,2
18074,512,2
18075,526,2
18076,527,2
18077,527,2
18078,548,2
18079,530,2
18080,530,2
18081,524,2
18082,524,2
18083,540,2
18084,531,2
18085,535,2
18086,541,2
18087,541,2
18088,543,2
18089,544,2
18090,551,2
18091,576,2
18092,561,2
18093,543,2
18094,563,2
18095,537,2
18096,544,2
18097,561,2
18098,562,2
18099,562,2
18100,401,2
18101,428,2
18102,408,2
18103,419,2
18104,439,2
18105,406,2
18106,416,2
18107,429,2
18108,428,2
18109,414,2
18110,412,2
18111,417,2
18112,438,2
18113,418,2
18114,423,2
18115,418,2
18116,432,2
18117,426,2
18118,413,2
18119,414,2
18120,403,2
18121,418,2
18122,438,2
18123,445,2
18124,439,2
18125,438,2
18126,431,2
18127,442,2
18128,437,2
18129,456,2
18130,434,2
18131,452,2
18132,448,2
18133,447,2
18134,415,2
18135,451,2
18136,439,2
18137,436,2
18138,424,2
18139,443,2
18140,444,2
18141,429,2
18142,428,2
18143,452,2
18144,458,2
18145,450,2
18146,463,2
18147,449,2
18148,450,2
18149,441,2
18150,434,2
18151,476,2
18152,468,2
18153,438,2
18154,458,2
18155,455,2
18156,454,2
18157,453,2
18158,464,2
18159,470,2
18160,466,2
18161,460,2
18162,461,2
18163,475,2
18164,470,2
18165,466,2
18166,466,2
18167,471,2
18168,462,2
18169,478,2
18170,457,2
18171,465,2
18172,478,2
18173,458,2
18174,454,2
18175,474,2
18176,454,2
18177,460,2
18178,485,2
18179,475,2
18180,493,2
18181,464,2
18182,478,2
18183,485,2
18184,467,2
18185,495,2
18186,489,2
18187,465,2
18188,484,2
18189,490,2
18190,479,2
18191,469,2
18192,491,2
18193,515,2
18194,485,2
18195,509,2
18196,482,2
18197,495,2
18198,502,2
18199,494,2
18200,436,2
18201,465,2
18202,451,2
18203,443,2
18204,453,2
18205,454,2
18206,462,2
18207,432,2
18208,446,2
18209,448,2
18210,468,2
18211,461,2
18212,480,2
18213,474,2
18214,461,2
18215,465,2
18216,483,2
18217,486,2
18218,468,2
18219,459,2
18220,447,2
18221,448,2
18222,480,2
18223,481,2
18224,468,2
18225,493,2
18226,476,2
18227,473,2
18228,495,2
18229,495,2
18230,483,2
18231,491,2
18232,493,2
18233,513,2
18234,486,2
18235,475,2
18236,498,2
18237,492,2
18238,494,2
18239,493,2
18240,476,2
18241,499,2
18242,493,2
18243,494,2
18244,495,2
18245,500,2
18246,505,2
18247,502,2
18248,518,2
18249,514,2
18250,505,2
18251,495,2
18252,516,2
18253,506,2
18254,509,2
18255,496,2
18256,518,2
18257,545,2
18258,509,2
18259,524,2
18260,533,2
18261,513,2
18262,491,2
18263,530,2
18264,523,2
18265,527,2
18266,525,2
18267,540,2
18268,526,2
18269,554,2
18270,538,2
18271,543,2
18272,532,2
18273,536,2
18274,514,2
18275,528,2
18276,549,2
18277,536,2
18278,525,2
18279,531,2
18280,532,2
18281,541,2
18282,533,2
18283,561,2
18284,548,2
18285,530,2
18286,566,2
18287,548,2
18288,556,2
18289,555,2
18290,557,2
18291,549,2
18292,558,2
18293,554,2
18294,561,2
18295,556,2
18296,556,2
18297,543,2
18298,561,2
18299,565,2
18300,420,2
18301,438,2
18302,424,2
18303,429,2
18304,421,2
18305,441,2
18306,443,2
18307,435,2
18308,449,2
18309,419,2
18310,435,2
18311,443,2
18312,432,2
18313,427,2
18314,445,2
18315,459,2
18316,468,2
18317,447,2
18318,464,2
18319,464,2
18320,473,2
18321,456,2
18322,440,2
18323,464,2
18324,452,2
18325,457,2
18326,464,2
18327,465,2
18328,472,2
18329,480,2
18330,469,2
18331,480,2
18332,477,2
18333,489,2
18334,477,2
18335,480,2
18336,478,2
18337,482,2
18338,476,2
18339,476,2
18340,498,2
18341,477,2
18342,488,2
18343,505,2
18344,490,2
18345,506,2
18346,490,2
18347,486,2
18348,481,2
18349,518,2
18350,490,2
18351,514,2
18352,495,2
18353,524,2
18354,536,2
18355,491,2
18356,500,2
18357,523,2
18358,522,2
18359,526,2
18360,512,2
18361,544,2
18362,523,2
18363,509,2
18364,522,2
18365,512,2
18366,547,2
18367,521,2
18368,537,2
18369,527,2
18370,526,2
18371,512,2
18372,544,2
18373,554,2
18374,529,2
18375,523,2
18376,552,2
18377,525,2
18378,561,2
18379,537,2
18380,536,2
18381,553,2
18382,539,2
18383,545,2
18384,559,2
18385,527,2
18386,578,2
18387,560,2
18388,545,2
18389,550,2
18390,576,2
18391,573,2
18392,584,2
18393,560,2
18394,574,2
18395,577,2
18396,581,2
18397,588,2
18398,568,2
18399,576,2
18400,402,2
18401,433,2
18402,436,2
18403,432,2
18404,437,2
18405,425,2
18406,422,2
18407,440,2
18408,417,2
18409,417,2
18410,437,2
18411,437,2
18412,444,2
18413,413,2
18414,433,2
18415,422,2
18416,447,2
18417,453,2
18418,444,2
18419,432,2
18420,431,2
18421,436,2
18422,431,2
18423,440,2
18424,434,2
18425,427,2
18426,449,2
18427,451,2
18428,467,2
18429,442,2
18430,426,2
18431,459,2
18432,461,2
18433,465,2
18434,469,2
18435,470,2
18436,442,2
18437,473,2
18438,451,2
18439,466,2
18440,460,2
18441,446,2
18442,472,2
18443,454,2
18444,483,2
18445,452,2
18446,450,2
18447,455,2
18448,482,2
18449,446,2
18450,476,2
18451,488,2
18452,465,2
18453,463,2
18454,470,2
18455,456,2
18456,502,2
18457,479,2
18458,458,2
18459,463,2
18460,476,2
18461,459,2
18462,458,2
18463,480,2
18464,489,2
18465,489,2
18466,478,2
18467,477,2
18468,481,2
18469,494,2
18470,467,2
18471,474,2
18472,480,2
18473,482,2
18474,485,2
18475,486,2
18476,496,2
18477,467,2
18478,470,2
18479,482,2
18480,501,2
18481,484,2
18482,492,2
18483,495,2
18484,498,2
18485,514,2
18486,504,2
18487,509,2
18488,496,2
18489,516,2
18490,500,2
18491,477,2
18492,531,2
18493,503,2
18494,509,2
18495,491,2
18496,531,2
18497,496,2
18498,502,2
18499,489,2
18500,395,2
18501,417,2
18502,411,2
18503,416,2
18504,426,2
18505,401,2
18506,427,2
18507,413,2
18508,434,2
18509,427,2
18510,422,2
18511,419,2
18512,438,2
18513,445,2
18514,425,2
18515,419,2
18516,443,2
18517,419,2
18518,422,2
18519,427,2
18520,436,2
18521,427,2
18522,422,2
18523,433,2
18524,456,2
18525,435,2
18526,448,2
18527,477,2
18528,454,2
18529,461,2
18530,447,2
18531,486,2
18532,455,2
18533,461,2
18534,481,2
18535,465,2
18536,469,2
18537,467,2
18538,469,2
18539,478,2
18540,482,2
18541,469,2
18542,469,2
18543,473,2
18544,465,2
18545,465,2
18546,489,2
18547,498,2
18548,499,2
18549,462,2
18550,489,2
18551,481,2
18552,497,2
18553,492,2
18554,506,2
18555,500,2
18556,480,2
18557,492,2
18558,506,2
18559,509,2
18560,492,2
18561,492,2
18562,513,2
18563,497,2
18564,496,2
18565,512,2
18566,513,2
18567,510,2
18568,514,2
18569,525,2
18570,517,2
18571,529,2
18572,525,2
18573,533,2
18574,543,2
18575,545,2
18576,552,2
18577,548,2
18578,542,2
18579,536,2
18580,538,2
18581,534,2
18582,546,2
18583,556,2
18584,541,2
18585,551,2
18586,545,2
18587,557,2
18588,550,2
18589,549,2
18590,552,2
18591,568,2
18592,562,2
18593,560,2
18594,570,2
18595,563,2
18596,584,2
18597,560,2
18598,571,2
18599,558,2
18600,412,2
18601,431,2
18602,412,2
18603,418,2
18604,423,2
18605,401,2
18606,413,2
18607,421,2
18608,402,2
18609,439,2
18610,433,2
18611,432,2
18612,442,2
18613,436,2
18614,426,2
18615,410,2
18616,423,2
18617,425,2
18618,441,2
18619,436,2
18620,417,2
18621,448,2
18622,455,2
18623,458,2
18624,428,2
18625,446,2
18626,432,2
18627,468,2
18628,447,2
18629,443,2
18630,442,2
18631,454,2
18632,458,2
18633,433,2
18634,471,2
18635,461,2
18636,473,2
18637,478,2
18638,458,2
18639,471,2
18640,455,2
18641,457,2
18642,483,2
18643,456,2
18644,469,2
18645,457,2
18646,461,2
18647,464,2
18648,489,2
18649,479,2
18650,484,2
18651,454,2
18652,477,2
18653,473,2
18654,485,2
18655,509,2
18656,453,2
18657,488,2
18658,511,2
18659,479,2
18660,489,2
18661,496,2
18662,463,2
18663,494,2
18664,482,2
18665,518,2
18666,492,2
18667,487,2
18668,507,2
18669,504,2
18670,510,2
18671,524,2
18672,495,2
18673,524,2
18674,527,2
18675,497,2
18676,499,2
18677,509,2
18678,507,2
18679,531,2
18680,502,2
18681,516,2
18682,505,2
18683,517,2
18684,543,2
18685,540,2
18686,524,2
18687,529,2
18688,528,2
18689,520,2
18690,548,2
18691,542,2
18692,530,2
18693,526,2
18694,528,2
18695,535,2
18696,532,2
18697,547,2
18698,541,2
18699,525,2
18700,431,2
18701,422,2
18702,433,2
18703,434,2
18704,446,2
18705,440,2
18706,434,2
18707,457,2
18708,447,2
18709,451,2
18710,426,2
18711,419,2
18712,432,2
18713,445,2
18714,458,2
18715,424,2
18716,473,2
18717,457,2
18718,472,2
18719,446,2
18720,464,2
18721,460,2
18722,470,2
18723,458,2
18724,468,2
18725,477,2
18726,457,2
18727,469,2
18728,444,2
18729,476,2
18730,492,2
18731,455,2
18732,470,2
18733,483,2
18734,474,2
18735,476,2
18736,471,2
18737,472,2
18738,477,2
18739,479,2
18740,466,2
18741,480,2
18742,501,2
18743,478,2
18744,469,2
18745,484,2
18746,478,2
18747,472,2
18748,490,2
18749,481,2
18750,483,2
18751,494,2
18752,475,2
18753,473,2
18754,503,2
18755,473,2
18756,486,2
18757,477,2
18758,494,2
18759,506,2
18760,503,2
18761,532,2
18762,517,2
18763,494,2
18764,492,2
18765,540,2
18766,521,2
18767,517,2
18768,512,2
18769,515,2
18770,495,2
18771,516,2
18772,516,2
18773,505,2
18774,511,2
18775,536,2
18776,518,2
18777,545,2
18778,501,2
18779,516,2
18780,505,2
18781,510,2
18782,516,2
18783,531,2
18784,531,2
18785,521,2
18786,504,2
18787,549,2
18788,529,2
18789,520,2
18790,538,2
18791,538,2
18792,533,2
18793,540,2
18794,525,2
18795,549,2
18796,529,2
18797,535,2
18798,551,2
18799,559,2
18800,456,2
18801,423,2
18802,449,2
18803,443,2
18804,449,2
18805,430,2
18806,463,2
18807,434,2
18808,451,2
18809,444,2
18810,453,2
18811,436,2
18812,435,2
18813,454,2
18814,448,2
18815,449,2
18816,462,2
18817,439,2
18818,473,2
18819,461,2
18820,471,2
18821,469,2
18822,471,2
18823,451,2
18824,481,2
18825,472,2
18826,465,2
18827,470,2
18828,478,2
18829,477,2
18830,483,2
18831,498,2
18832,467,2
18833,490,2
18834,481,2
18835,497,2
18836,505,2
18837,489,2
18838,495,2
18839,504,2
18840,503,2
18841,508,2
18842,490,2
18843,489,2
18844,483,2
18845,496,2
18846,499,2
18847,500,2
18848,509,2
18849,511,2
18850,505,2
18851,511,2
18852,519,2
18853,501,2
18854,523,2
18855,506,2
18856,532,2
18857,518,2
18858,518,2
18859,498,2
18860,529,2
18861,523,2
18862,526,2
18863,524,2
18864,534,2
18865,538,2
18866,535,2
18867,547,2
18868,524,2
18869,527,2
18870,540,2
18871,545,2
18872,545,2
18873,524,2
18874,527,2
18875,541,2
18876,523,2
18877,549,2
18878,546,2
18879,538,2
18880,544,2
18881,553,2
18882,535,2
18883,547,2
18884,553,2
18885,554,2
18886,556,2
18887,577,2
18888,573,2
18889,556,2
18890,553,2
18891,562,2
18892,583,2
18893,544,2
18894,572,2
18895,569,2
18896,588,2
18897,587,2
18898,559,2
18899,593,2
18900,417,2
18901,430,2
18902,446,2
18903,443,2
18904,442,2
18905,429,2
18906,430,2
18907,439,2
18908,435,2
18909,448,2
18910,449,2
18911,447,2
18912,411,2
18913,444,2
18914,442,2
18915,447,2
18916,437,2
18917,431,2
18918,454,2
18919,445,2
18920,458,2
18921,444,2
18922,470,2
18923,466,2
18924,459,2
18925,454,2
18926,468,2
18927,464,2
18928,463,2
18929,474,2
18930,480,2
18931,449,2
18932,453,2
18933,457,2
18934,450,2
18935,468,2
18936,477,2
18937,471,2
18938,466,2
18939,487,2
18940,476,2
18941,480,2
18942,491,2
18943,477,2
18944,504,2
18945,475,2
18946,506,2
18947,471,2
18948,491,2
18949,478,2
18950,500,2
18951,482,2
18952,493,2
18953,483,2
18954,503,2
18955,485,2
18956,514,2
18957,483,2
18958,480,2
18959,509,2
18960,492,2
18961,500,2
18962,497,2
18963,487,2
18964,503,2
18965,520,2
18966,518,2
18967,510,2
18968,522,2
18969,497,2
18970,507,2
18971,517,2
18972,512,2
18973,511,2
18974,501,2
18975,492,2
18976,528,2
18977,522,2
18978,531,2
18979,516,2
18980,514,2
18981,524,2
18982,535,2
18983,524,2
18984,537,2
18985,517,2
18986,528,2
18987,530,2
18988,547,2
18989,536,2
18990,556,2
18991,520,2
18992,539,2
18993,541,2
18994,547,2
18995,531,2
18996,562,2
18997,543,2
18998,531,2
18999,545,2
19000,405,2
19001,406,2
19002,465,2
19003,459,2
19004,436,2
19005,441,2
19006,440,2
19007,417,2
19008,457,2
19009,457,2
19010,427,2
19011,447,2
19012,444,2
19013,444,2
19014,439,2
19015,447,2
19016,444,2
19017,464,2
19018,452,2
19019,446,2
19020,455,2
19021,455,2
19022,456,2
19023,467,2
19024,457,2
19025,455,2
19026,447,2
19027,464,2
19028,481,2
19029,466,2
19030,462,2
19031,461,2
19032,450,2
19033,486,2
19034,479,2
19035,484,2
19036,479,2
19037,468,2
19038,475,2
19039,474,2
19040,476,2
19041,478,2
19042,497,2
19043,510,2
19044,476,2
19045,486,2
19046,492,2
19047,479,2
19048,492,2
19049,497,2
19050,494,2
19051,503,2
19052,497,2
19053,464,2
19054,488,2
19055,518,2
19056,509,2
19057,469,2
19058,487,2
19059,515,2
19060,501,2
19061,476,2
19062,523,2
19063,520,2
19064,503,2
19065,529,2
19066,506,2
19067,509,2
19068,512,2
19069,497,2
19070,526,2
19071,528,2
19072,518,2
19073,533,2
19074,507,2
19075,535,2
19076,532,2
19077,521,2
19078,536,2
19079,522,2
19080,547,2
19081,541,2
19082,541,2
19083,532,2
19084,548,2
19085,555,2
19086,561,2
19087,536,2
19088,554,2
19089,562,2
19090,544,2
19091,565,2
19092,551,2
19093,538,2
19094,543,2
19095,536,2
19096,554,2
19097,554,2
19098,559,2
19099,575,2
19100,366,2
19101,390,2
19102,408,2
19103,405,2
19104,394,2
19105,402,2
19106,390,2
19107,405,2
19108,441,2
19109,429,2
19110,409,2
19111,412,2
19112,399,2
19113,403,2
19114,418,2
19115,409,2
19116,427,2
19117,436,2
19118,423,2
19119,421,2
19120,401,2
19121,431,2
19122,410,2
19123,420,2
19124,438,2
19125,440,2
19126,423,2
19127,425,2
19128,423,2
19129,418,2
19130,426,2
19131,416,2
19132,445,2
19133,443,2
19134,446,2
19135,429,2
19136,427,2
19137,444,2
19138,445,2
19139,444,2
19140,443,2
19141,469,2
19142,455,2
19143,474,2
19144,467,2
19145,474,2
19146,442,2
19147,463,2
19148,452,2
19149,438,2
19150,478,2
19151,457,2
19152,450,2
19153,459,2
19154,455,2
19155,458,2
19156,465,2
19157,489,2
19158,462,2
19159,491,2
19160,483,2
19161,479,2
19162,484,2
19163,477,2
19164,493,2
19165,486,2
19166,460,2
19167,485,2
19168,492,2
19169,481,2
19170,487,2
19171,479,2
19172,471,2
19173,471,2
19174,472,2
19175,500,2
19176,463,2
19177,486,2
19178,486,2
19179,493,2
19180,476,2
19181,504,2
19182,485,2
19183,516,2
19184,496,2
19185,503,2
19186,506,2
19187,510,2
19188,509,2
19189,505,2
19190,515,2
19191,518,2
19192,504,2
19193,520,2
19194,530,2
19195,526,2
19196,530,2
19197,522,2
19198,510,2
19199,513,2
19200,458,2
19201,444,2
19202,455,2
19203,449,2
19204,453,2
19205,466,2
19206,432,2
19207,465,2
19208,467,2
19209,453,2
19210,461,2
19211,451,2
19212,455,2
19213,469,2
19214,499,2
19215,477,2
19216,460,2
19217,481,2
19218,480,2
19219,454,2
19220,472,2
19221,476,2
19222,480,2
19223,480,2
19224,483,2
19225,472,2
19226,481,2
19227,483,2
19228,501,2
19229,481,2
19230,487,2
19231,488,2
19232,512,2
19233,503,2
19234,485,2
19235,502,2
19236,487,2
19237,504,2
19238,518,2
19239,480,2
19240,493,2
19241,508,2
19242,503,2
19243,512,2
19244,509,2
19245,492,2
19246,521,2
19247,499,2
19248,519,2
19249,512,2
19250,548,2
19251,519,2
19252,526,2
19253,530,2
19254,529,2
19255,526,2
19256,516,2
19257,528,2
19258,508,2
19259,538,2
19260,569,2
19261,537,2
19262,540,2
19263,519,2
19264,529,2
19265,551,2
19266,525,2
19267,535,2
19268,552,2
19269,556,2
19270,547,2
19271,551,2
19272,552,2
19273,537,2
19274,553,2
19275,558,2
19276,555,2
19277,535,2
19278,578,2
19279,548,2
19280,563,2
19281,568,2
19282,560,2
19283,569,2
19284,559,2
19285,595,2
19286,568,2
19287,583,2
19288,561,2
19289,584,2
19290,568,2
19291,561,2
19292,567,2
19293,571,2
19294,584,2
19295,618,2
19296,618,2
19297,583,2
19298,600,2
19299,574,2
19300,417,2
19301,444,2
19302,410,2
19303,431,2
19304,428,2
19305,427,2
19306,436,2
19307,435,2
19308,440,2
19309,437,2
19310,442,2
19311,439,2
19312,431,2
19313,440,2
19314,433,2
19315,433,2
19316,439,2
19317,443,2
19318,446,2
19319,458,2
19320,442,2
19321,452,2
19322,452,2
19323,444,2
19324,454,2
19325,466,2
19326,457,2
19327,459,2
19328,449,2
19329,482,2
19330,452,2
19331,441,2
19332,472,2
19333,462,2
19334,460,2
19335,459,2
19336,489,2
19337,472,2
19338,475,2
19339,472,2
19340,474,2
19341,489,2
19342,470,2
19343,457,2
19344,486,2
19345,483,2
19346,479,2
19347,485,2
19348,476,2
19349,482,2
19350,481,2
19351,477,2
19352,499,2
19353,469,2
19354,515,2
19355,499,2
19356,468,2
19357,488,2
19358,490,2
19359,498,2
19360,482,2
19361,495,2
19362,495,2
19363,489,2
19364,488,2
19365,511,2
19366,480,2
19367,508,2
19368,513,2
19369,502,2
19370,506,2
19371,521,2
19372,499,2
19373,502,2
19374,504,2
19375,525,2
19376,528,2
19377,497,2
19378,527,2
19379,526,2
19380,536,2
19381,523,2
19382,519,2
19383,534,2
19384,530,2
19385,550,2
19386,535,2
19387,527,2
19388,512,2
19389,520,2
19390,511,2
19391,527,2
19392,542,2
19393,532,2
19394,545,2
19395,538,2
19396,530,2
19397,538,2
19398,543,2
19399,540,2
19400,374,2
19401,397,2
19402,396,2
19403,406,2
19404,406,2
19405,383,2
19406,390,2
19407,398,2
19408,412,2
19409,425,2
19410,394,2
19411,407,2
19412,416,2
19413,407,2
19414,420,2
19415,428,2
19416,413,2
19417,427,2
19418,424,2
19419,412,2
19420,426,2
19421,435,2
19422,447,2
19423,452,2
19424,426,2
19425,427,2
19426,437,2
19427,431,2
19428,453,2
19429,441,2
19430,442,2
19431,451,2
19432,446,2
19433,450,2
19434,450,2
19435,447,2
19436,439,2
19437,473,2
19438,442,2
19439,474,2
19440,460,2
19441,450,2
19442,465,2
19443,469,2
19444,482,2
19445,447,2
19446,462,2
19447,482,2
19448,476,2
19449,474,2
19450,487,2
19451,469,2
19452,444,2
19453,469,2
19454,499,2
19455,480,2
19456,468,2
19457,495,2
19458,491,2
19459,484,2
19460,491,2
19461,473,2
19462,482,2
19463,487,2
19464,502,2
19465,484,2
19466,492,2
19467,511,2
19468,525,2
19469,486,2
19470,499,2
19471,481,2
19472,500,2
19473,498,2
19474,518,2
19475,491,2
19476,490,2
19477,526,2
19478,501,2
19479,513,2
19480,515,2
19481,504,2
19482,505,2
19483,529,2
19484,525,2
19485,518,2
19486,518,2
19487,525,2
19488,527,2
19489,539,2
19490,525,2
19491,532,2
19492,537,2
19493,539,2
19494,549,2
19495,532,2
19496,527,2
19497,531,2
19498,544,2
19499,537,2
19500,422,2
19501,415,2
19502,424,2
19503,415,2
19504,428,2
19505,428,2
19506,442,2
19507,409,2
19508,428,2
19509,429,2
19510,454,2
19511,428,2
19512,445,2
19513,442,2
19514,458,2
19515,454,2
19516,450,2
19517,443,2
19518,429,2
19519,456,2
19520,460,2
19521,437,2
19522,442,2
19523,461,2
19524,464,2
19525,449,2
19526,456,2
19527,442,2
19528,482,2
19529,451,2
19530,475,2
19531,470,2
19532,487,2
19533,463,2
19534,475,2
19535,455,2
19536,454,2
19537,486,2
19538,459,2
19539,479,2
19540,495,2
19541,493,2
19542,478,2
19543,468,2
19544,495,2
19545,506,2
19546,484,2
19547,484,2
19548,488,2
19549,503,2
19550,512,2
19551,484,2
19552,482,2
19553,530,2
19554,501,2
19555,508,2
19556,498,2
19557,514,2
19558,521,2
19559,514,2
19560,533,2
19561,510,2
19562,512,2
19563,519,2
19564,523,2
19565,522,2
19566,505,2
19567,526,2
19568,519,2
19569,518,2
19570,527,2
19571,516,2
19572,516,2
19573,500,2
19574,553,2
19575,540,2
19576,534,2
19577,529,2
19578,504,2
19579,531,2
19580,550,2
19581,554,2
19582,552,2
19583,547,2
19584,563,2
19585,544,2
19586,563,2
19587,547,2
19588,542,2
19589,542,2
19590,543,2
19591,565,2
19592,550,2
19593,548,2
19594,570,2
19595,567,2
19596,576,2
19597,572,2
19598,558,2
19599,570,2
19600,399,2
19601,384,2
19602,391,2
19603,424,2
19604,414,2
19605,417,2
19606,421,2
19607,394,2
19608,415,2
19609,427,2
19610,410,2
19611,432,2
19612,410,2
19613,420,2
19614,425,2
19615,431,2
19616,419,2
19617,436,2
19618,431,2
19619,407,2
19620,450,2
19621,418,2
19622,454,2
19623,431,2
19624,430,2
19625,440,2
19626,428,2
19627,415,2
19628,438,2
19629,445,2
19630,461,2
19631,429,2
19632,452,2
19633,445,2
19634,448,2
19635,461,2
19636,444,2
19637,454,2
19638,466,2
19639,467,2
19640,441,2
19641,450,2
19642,457,2
19643,470,2
19644,458,2
19645,464,2
19646,479,2
19647,461,2
19648,484,2
19649,449,2
19650,465,2
19651,454,2
19652,474,2
19653,483,2
19654,473,2
19655,471,2
19656,461,2
19657,499,2
19658,480,2
19659,476,2
19660,502,2
19661,480,2
19662,475,2
19663,479,2
19664,478,2
19665,477,2
19666,483,2
19667,522,2
19668,480,2
19669,477,2
19670,500,2
19671,497,2
19672,507,2
19673,494,2
19674,492,2
19675,524,2
19676,486,2
19677,511,2
19678,516,2
19679,519,2
19680,507,2
19681,497,2
19682,531,2
19683,509,2
19684,534,2
19685,522,2
19686,513,2
19687,525,2
19688,535,2
19689,524,2
19690,515,2
19691,504,2
19692,522,2
19693,538,2
19694,517,2
19695,539,2
19696,533,2
19697,543,2
19698,507,2
19699,519,2
19700,434,2
19701,450,2
19702,440,2
19703,431,2
19704,426,2
19705,453,2
19706,451,2
19707,458,2
19708,435,2
19709,470,2
19710,428,2
19711,459,2
19712,429,2
19713,444,2
19714,473,2
19715,466,2
19716,450,2
19717,452,2
19718,461,2
19719,467,2
19720,477,2
19721,458,2
19722,445,2
19723,468,2
19724,461,2
19725,453,2
19726,473,2
19727,468,2
19728,476,2
19729,462,2
19730,480,2
19731,460,2
19732,467,2
19733,475,2
19734,500,2
19735,490,2
19736,495,2
19737,500,2
19738,528,2
19739,486,2
19740,504,2
19741,501,2
19742,502,2
19743,512,2
19744,487,2
19745,487,2
19746,499,2
19747,494,2
19748,501,2
19749,517,2
19750,494,2
19751,497,2
19752,504,2
19753,501,2
19754,482,2
19755,499,2
19756,516,2
19757,526,2
19758,496,2
19759,497,2
19760,513,2
19761,489,2
19762,510,2
19763,495,2
19764,534,2
19765,509,2
19766,540,2
19767,535,2
19768,515,2
19769,511,2
19770,523,2
19771,525,2
19772,532,2
19773,519,2
19774,539,2
19775,535,2
19776,529,2
19777,525,2
19778,533,2
19779,527,2
19780,538,2
19781,540,2
19782,543,2
19783,563,2
19784,541,2
19785,556,2
19786,548,2
19787,544,2
19788,546,2
19789,548,2
19790,554,2
19791,540,2
19792,535,2
19793,562,2
19794,566,2
19795,566,2
19796,560,2
19797,568,2
19798,569,2
19799,571,2
19800,399,2
19801,411,2
19802,411,2
19803,401,2
19804,424,2
19805,422,2
19806,400,2
19807,450,2
19808,405,2
19809,415,2
19810,426,2
19811,417,2
19812,441,2
19813,423,2
19814,415,2
19815,435,2
19816,394,2
19817,436,2
19818,446,2
19819,404,2
19820,428,2
19821,414,2
19822,435,2
19823,463,2
19824,440,2
19825,436,2
19826,406,2
19827,427,2
19828,440,2
19829,444,2
19830,448,2
19831,454,2
19832,435,2
19833,448,2
19834,443,2
19835,438,2
19836,440,2
19837,458,2
19838,422,2
19839,432,2
19840,493,2
19841,448,2
19842,475,2
19843,458,2
19844,453,2
19845,469,2
19846,463,2
19847,461,2
19848,464,2
19849,470,2
19850,458,2
19851,462,2
19852,457,2
19853,455,2
19854,493,2
19855,461,2
19856,485,2
19857,470,2
19858,482,2
19859,477,2
19860,456,2
19861,479,2
19862,487,2
19863,470,2
19864,510,2
19865,493,2
19866,494,2
19867,497,2
19868,459,2
19869,496,2
19870,516,2
19871,499,2
19872,488,2
19873,479,2
19874,479,2
19875,479,2
19876,491,2
19877,484,2
19878,496,2
19879,502,2
19880,480,2
19881,492,2
19882,495,2
19883,496,2
19884,505,2
19885,507,2
19886,502,2
19887,500,2
19888,509,2
19889,528,2
19890,494,2
19891,526,2
19892,494,2
19893,519,2
19894,528,2
19895,501,2
19896,522,2
19897,507,2
19898,534,2
19899,502,2
19900,430,2
19901,441,2
19902,434,2
19903,440,2
19904,418,2
19905,427,2
19906,439,2
19907,449,2
19908,426,2
19909,412,2
19910,432,2
19911,451,2
19912,420,2
19913,426,2
19914,443,2
19915,441,2
19916,450,2
19917,429,2
19918,441,2
19919,460,2
19920,432,2
19921,465,2
19922,436,2
19923,460,2
19924,446,2
19925,437,2
19926,446,2
19927,460,2
19928,454,2
19929,468,2
19930,473,2
19931,442,2
19932,442,2
19933,443,2
19934,449,2
19935,474,2
19936,468,2
19937,456,2
19938,463,2
19939,481,2
19940,488,2
19941,469,2
19942,435,2
19943,471,2
19944,480,2
19945,472,2
19946,479,2
19947,475,2
19948,457,2
19949,462,2
19950,470,2
19951,488,2
19952,466,2
19953,482,2
19954,481,2
19955,497,2
19956,479,2
19957,459,2
19958,489,2
19959,508,2
19960,491,2
19961,474,2
19962,472,2
19963,474,2
19964,511,2
19965,484,2
19966,480,2
19967,487,2
19968,486,2
19969,510,2
19970,480,2
19971,507,2
19972,495,2
19973,509,2
19974,515,2
19975,498,2
19976,494,2
19977,499,2
19978,498,2
19979,480,2
19980,520,2
19981,505,2
19982,489,2
19983,479,2
19984,477,2
19985,515,2
19986,499,2
19987,502,2
19988,514,2
19989,503,2
19990,517,2
19991,512,2
19992,511,2
19993,494,2
19994,504,2
19995,522,2
19996,507,2
19997,531,2
19998,546,2
19999,526,2
20000,547,3
20001,537,3
20002,530,3
20003,555,3
20004,532,3
20005,535,3
20006,541,3
20007,536,3
20008,538,3
20009,512,3
20010,529,3
20011,541,3
20012,524,3
20013,517,3
20014,538,3
20015,519,3
20016,525,3
20017,519,3
20018,520,3
20019,537,3
20020,524,3
20021,501,3
20022,509,3
20023,507,3
20024,513,3
20025,520,3
20026,508,3
20027,506,3
20028,478,3
20029,519,3
20030,499,3
20031,503,3
20032,501,3
20033,488,3
20034,492,3
20035,484,3
20036,509,3
20037,464,3
20038,478,3
20039,484,3
20040,504,3
20041,493,3
20042,463,3
20043,480,3
20044,488,3
20045,505,3
20046,473,3
20047,461,3
20048,478,3
20049,472,3
20050,476,3
20051,477,3
20052,471,3
20053,472,3
20054,484,3
20055,459,3
20056,447,3
20057,464,3
20058,443,3
20059,443,3
20060,445,3
20061,439,3
20062,466,3
20063,451,3
20064,457,3
20065,454,3
20066,443,3
20067,456,3
20068,437,3
20069,439,3
20070,431,3
20071,455,3
20072,435,3
20073,442,3
20074,427,3
20075,442,3
20076,440,3
20077,409,3
20078,427,3
20079,427,3
20080,421,3
20081,439,3
20082,407,3
20083,414,3
20084,408,3
20085,429,3
20086,403,3
20087,392,3
20088,417,3
20089,409,3
20090,421,3
20091,417,3
20092,405,3
20093,387,3
20094,388,3
20095,380,3
20096,398,3
20097,390,3
20098,394,3
20099,397,3
20100,554,3
20101,543,3
20102,526,3
20103,540,3
20104,553,3
20105,557,3
20106,531,3
20107,513,3
20108,542,3
20109,527,3
20110,540,3
20111,531,3
20112,515,3
20113,525,3
20114,539,3
20115,520,3
20116,508,3
20117,499,3
20118,508,3
20119,511,3
20120,524,3
20121,499,3
20122,530,3
20123,493,3
20124,536,3
20125,527,3
20126,507,3
20127,484,3
20128,501,3
20129,496,3
20130,484,3
20131,501,3
20132,486,3
20133,486,3
20134,491,3
20135,485,3
20136,515,3
20137,482,3
20138,492,3
20139,487,3
20140,488,3
20141,488,3
20142,492,3
20143,483,3
20144,481,3
20145,477,3
20146,473,3
20147,463,3
20148,471,3
20149,474,3
20150,474,3
20151,470,3
20152,463,3
20153,464,3
20154,457,3
20155,465,3
20156,458,3
20157,461,3
20158,469,3
20159,447,3
20160,461,3
20161,453,3
20162,475,3
20163,447,3
20164,457,3
20165,447,3
20166,429,3
20167,437,3
20168,453,3
20169,436,3
20170,413,3
20171,437,3
20172,423,3
20173,436,3
20174,452,3
20175,441,3
20176,449,3
20177,422,3
20178,426,3
20179,413,3
20180,416,3
20181,412,3
20182,406,3
20183,436,3
20184,393,3
20185,433,3
20186,430,3
20187,420,3
20188,399,3
20189,392,3
20190,403,3
20191,415,3
20192,406,3
20193,392,3
20194,417,3
20195,422,3
20196,398,3
20197,400,3
20198,379,3
20199,391,3
20200,555,3
20201,552,3
20202,551,3
20203,545,3
20204,557,3
20205,550,3
20206,532,3
20207,540,3
20208,540,3
20209,538,3
20210,548,3
20211,531,3
20212,570,3
20213,553,3
20214,551,3
20215,520,3
20216,507,3
20217,525,3
20218,531,3
20219,524,3
20220,518,3
20221,502,3
20222,513,3
20223,516,3
20224,512,3
20225,510,3
20226,505,3
20227,532,3
20228,519,3
20229,521,3
20230,511,3
20231,490,3
20232,513,3
20233,519,3
20234,519,3
20235,506,3
20236,497,3
20237,496,3
20238,500,3
20239,473,3
20240,498,3
20241,483,3
20242,514,3
20243,482,3
20244,486,3
20245,484,3
20246,472,3
20247,484,3
20248,481,3
20249,488,3
20250,482,3
20251,474,3
20252,460,3
20253,459,3
20254,487,3
20255,466,3
20256,488,3
20257,452,3
20258,486,3
20259,447,3
20260,451,3
20261,460,3
20262,465,3
20263,460,3
20264,427,3
20265,441,3
20266,433,3
20267,428,3
20268,443,3
20269,416,3
20270,452,3
20271,447,3
20272,456,3
20273,422,3
20274,421,3
20275,444,3
20276,443,3
20277,444,3
20278,440,3
20279,427,3
20280,417,3
20281,430,3
20282,414,3
20283,419,3
20284,412,3
20285,418,3
20286,428,3
20287,407,3
20288,403,3
20289,406,3
20290,392,3
20291,412,3
20292,404,3
20293,401,3
20294,403,3
20295,380,3
20296,413,3
20297,388,3
20298,388,3
20299,401,3
20300,555,3
20301,529,3
20302,553,3
20303,542,3
20304,536,3
20305,540,3
20306,514,3
20307,535,3
20308,532,3
20309,546,3
20310,536,3
20311,544,3
20312,504,3
20313,523,3
20314,539,3
20315,527,3
20316,540,3
20317,506,3
20318,535,3
20319,518,3
20320,515,3
20321,535,3
20322,535,3
20323,532,3
20324,543,3
20325,532,3
20326,506,3
20327,516,3
20328,509,3
20329,536,3
20330,524,3
20331,507,3
20332,518,3
20333,491,3
20334,508,3
20335,492,3
20336,482,3
20337,510,3
20338,510,3
20339,504,3
20340,495,3
20341,480,3
20342,480,3
20343,481,3
20344,488,3
20345,503,3
20346,501,3
20347,467,3
20348,477,3
20349,476,3
20350,453,3
20351,489,3
20352,477,3
20353,478,3
20354,494,3
20355,477,3
20356,470,3
20357,480,3
20358,485,3
20359,474,3
20360,478,3
20361,466,3
20362,466,3
20363,467,3
20364,455,3
20365,456,3
20366,478,3
20367,484,3
20368,478,3
20369,441,3
20370,439,3
20371,440,3
20372,455,3
20373,418,3
20374,443,3
20375,466,3
20376,459,3
20377,440,3
20378,440,3
20379,450,3
20380,453,3
20381,434,3
20382,437,3
20383,431,3
20384,421,3
20385,433,3
20386,430,3
20387,417,3
20388,439,3
20389,436,3
20390,437,3
20391,418,3
20392,402,3
20393,430,3
20394,415,3
20395,411,3
20396,405,3
20397,416,3
20398,437,3
20399,410,3
20400,579,3
20401,554,3
20402,531,3
20403,580,3
20404,547,3
20405,512,3
20406,563,3
20407,517,3
20408,547,3
20409,553,3
20410,550,3
20411,559,3
20412,552,3
20413,561,3
20414,537,3
20415,532,3
20416,531,3
20417,551,3
20418,526,3
20419,543,3
20420,521,3
20421,520,3
20422,544,3
20423,534,3
20424,502,3
20425,516,3
20426,495,3
20427,520,3
20428,520,3
20429,517,3
20430,536,3
20431,525,3
20432,549,3
20433,525,3
20434,524,3
20435,519,3
20436,512,3
20437,506,3
20438,510,3
20439,510,3
20440,510,3
20441,518,3
20442,513,3
20443,502,3
20444,498,3
20445,509,3
20446,494,3
20447,499,3
20448,496,3
20449,531,3
20450,486,3
20451,490,3
20452,492,3
20453,492,3
20454,509,3
20455,493,3
20456,479,3
20457,511,3
20458,496,3
20459,497,3
20460,498,3
20461,475,3
20462,488,3
20463,497,3
20464,479,3
20465,489,3
20466,491,3
20467,466,3
20468,470,3
20469,454,3
20470,483,3
20471,502,3
20472,470,3
20473,475,3
20474,488,3
20475,478,3
20476,462,3
20477,491,3
20478,474,3
20479,468,3
20480,468,3
20481,476,3
20482,461,3
20483,486,3
20484,481,3
20485,465,3
20486,465,3
20487,453,3
20488,454,3
20489,447,3
20490,457,3
20491,460,3
20492,439,3
20493,465,3
20494,445,3
20495,460,3
20496,463,3
20497,468,3
20498,465,3
20499,470,3
20500,503,3
20501,493,3
20502,505,3
20503,497,3
20504,512,3
20505,510,3
20506,490,3
20507,500,3
20508,507,3
20509,496,3
20510,489,3
20511,484,3
20512,506,3
20513,506,3
20514,491,3
20515,502,3
20516,456,3
20517,507,3
20518,488,3
20519,491,3
20520,484,3
20521,504,3
20522,474,3
20523,503,3
20524,489,3
20525,491,3
20526,479,3
20527,466,3
20528,492,3
20529,484,3
20530,495,3
20531,476,3
20532,472,3
20533,493,3
20534,498,3
20535,474,3
20536,464,3
20537,482,3
20538,468,3
20539,478,3
20540,467,3
20541,487,3
20542,459,3
20543,473,3
20544,460,3
20545,462,3
20546,459,3
20547,472,3
20548,473,3
20549,468,3
20550,459,3
20551,461,3
20552,469,3
20553,469,3
20554,424,3
20555,452,3
20556,452,3
20557,462,3
20558,452,3
20559,461,3
20560,438,3
20561,453,3
20562,460,3
20563,431,3
20564,477,3
20565,461,3
20566,445,3
20567,435,3
20568,441,3
20569,444,3
20570,447,3
20571,459,3
20572,434,3
20573,446,3
20574,422,3
20575,432,3
20576,441,3
20577,443,3
20578,425,3
20579,428,3
20580,450,3
20581,445,3
20582,433,3
20583,403,3
20584,459,3
20585,427,3
20586,423,3
20587,420,3
20588,429,3
20589,429,3
20590,434,3
20591,411,3
20592,417,3
20593,445,3
20594,422,3
20595,416,3
20596,406,3
20597,423,3
20598,428,3
20599,425,3
20600,571,3
20601,553,3
20602,554,3
20603,586,3
20604,575,3
20605,561,3
20606,560,3
20607,587,3
20608,559,3
20609,556,3
20610,547,3
20611,553,3
20612,534,3
20613,560,3
20614,568,3
20615,567,3
20616,542,3
20617,522,3
20618,553,3
20619,563,3
20620,527,3
20621,541,3
20622,549,3
20623,533,3
20624,522,3
20625,532,3
20626,533,3
20627,517,3
20628,551,3
20629,556,3
20630,536,3
20631,544,3
20632,516,3
20633,531,3
20634,525,3
20635,536,3
20636,498,3
20637,525,3
20638,535,3
20639,530,3
20640,535,3
20641,518,3
20642,490,3
20643,536,3
20644,531,3
20645,539,3
20646,520,3
20647,524,3
20648,545,3
20649,494,3
20650,521,3
20651,529,3
20652,516,3
20653,513,3
20654,494,3
20655,528,3
20656,522,3
20657,524,3
20658,507,3
20659,502,3
20660,505,3
20661,525,3
20662,500,3
20663,520,3
20664,499,3
20665,490,3
20666,474,3
20667,505,3
20668,506,3
20669,482,3
20670,513,3
20671,477,3
20672,501,3
20673,501,3
20674,504,3
20675,466,3
20676,501,3
20677,486,3
20678,483,3
20679,495,3
20680,496,3
20681,460,3
20682,467,3
20683,496,3
20684,486,3
20685,482,3
20686,467,3
20687,483,3
20688,491,3
20689,503,3
20690,470,3
20691,484,3
20692,494,3
20693,454,3
20694,492,3
20695,472,3
20696,469,3
20697,461,3
20698,462,3
20699,456,3
20700,563,3
20701,566,3
20702,551,3
20703,538,3
20704,542,3
20705,539,3
20706,534,3
20707,543,3
20708,550,3
20709,548,3
20710,542,3
20711,541,3
20712,539,3
20713,523,3
20714,540,3
20715,530,3
20716,520,3
20717,539,3
20718,527,3
20719,536,3
20720,542,3
20721,520,3
20722,531,3
20723,507,3
20724,546,3
20725,511,3
20726,520,3
20727,541,3
20728,521,3
20729,509,3
20730,531,3
20731,530,3
20732,513,3
20733,513,3
20734,513,3
20735,515,3
20736,494,3
20737,513,3
20738,536,3
20739,503,3
20740,506,3
20741,497,3
20742,518,3
20743,524,3
20744,523,3
20745,493,3
20746,513,3
20747,523,3
20748,511,3
20749,510,3
20750,497,3
20751,505,3
20752,516,3
20753,504,3
20754,484,3
20755,493,3
20756,512,3
20757,500,3
20758,497,3
20759,488,3
20760,508,3
20761,512,3
20762,506,3
20763,508,3
20764,485,3
20765,482,3
20766,486,3
20767,487,3
20768,503,3
20769,499,3
20770,490,3
20771,465,3
20772,461,3
20773,484,3
20774,490,3
20775,478,3
20776,501,3
20777,464,3
20778,461,3
20779,467,3
20780,465,3
20781,479,3
20782,467,3
20783,452,3
20784,481,3
20785,448,3
20786,455,3
20787,448,3
20788,469,3
20789,467,3
20790,487,3
20791,474,3
20792,480,3
20793,465,3
20794,449,3
20795,461,3
20796,466,3
20797,466,3
20798,451,3
20799,461,3
20800,520,3
20801,511,3
20802,515,3
20803,511,3
20804,529,3
20805,524,3
20806,518,3
20807,512,3
20808,528,3
20809,525,3
20810,512,3
20811,528,3
20812,508,3
20813,512,3
20814,502,3
20815,503,3
20816,499,3
20817,513,3
20818,509,3
20819,490,3
20820,509,3
20821,522,3
20822,492,3
20823,490,3
20824,498,3
20825,513,3
20826,490,3
20827,516,3
20828,480,3
20829,494,3
20830,470,3
20831,478,3
20832,486,3
20833,491,3
20834,501,3
20835,477,3
20836,489,3
20837,467,3
20838,494,3
20839,497,3
20840,492,3
20841,491,3
20842,476,3
20843,480,3
20844,474,3
20845,474,3
20846,464,3
20847,475,3
20848,476,3
20849,482,3
20850,473,3
20851,478,3
20852,458,3
20853,482,3
20854,461,3
20855,439,3
20856,457,3
20857,468,3
20858,461,3
20859,435,3
20860,460,3
20861,458,3
20862,444,3
20863,461,3
20864,452,3
20865,429,3
20866,459,3
20867,452,3
20868,467,3
20869,437,3
20870,444,3
20871,458,3
20872,433,3
20873,456,3
20874,455,3
20875,445,3
20876,438,3
20877,431,3
20878,429,3
20879,440,3
20880,401,3
20881,428,3
20882,425,3
20883,420,3
20884,433,3
20885,412,3
20886,443,3
20887,439,3
20888,443,3
20889,419,3
20890,427,3
20891,433,3
20892,421,3
20893,414,3
20894,421,3
20895,416,3
20896,405,3
20897,388,3
20898,404,3
20899,386,3
20900,543,3
20901,537,3
20902,550,3
20903,580,3
20904,556,3
20905,569,3
20906,545,3
20907,563,3
20908,570,3
20909,543,3
20910,537,3
20911,526,3
20912,537,3
20913,541,3
20914,563,3
20915,522,3
20916,537,3
20917,513,3
20918,529,3
20919,536,3
20920,537,3
20921,537,3
20922,534,3
20923,535,3
20924,527,3
20925,513,3
20926,502,3
20927,516,3
20928,520,3
20929,536,3
20930,518,3
20931,516,3
20932,522,3
20933,513,3
20934,524,3
20935,537,3
20936,539,3
20937,512,3
20938,514,3
20939,528,3
20940,506,3
20941,515,3
20942,492,3
20943,500,3
20944,517,3
20945,493,3
20946,499,3
20947,481,3
20948,522,3
20949,512,3
20950,498,3
20951,501,3
20952,498,3
20953,509,3
20954,485,3
20955,499,3
20956,502,3
20957,502,3
20958,459,3
20959,478,3
20960,472,3
20961,485,3
20962,458,3
20963,456,3
20964,505,3
20965,486,3
20966,478,3
20967,480,3
20968,476,3
20969,485,3
20970,465,3
20971,473,3
20972,473,3
20973,456,3
20974,483,3
20975,461,3
20976,477,3
20977,465,3
20978,482,3
20979,449,3
20980,447,3
20981,448,3
20982,460,3
20983,475,3
20984,475,3
20985,427,3
20986,456,3
20987,414,3
20988,461,3
20989,463,3
20990,448,3
20991,448,3
20992,447,3
20993,436,3
20994,449,3
20995,440,3
20996,453,3
20997,439,3
20998,429,3
20999,420,3
21000,587,3
21001,564,3
21002,567,3
21003,556,3
21004,558,3
21005,586,3
21006,567,3
21007,561,3
21008,560,3
21009,562,3
21010,570,3
21011,562,3
21012,562,3
21013,547,3
21014,554,3
21015,558,3
21016,555,3
21017,549,3
21018,547,3
21019,557,3
21020,557,3
21021,562,3
21022,551,3
21023,523,3
21024,575,3
21025,546,3
21026,540,3
21027,543,3
21028,538,3
21029,532,3
21030,548,3
21031,538,3
21032,538,3
21033,508,3
21034,534,3
21035,523,3
21036,529,3
21037,537,3
21038,526,3
21039,526,3
21040,532,3
21041,524,3
21042,516,3
21043,507,3
21044,531,3
21045,520,3
21046,505,3
21047,539,3
21048,527,3
21049,507,3
21050,512,3
21051,532,3
21052,517,3
21053,513,3
21054,526,3
21055,514,3
21056,529,3
21057,509,3
21058,506,3
21059,512,3
21060,522,3
21061,513,3
21062,510,3
21063,498,3
21064,495,3
21065,517,3
21066,517,3
21067,516,3
21068,512,3
21069,507,3
21070,506,3
21071,501,3
21072,505,3
21073,497,3
21074,503,3
21075,506,3
21076,479,3
21077,507,3
21078,492,3
21079,509,3
21080,506,3
21081,477,3
21082,488,3
21083,465,3
21084,482,3
21085,490,3
21086,495,3
21087,484,3
21088,488,3
21089,473,3
21090,480,3
21091,472,3
21092,482,3
21093,494,3
21094,476,3
21095,459,3
21096,477,3
21097,482,3
21098,461,3
21099,486,3
21100,522,3
21101,496,3
21102,528,3
21103,526,3
21104,520,3
21105,505,3
21106,514,3
21107,505,3
21108,497,3
21109,505,3
21110,516,3
21111,507,3
21112,523,3
21113,514,3
21114,511,3
21115,483,3
21116,498,3
21117,487,3
21118,497,3
21119,490,3
21120,492,3
21121,509,3
21122,500,3
21123,506,3
21124,473,3
21125,492,3
21126,502,3
21127,507,3
21128,470,3
21129,483,3
21130,499,3
21131,483,3
21132,473,3
21133,464,3
21134,471,3
21135,461,3
21136,481,3
21137,489,3
21138,463,3
21139,480,3
21140,486,3
21141,474,3
21142,454,3
21143,477,3
21144,471,3
21145,468,3
21146,463,3
21147,469,3
21148,473,3
21149,495,3
21150,466,3
21151,482,3
21152,467,3
21153,460,3
21154,462,3
21155,445,3
21156,462,3
21157,434,3
21158,446,3
21159,457,3
21160,469,3
21161,470,3
21162,449,3
21163,453,3
21164,462,3
21165,433,3
21166,453,3
21167,437,3
21168,444,3
21169,439,3
21170,449,3
21171,449,3
21172,452,3
21173,445,3
21174,441,3
21175,460,3
21176,419,3
21177,456,3
21178,432,3
21179,441,3
21180,429,3
21181,423,3
21182,437,3
21183,442,3
21184,434,3
21185,421,3
21186,470,3
21187,440,3
21188,436,3
21189,419,3
21190,415,3
21191,418,3
21192,433,3
21193,407,3
21194,405,3
21195,423,3
21196,420,3
21197,406,3
21198,401,3
21199,430,3
21200,556,3
21201,582,3
21202,568,3
21203,550,3
21204,556,3
21205,556,3
21206,552,3
21207,548,3
21208,564,3
21209,554,3
21210,573,3
21211,560,3
21212,544,3
21213,558,3
21214,543,3
21215,566,3
21216,531,3
21217,539,3
21218,524,3
21219,525,3
21220,524,3
21221,541,3
21222,527,3
21223,493,3
21224,522,3
21225,507,3
21226,512,3
21227,529,3
21228,498,3
21229,497,3
21230,490,3
21231,504,3
21232,486,3
21233,485,3
21234,500,3
21235,505,3
21236,488,3
21237,502,3
21238,497,3
21239,500,3
21240,480,3
21241,514,3
21242,475,3
21243,479,3
21244,491,3
21245,485,3
21246,492,3
21247,476,3
21248,463,3
21249,458,3
21250,496,3
21251,469,3
21252,469,3
21253,490,3
21254,461,3
21255,465,3
21256,451,3
21257,446,3
21258,482,3
21259,481,3
21260,468,3
21261,466,3
21262,462,3
21263,442,3
21264,452,3
21265,441,3
21266,414,3
21267,457,3
21268,448,3
21269,424,3
21270,434,3
21271,449,3
21272,436,3
21273,412,3
21274,416,3
21275,452,3
21276,428,3
21277,438,3
21278,446,3
21279,417,3
21280,424,3
21281,395,3
21282,409,3
21283,422,3
21284,411,3
21285,417,3
21286,421,3
21287,414,3
21288,410,3
21289,406,3
21290,395,3
21291,389,3
21292,415,3
21293,406,3
21294,386,3
21295,394,3
21296,375,3
21297,384,3
21298,394,3
21299,389,3
21300,518,3
21301,490,3
21302,518,3
21303,514,3
21304,526,3
21305,501,3
21306,491,3
21307,494,3
21308,495,3
21309,486,3
21310,513,3
21311,512,3
21312,493,3
21313,489,3
21314,471,3
21315,499,3
21316,510,3
21317,481,3
21318,486,3
21319,491,3
21320,505,3
21321,485,3
21322,484,3
21323,482,3
21324,462,3
21325,460,3
21326,466,3
21327,487,3
21328,469,3
21329,466,3
21330,464,3
21331,468,3
21332,488,3
21333,465,3
21334,456,3
21335,464,3
21336,483,3
21337,455,3
21338,445,3
21339,452,3
21340,458,3
21341,464,3
21342,466,3
21343,440,3
21344,440,3
21345,446,3
21346,457,3
21347,432,3
21348,439,3
21349,437,3
21350,455,3
21351,448,3
21352,451,3
21353,455,3
21354,434,3
21355,422,3
21356,421,3
21357,412,3
21358,427,3
21359,426,3
21360,439,3
21361,428,3
21362,421,3
21363,424,3
21364,412,3
21365,435,3
21366,412,3
21367,406,3
21368,428,3
21369,424,3
21370,395,3
21371,425,3
21372,404,3
21373,407,3
21374,413,3
21375,416,3
21376,413,3
21377,406,3
21378,400,3
21379,409,3
21380,401,3
21381,423,3
21382,407,3
21383,387,3
21384,391,3
21385,396,3
21386,410,3
21387,410,3
21388,387,3
21389,379,3
21390,376,3
21391,390,3
21392,414,3
21393,391,3
21394,364,3
21395,373,3
21396,373,3
21397,369,3
21398,373,3
21399,381,3
21400,534,3
21401,580,3
21402,569,3
21403,557,3
21404,548,3
21405,548,3
21406,553,3
21407,551,3
21408,536,3
21409,547,3
21410,548,3
21411,540,3
21412,569,3
21413,539,3
21414,518,3
21415,525,3
21416,544,3
21417,526,3
21418,521,3
21419,548,3
21420,532,3
21421,521,3
21422,494,3
21423,533,3
21424,524,3
21425,538,3
21426,508,3
21427,515,3
21428,521,3
21429,531,3
21430,518,3
21431,505,3
21432,528,3
21433,507,3
21434,511,3
21435,516,3
21436,525,3
21437,509,3
21438,534,3
21439,500,3
21440,504,3
21441,491,3
21442,501,3
21443,499,3
21444,507,3
21445,498,3
21446,485,3
21447,493,3
21448,480,3
21449,493,3
21450,478,3
21451,467,3
21452,469,3
21453,467,3
21454,473,3
21455,467,3
21456,476,3
21457,470,3
21458,479,3
21459,476,3
21460,466,3
21461,484,3
21462,456,3
21463,478,3
21464,466,3
21465,458,3
21466,475,3
21467,466,3
21468,445,3
21469,461,3
21470,460,3
21471,466,3
21472,459,3
21473,459,3
21474,444,3
21475,445,3
21476,443,3
21477,426,3
21478,459,3
21479,428,3
21480,444,3
21481,435,3
21482,435,3
21483,444,3
21484,425,3
21485,438,3
21486,437,3
21487,421,3
21488,439,3
21489,443,3
21490,450,3
21491,421,3
21492,425,3
21493,424,3
21494,427,3
21495,439,3
21496,422,3
21497,421,3
21498,400,3
21499,437,3
21500,516,3
21501,505,3
21502,505,3
21503,492,3
21504,500,3
21505,514,3
21506,500,3
21507,499,3
21508,500,3
21509,482,3
21510,503,3
21511,479,3
21512,482,3
21513,479,3
21514,489,3
21515,486,3
21516,489,3
21517,477,3
21518,498,3
21519,495,3
21520,482,3
21521,477,3
21522,475,3
21523,477,3
21524,463,3
21525,467,3
21526,488,3
21527,480,3
21528,495,3
21529,470,3
21530,468,3
21531,467,3
21532,467,3
21533,461,3
21534,471,3
21535,467,3
21536,460,3
21537,480,3
21538,486,3
21539,476,3
21540,468,3
21541,469,3
21542,481,3
21543,467,3
21544,450,3
21545,460,3
21546,462,3
21547,441,3
21548,449,3
21549,464,3
21550,428,3
21551,434,3
21552,445,3
21553,451,3
21554,429,3
21555,443,3
21556,457,3
21557,443,3
21558,452,3
21559,433,3
21560,429,3
21561,448,3
21562,441,3
21563,421,3
21564,424,3
21565,452,3
21566,421,3
21567,442,3
21568,424,3
21569,428,3
21570,431,3
21571,401,3
21572,407,3
21573,425,3
21574,414,3
21575,433,3
21576,401,3
21577,426,3
21578,401,3
21579,413,3
21580,403,3
21581,437,3
21582,397,3
21583,411,3
21584,390,3
21585,429,3
21586,414,3
21587,409,3
21588,424,3
21589,407,3
21590,407,3
21591,405,3
21592,409,3
21593,395,3
21594,397,3
21595,408,3
21596,401,3
21597,395,3
21598,378,3
21599,412,3
21600,588,3
21601,577,3
21602,556,3
21603,572,3
21604,549,3
21605,566,3
21606,537,3
21607,557,3
21608,564,3
21609,546,3
21610,557,3
21611,541,3
21612,551,3
21613,540,3
21614,555,3
21615,529,3
21616,530,3
21617,557,3
21618,511,3
21619,532,3
21620,536,3
21621,541,3
21622,530,3
21623,521,3
21624,548,3
21625,545,3
21626,527,3
21627,509,3
21628,533,3
21629,530,3
21630,519,3
21631,502,3
21632,521,3
21633,533,3
21634,533,3
21635,521,3
21636,513,3
21637,528,3
21638,504,3
21639,501,3
21640,515,3
21641,533,3
21642,533,3
21643,497,3
21644,506,3
21645,539,3
21646,501,3
21647,527,3
21648,519,3
21649,520,3
21650,499,3
21651,499,3
21652,491,3
21653,511,3
21654,481,3
21655,497,3
21656,518,3
21657,504,3
21658,508,3
21659,475,3
21660,482,3
21661,507,3
21662,493,3
21663,478,3
21664,496,3
21665,481,3
21666,517,3
21667,493,3
21668,473,3
21669,494,3
21670,502,3
21671,481,3
21672,471,3
21673,479,3
21674,470,3
21675,474,3
21676,459,3
21677,485,3
21678,460,3
21679,480,3
21680,467,3
21681,473,3
21682,463,3
21683,470,3
21684,472,3
21685,461,3
21686,444,3
21687,467,3
21688,467,3
21689,444,3
21690,448,3
21691,455,3
21692,430,3
21693,465,3
21694,450,3
21695,458,3
21696,440,3
21697,476,3
21698,434,3
21699,444,3
21700,511,3
21701,507,3
21702,480,3
21703,517,3
21704,503,3
21705,497,3
21706,511,3
21707,510,3
21708,508,3
21709,489,3
21710,478,3
21711,501,3
21712,471,3
21713,509,3
21714,484,3
21715,469,3
21716,466,3
21717,464,3
21718,479,3
21719,475,3
21720,459,3
21721,468,3
21722,454,3
21723,476,3
21724,467,3
21725,461,3
21726,448,3
21727,459,3
21728,456,3
21729,463,3
21730,459,3
21731,465,3
21732,448,3
21733,430,3
21734,462,3
21735,438,3
21736,434,3
21737,445,3
21738,448,3
21739,436,3
21740,434,3
21741,434,3
21742,454,3
21743,436,3
21744,422,3
21745,421,3
21746,428,3
21747,432,3
21748,433,3
21749,427,3
21750,414,3
21751,417,3
21752,429,3
21753,405,3
21754,412,3
21755,423,3
21756,424,3
21757,410,3
21758,406,3
21759,393,3
21760,414,3
21761,421,3
21762,435,3
21763,407,3
21764,400,3
21765,388,3
21766,375,3
21767,398,3
21768,422,3
21769,408,3
21770,404,3
21771,392,3
21772,392,3
21773,357,3
21774,393,3
21775,375,3
21776,372,3
21777,375,3
21778,373,3
21779,367,3
21780,374,3
21781,366,3
21782,372,3
21783,351,3
21784,365,3
21785,352,3
21786,356,3
21787,364,3
21788,341,3
21789,349,3
21790,364,3
21791,339,3
21792,375,3
21793,367,3
21794,345,3
21795,340,3
21796,350,3
21797,328,3
21798,320,3
21799,337,3
21800,563,3
21801,554,3
21802,570,3
21803,553,3
21804,554,3
21805,548,3
21806,562,3
21807,580,3
21808,549,3
21809,548,3
21810,551,3
21811,553,3
21812,546,3
21813,544,3
21814,548,3
21815,525,3
21816,539,3
21817,521,3
21818,538,3
21819,531,3
21820,549,3
21821,532,3
21822,536,3
21823,513,3
21824,551,3
21825,524,3
21826,531,3
21827,545,3
21828,544,3
21829,521,3
21830,539,3
21831,518,3
21832,534,3
21833,521,3
21834,517,3
21835,529,3
21836,519,3
21837,551,3
21838,518,3
21839,511,3
21840,513,3
21841,523,3
21842,523,3
21843,525,3
21844,531,3
21845,499,3
21846,530,3
21847,507,3
21848,522,3
21849,536,3
21850,505,3
21851,504,3
21852,501,3
21853,508,3
21854,526,3
21855,497,3
21856,504,3
21857,520,3
21858,515,3
21859,501,3
21860,503,3
21861,516,3
21862,523,3
21863,524,3
21864,519,3
21865,493,3
21866,522,3
21867,491,3
21868,479,3
21869,499,3
21870,515,3
21871,504,3
21872,494,3
21873,498,3
21874,500,3
21875,494,3
21876,488,3
21877,482,3
21878,491,3
21879,487,3
21880,488,3
21881,500,3
21882,483,3
21883,483,3
21884,487,3
21885,515,3
21886,469,3
21887,495,3
21888,477,3
21889,479,3
21890,463,3
21891,501,3
21892,480,3
21893,484,3
21894,457,3
21895,467,3
21896,478,3
21897,471,3
21898,477,3
21899,496,3
21900,510,3
21901,510,3
21902,536,3
21903,529,3
21904,473,3
21905,525,3
21906,508,3
21907,499,3
21908,494,3
21909,493,3
21910,495,3
21911,488,3
21912,483,3
21913,485,3
21914,500,3
21915,495,3
21916,500,3
21917,490,3
21918,474,3
21919,494,3
21920,474,3
21921,492,3
21922,469,3
21923,473,3
21924,475,3
21925,486,3
21926,478,3
21927,475,3
21928,496,3
21929,449,3
21930,457,3
21931,455,3
21932,445,3
21933,456,3
21934,471,3
21935,454,3
21936,456,3
21937,438,3
21938,447,3
21939,449,3
21940,461,3
21941,431,3
21942,444,3
21943,461,3
21944,441,3
21945,420,3
21946,459,3
21947,450,3
21948,450,3
21949,417,3
21950,455,3
21951,426,3
21952,427,3
21953,423,3
21954,441,3
21955,426,3
21956,433,3
21957,426,3
21958,422,3
21959,411,3
21960,442,3
21961,401,3
21962,422,3
21963,420,3
21964,427,3
21965,429,3
21966,409,3
21967,415,3
21968,428,3
21969,405,3
21970,391,3
21971,397,3
21972,385,3
21973,403,3
21974,410,3
21975,394,3
21976,374,3
21977,404,3
21978,369,3
21979,370,3
21980,385,3
21981,389,3
21982,389,3
21983,381,3
21984,402,3
21985,380,3
21986,390,3
21987,385,3
21988,358,3
21989,370,3
21990,396,3
21991,363,3
21992,359,3
21993,368,3
21994,358,3
21995,353,3
21996,355,3
21997,376,3
21998,356,3
21999,340,3
22000,556,3
22001,528,3
22002,539,3
22003,530,3
22004,530,3
22005,547,3
22006,524,3
22007,539,3
22008,535,3
22009,522,3
22010,523,3
22011,535,3
22012,529,3
22013,529,3
22014,524,3
22015,522,3
22016,524,3
22017,541,3
22018,528,3
22019,519,3
22020,507,3
22021,513,3
22022,506,3
22023,506,3
22024,492,3
22025,513,3
22026,537,3
22027,513,3
22028,518,3
22029,520,3
22030,503,3
22031,503,3
22032,488,3
22033,505,3
22034,502,3
22035,490,3
22036,513,3
22037,489,3
22038,531,3
22039,500,3
22040,494,3
22041,516,3
22042,464,3
22043,487,3
22044,484,3
22045,486,3
22046,489,3
22047,483,3
22048,501,3
22049,488,3
22050,487,3
22051,486,3
22052,464,3
22053,480,3
22054,479,3
22055,462,3
22056,485,3
22057,448,3
22058,502,3
22059,470,3
22060,459,3
22061,475,3
22062,474,3
22063,490,3
22064,485,3
22065,447,3
22066,458,3
22067,449,3
22068,468,3
22069,475,3
22070,441,3
22071,454,3
22072,446,3
22073,463,3
22074,456,3
22075,464,3
22076,444,3
22077,446,3
22078,451,3
22079,442,3
22080,447,3
22081,458,3
22082,467,3
22083,434,3
22084,464,3
22085,431,3
22086,447,3
22087,429,3
22088,421,3
22089,447,3
22090,430,3
22091,445,3
22092,438,3
22093,432,3
22094,433,3
22095,438,3
22096,435,3
22097,417,3
22098,426,3
22099,438,3
22100,514,3
22101,502,3
22102,504,3
22103,503,3
22104,505,3
22105,497,3
22106,515,3
22107,493,3
22108,476,3
22109,528,3
22110,490,3
22111,508,3
22112,508,3
22113,501,3
22114,486,3
22115,490,3
22116,470,3
22117,508,3
22118,473,3
22119,478,3
22120,481,3
22121,477,3
22122,470,3
22123,493,3
22124,486,3
22125,477,3
22126,467,3
22127,483,3
22128,464,3
22129,487,3
22130,468,3
22131,480,3
22132,462,3
22133,463,3
22134,476,3
22135,486,3
22136,477,3
22137,468,3
22138,463,3
22139,448,3
22140,457,3
22141,441,3
22142,455,3
22143,454,3
22144,424,3
22145,447,3
22146,450,3
22147,442,3
22148,446,3
22149,425,3
22150,430,3
22151,450,3
22152,437,3
22153,439,3
22154,427,3
22155,433,3
22156,404,3
22157,440,3
22158,450,3
22159,414,3
22160,415,3
22161,430,3
22162,441,3
22163,422,3
22164,406,3
22165,417,3
22166,405,3
22167,408,3
22168,411,3
22169,403,3
22170,403,3
22171,412,3
22172,412,3
22173,391,3
22174,412,3
22175,401,3
22176,413,3
22177,412,3
22178,395,3
22179,408,3
22180,389,3
22181,413,3
22182,386,3
22183,399,3
22184,391,3
22185,380,3
22186,401,3
22187,382,3
22188,368,3
22189,352,3
22190,375,3
22191,400,3
22192,398,3
22193,373,3
22194,375,3
22195,373,3
22196,361,3
22197,364,3
22198,386,3
22199,379,3
22200,547,3
22201,518,3
22202,515,3
22203,515,3
22204,516,3
22205,503,3
22206,497,3
22207,505,3
22208,509,3
22209,494,3
22210,489,3
22211,498,3
22212,486,3
22213,509,3
22214,458,3
22215,484,3
22216,513,3
22217,492,3
22218,496,3
22219,491,3
22220,483,3
22221,503,3
22222,481,3
22223,477,3
22224,493,3
22225,461,3
22226,479,3
22227,475,3
22228,476,3
22229,473,3
22230,482,3
22231,489,3
22232,480,3
22233,469,3
22234,479,3
22235,479,3
22236,473,3
22237,480,3
22238,438,3
22239,465,3
22240,467,3
22241,444,3
22242,463,3
22243,470,3
22244,455,3
22245,464,3
22246,467,3
22247,470,3
22248,466,3
22249,467,3
22250,444,3
22251,444,3
22252,417,3
22253,433,3
22254,459,3
22255,435,3
22256,446,3
22257,443,3
22258,453,3
22259,413,3
22260,440,3
22261,438,3
22262,423,3
22263,443,3
22264,414,3
22265,442,3
22266,402,3
22267,415,3
22268,423,3
22269,426,3
22270,400,3
22271,433,3
22272,428,3
22273,441,3
22274,425,3
22275,406,3
22276,401,3
22277,407,3
22278,437,3
22279,410,3
22280,409,3
22281,423,3
22282,392,3
22283,411,3
22284,409,3
22285,413,3
22286,410,3
22287,398,3
22288,381,3
22289,389,3
22290,405,3
22291,415,3
22292,377,3
22293,375,3
22294,370,3
22295,378,3
22296,398,3
22297,401,3
22298,359,3
22299,368,3
22300,520,3
22301,516,3
22302,546,3
22303,530,3
22304,533,3
22305,523,3
22306,527,3
22307,534,3
22308,510,3
22309,524,3
22310,528,3
22311,537,3
22312,541,3
22313,517,3
22314,529,3
22315,482,3
22316,532,3
22317,503,3
22318,508,3
22319,515,3
22320,507,3
22321,510,3
22322,526,3
22323,501,3
22324,491,3
22325,525,3
22326,508,3
22327,524,3
22328,510,3
22329,483,3
22330,505,3
22331,485,3
22332,496,3
22333,494,3
22334,474,3
22335,482,3
22336,518,3
22337,493,3
22338,487,3
22339,510,3
22340,482,3
22341,485,3
22342,496,3
22343,479,3
22344,473,3
22345,454,3
22346,469,3
22347,468,3
22348,480,3
22349,470,3
22350,502,3
22351,462,3
22352,490,3
22353,475,3
22354,481,3
22355,479,3
22356,443,3
22357,468,3
22358,464,3
22359,452,3
22360,470,3
22361,484,3
22362,431,3
22363,455,3
22364,445,3
22365,460,3
22366,454,3
22367,450,3
22368,464,3
22369,475,3
22370,486,3
22371,444,3
22372,430,3
22373,457,3
22374,469,3
22375,458,3
22376,467,3
22377,443,3
22378,438,3
22379,445,3
22380,439,3
22381,450,3
22382,452,3
22383,452,3
22384,445,3
22385,440,3
22386,446,3
22387,412,3
22388,437,3
22389,434,3
22390,434,3
22391,430,3
22392,435,3
22393,422,3
22394,441,3
22395,432,3
22396,427,3
22397,416,3
22398,433,3
22399,425,3
22400,534,3
22401,536,3
22402,542,3
22403,518,3
22404,539,3
22405,525,3
22406,518,3
22407,541,3
22408,528,3
22409,532,3
22410,526,3
22411,521,3
22412,529,3
22413,510,3
22414,524,3
22415,548,3
22416,509,3
22417,540,3
22418,547,3
22419,512,3
22420,524,3
22421,504,3
22422,501,3
22423,520,3
22424,522,3
22425,509,3
22426,501,3
22427,505,3
22428,524,3
22429,523,3
22430,519,3
22431,506,3
22432,497,3
22433,525,3
22434,528,3
22435,501,3
22436,504,3
22437,488,3
22438,511,3
22439,528,3
22440,514,3
22441,528,3
22442,496,3
22443,484,3
22444,517,3
22445,500,3
22446,487,3
22447,519,3
22448,488,3
22449,481,3
22450,501,3
22451,477,3
22452,504,3
22453,477,3
22454,493,3
22455,493,3
22456,492,3
22457,472,3
22458,485,3
22459,502,3
22460,483,3
22461,470,3
22462,478,3
22463,467,3
22464,455,3
22465,479,3
22466,481,3
22467,487,3
22468,484,3
22469,485,3
22470,476,3
22471,501,3
22472,464,3
22473,470,3
22474,493,3
22475,467,3
22476,470,3
22477,475,3
22478,483,3
22479,470,3
22480,457,3
22481,462,3
22482,472,3
22483,461,3
22484,458,3
22485,452,3
22486,477,3
22487,460,3
22488,459,3
22489,468,3
22490,442,3
22491,458,3
22492,475,3
22493,455,3
22494,458,3
22495,457,3
22496,466,3
22497,455,3
22498,481,3
22499,454,3
22500,573,3
22501,539,3
22502,551,3
22503,550,3
22504,543,3
22505,562,3
22506,555,3
22507,541,3
22508,555,3
22509,545,3
22510,535,3
22511,536,3
22512,548,3
22513,553,3
22514,535,3
22515,546,3
22516,557,3
22517,522,3
22518,540,3
22519,545,3
22520,532,3
22521,547,3
22522,557,3
22523,534,3
22524,526,3
22525,539,3
22526,536,3
22527,494,3
22528,523,3
22529,517,3
22530,526,3
22531,517,3
22532,517,3
22533,507,3
22534,525,3
22535,535,3
22536,503,3
22537,496,3
22538,511,3
22539,509,3
22540,523,3
22541,493,3
22542,500,3
22543,479,3
22544,520,3
22545,505,3
22546,496,3
22547,484,3
22548,484,3
22549,502,3
22550,483,3
22551,496,3
22552,518,3
22553,488,3
22554,480,3
22555,495,3
22556,474,3
22557,508,3
22558,503,3
22559,483,3
22560,473,3
22561,477,3
22562,478,3
22563,485,3
22564,491,3
22565,465,3
22566,488,3
22567,483,3
22568,468,3
22569,460,3
22570,473,3
22571,457,3
22572,481,3
22573,454,3
22574,473,3
22575,464,3
22576,457,3
22577,461,3
22578,474,3
22579,446,3
22580,454,3
22581,449,3
22582,456,3
22583,447,3
22584,433,3
22585,440,3
22586,471,3
22587,453,3
22588,452,3
22589,444,3
22590,446,3
22591,440,3
22592,450,3
22593,444,3
22594,428,3
22595,443,3
22596,410,3
22597,443,3
22598,420,3
22599,434,3
22600,531,3
22601,541,3
22602,541,3
22603,548,3
22604,533,3
22605,534,3
22606,518,3
22607,551,3
22608,521,3
22609,540,3
22610,539,3
22611,534,3
22612,526,3
22613,523,3
22614,526,3
22615,503,3
22616,524,3
22617,542,3
22618,520,3
22619,521,3
22620,509,3
22621,522,3
22622,510,3
22623,528,3
22624,531,3
22625,532,3
22626,498,3
22627,523,3
22628,521,3
22629,507,3
22630,526,3
22631,515,3
22632,526,3
22633,493,3
22634,499,3
22635,508,3
22636,520,3
22637,510,3
22638,492,3
22639,524,3
22640,498,3
22641,490,3
22642,490,3
22643,483,3
22644,471,3
22645,495,3
22646,477,3
22647,499,3
22648,506,3
22649,498,3
22650,493,3
22651,473,3
22652,500,3
22653,513,3
22654,505,3
22655,471,3
22656,485,3
22657,482,3
22658,480,3
22659,484,3
22660,508,3
22661,483,3
22662,475,3
22663,483,3
22664,463,3
22665,469,3
22666,489,3
22667,478,3
22668,500,3
22669,477,3
22670,458,3
22671,453,3
22672,483,3
22673,458,3
22674,456,3
22675,462,3
22676,479,3
22677,462,3
22678,455,3
22679,479,3
22680,476,3
22681,482,3
22682,478,3
22683,473,3
22684,451,3
22685,466,3
22686,472,3
22687,479,3
22688,458,3
22689,449,3
22690,443,3
22691,465,3
22692,444,3
22693,452,3
22694,439,3
22695,447,3
22696,453,3
22697,450,3
22698,455,3
22699,429,3
22700,516,3
22701,492,3
22702,521,3
22703,516,3
22704,500,3
22705,538,3
22706,516,3
22707,488,3
22708,507,3
22709,498,3
22710,487,3
22711,482,3
22712,506,3
22713,485,3
22714,490,3
22715,479,3
22716,480,3
22717,486,3
22718,491,3
22719,454,3
22720,484,3
22721,474,3
22722,498,3
22723,516,3
22724,475,3
22725,457,3
22726,478,3
22727,473,3
22728,498,3
22729,493,3
22730,482,3
22731,464,3
22732,478,3
22733,472,3
22734,470,3
22735,447,3
22736,478,3
22737,465,3
22738,461,3
22739,454,3
22740,450,3
22741,463,3
22742,437,3
22743,466,3
22744,443,3
22745,429,3
22746,475,3
22747,441,3
22748,442,3
22749,463,3
22750,470,3
22751,428,3
22752,434,3
22753,434,3
22754,454,3
22755,462,3
22756,428,3
22757,457,3
22758,430,3
22759,441,3
22760,421,3
22761,433,3
22762,432,3
22763,429,3
22764,436,3
22765,418,3
22766,418,3
22767,433,3
22768,443,3
22769,425,3
22770,430,3
22771,432,3
22772,432,3
22773,409,3
22774,410,3
22775,410,3
22776,440,3
22777,422,3
22778,420,3
22779,418,3
22780,396,3
22781,434,3
22782,415,3
22783,417,3
22784,386,3
22785,415,3
22786,401,3
22787,388,3
22788,391,3
22789,386,3
22790,385,3
22791,400,3
22792,393,3
22793,400,3
22794,415,3
22795,392,3
22796,366,3
22797,389,3
22798,405,3
22799,388,3
22800,575,3
22801,580,3
22802,572,3
22803,590,3
22804,578,3
22805,562,3
22806,584,3
22807,586,3
22808,574,3
22809,566,3
22810,550,3
22811,567,3
22812,562,3
22813,555,3
22814,562,3
22815,554,3
22816,558,3
22817,562,3
22818,532,3
22819,535,3
22820,534,3
22821,567,3
22822,550,3
22823,550,3
22824,553,3
22825,526,3
22826,512,3
22827,535,3
22828,545,3
22829,530,3
22830,515,3
22831,519,3
22832,514,3
22833,519,3
22834,511,3
22835,526,3
22836,516,3
22837,528,3
22838,508,3
22839,521,3
22840,516,3
22841,520,3
22842,520,3
22843,520,3
22844,521,3
22845,516,3
22846,511,3
22847,498,3
22848,515,3
22849,495,3
22850,499,3
22851,490,3
22852,489,3
22853,494,3
22854,494,3
22855,485,3
22856,494,3
22857,494,3
22858,484,3
22859,517,3
22860,492,3
22861,488,3
22862,477,3
22863,485,3
22864,485,3
22865,480,3
22866,496,3
22867,457,3
22868,472,3
22869,483,3
22870,462,3
22871,453,3
22872,464,3
22873,481,3
22874,457,3
22875,462,3
22876,470,3
22877,456,3
22878,456,3
22879,452,3
22880,452,3
22881,443,3
22882,453,3
22883,467,3
22884,472,3
22885,467,3
22886,452,3
22887,469,3
22888,475,3
22889,448,3
22890,432,3
22891,459,3
22892,427,3
22893,429,3
22894,414,3
22895,446,3
22896,408,3
22897,446,3
22898,454,3
22899,452,3
22900,540,3
22901,526,3
22902,533,3
22903,537,3
22904,534,3
22905,542,3
22906,531,3
22907,524,3
22908,513,3
22909,515,3
22910,529,3
22911,500,3
22912,530,3
22913,512,3
22914,505,3
22915,500,3
22916,520,3
22917,511,3
22918,529,3
22919,493,3
22920,500,3
22921,505,3
22922,496,3
22923,504,3
22924,506,3
22925,507,3
22926,518,3
22927,483,3
22928,501,3
22929,488,3
22930,500,3
22931,499,3
22932,481,3
22933,480,3
22934,496,3
22935,489,3
22936,485,3
22937,494,3
22938,494,3
22939,477,3
22940,472,3
22941,466,3
22942,480,3
22943,462,3
22944,479,3
22945,491,3
22946,471,3
22947,467,3
22948,497,3
22949,490,3
22950,461,3
22951,471,3
22952,472,3
22953,469,3
22954,487,3
22955,465,3
22956,466,3
22957,470,3
22958,475,3
22959,470,3
22960,464,3
22961,438,3
22962,450,3
22963,464,3
22964,456,3
22965,462,3
22966,473,3
22967,435,3
22968,462,3
22969,443,3
22970,457,3
22971,444,3
22972,469,3
22973,443,3
22974,433,3
22975,444,3
22976,442,3
22977,451,3
22978,441,3
22979,464,3
22980,432,3
22981,431,3
22982,424,3
22983,431,3
22984,431,3
22985,430,3
22986,427,3
22987,417,3
22988,413,3
22989,418,3
22990,435,3
22991,436,3
22992,418,3
22993,406,3
22994,415,3
22995,440,3
22996,426,3
22997,419,3
22998,423,3
22999,428,3
23000,570,3
23001,558,3
23002,578,3
23003,565,3
23004,549,3
23005,546,3
23006,578,3
23007,547,3
23008,560,3
23009,554,3
23010,556,3
23011,569,3
23012,556,3
23013,552,3
23014,538,3
23015,531,3
23016,566,3
23017,535,3
23018,533,3
23019,536,3
23020,533,3
23021,548,3
23022,533,3
23023,510,3
23024,516,3
23025,522,3
23026,532,3
23027,500,3
23028,523,3
23029,524,3
23030,524,3
23031,511,3
23032,522,3
23033,498,3
23034,518,3
23035,504,3
23036,503,3
23037,502,3
23038,507,3
23039,484,3
23040,507,3
23041,505,3
23042,489,3
23043,491,3
23044,479,3
23045,474,3
23046,488,3
23047,486,3
23048,478,3
23049,466,3
23050,484,3
23051,473,3
23052,466,3
23053,489,3
23054,460,3
23055,477,3
23056,451,3
23057,450,3
23058,471,3
23059,459,3
23060,448,3
23061,471,3
23062,463,3
23063,431,3
23064,466,3
23065,440,3
23066,431,3
23067,440,3
23068,447,3
23069,447,3
23070,425,3
23071,426,3
23072,432,3
23073,431,3
23074,447,3
23075,431,3
23076,443,3
23077,446,3
23078,437,3
23079,392,3
23080,424,3
23081,424,3
23082,423,3
23083,397,3
23084,411,3
23085,402,3
23086,406,3
23087,412,3
23088,405,3
23089,402,3
23090,408,3
23091,402,3
23092,409,3
23093,400,3
23094,384,3
23095,389,3
23096,396,3
23097,393,3
23098,379,3
23099,403,3
23100,537,3
23101,500,3
23102,514,3
23103,508,3
23104,514,3
23105,513,3
23106,506,3
23107,501,3
23108,495,3
23109,489,3
23110,496,3
23111,480,3
23112,487,3
23113,506,3
23114,492,3
23115,500,3
23116,506,3
23117,484,3
23118,487,3
23119,480,3
23120,472,3
23121,469,3
23122,489,3
23123,480,3
23124,498,3
23125,486,3
23126,464,3
23127,481,3
23128,466,3
23129,483,3
23130,461,3
23131,453,3
23132,454,3
23133,453,3
23134,450,3
23135,452,3
23136,468,3
23137,478,3
23138,439,3
23139,468,3
23140,446,3
23141,454,3
23142,429,3
23143,453,3
23144,421,3
23145,448,3
23146,445,3
23147,443,3
23148,430,3
23149,444,3
23150,441,3
23151,432,3
23152,441,3
23153,431,3
23154,436,3
23155,427,3
23156,430,3
23157,432,3
23158,419,3
23159,408,3
23160,424,3
23161,434,3
23162,422,3
23163,420,3
23164,414,3
23165,422,3
23166,410,3
23167,405,3
23168,422,3
23169,401,3
23170,416,3
23171,418,3
23172,410,3
23173,386,3
23174,400,3
23175,396,3
23176,391,3
23177,397,3
23178,403,3
23179,387,3
23180,388,3
23181,386,3
23182,401,3
23183,383,3
23184,370,3
23185,364,3
23186,386,3
23187,371,3
23188,386,3
23189,361,3
23190,369,3
23191,358,3
23192,377,3
23193,379,3
23194,373,3
23195,355,3
23196,357,3
23197,367,3
23198,343,3
23199,359,3
23200,533,3
23201,529,3
23202,534,3
23203,530,3
23204,540,3
23205,514,3
23206,534,3
23207,526,3
23208,530,3
23209,507,3
23210,532,3
23211,527,3
23212,539,3
23213,507,3
23214,508,3
23215,492,3
23216,502,3
23217,528,3
23218,513,3
23219,499,3
23220,507,3
23221,504,3
23222,480,3
23223,480,3
23224,513,3
23225,507,3
23226,478,3
23227,493,3
23228,484,3
23229,505,3
23230,495,3
23231,475,3
23232,488,3
23233,485,3
23234,483,3
23235,476,3
23236,481,3
23237,469,3
23238,463,3
23239,461,3
23240,461,3
23241,477,3
23242,476,3
23243,487,3
23244,465,3
23245,474,3
23246,465,3
23247,466,3
23248,471,3
23249,467,3
23250,459,3
23251,449,3
23252,458,3
23253,470,3
23254,454,3
23255,445,3
23256,458,3
23257,430,3
23258,441,3
23259,432,3
23260,441,3
23261,455,3
23262,447,3
23263,415,3
23264,428,3
23265,416,3
23266,445,3
23267,424,3
23268,430,3
23269,429,3
23270,429,3
23271,390,3
23272,427,3
23273,415,3
23274,430,3
23275,421,3
23276,424,3
23277,406,3
23278,400,3
23279,422,3
23280,417,3
23281,411,3
23282,410,3
23283,410,3
23284,388,3
23285,415,3
23286,399,3
23287,397,3
23288,392,3
23289,366,3
23290,401,3
23291,381,3
23292,392,3
23293,380,3
23294,384,3
23295,381,3
23296,375,3
23297,380,3
23298,376,3
23299,367,3
23300,531,3
23301,530,3
23302,516,3
23303,536,3
23304,517,3
23305,526,3
23306,517,3
23307,522,3
23308,513,3
23309,519,3
23310,512,3
23311,521,3
23312,499,3
23313,486,3
23314,494,3
23315,517,3
23316,501,3
23317,503,3
23318,487,3
23319,499,3
23320,484,3
23321,485,3
23322,489,3
23323,497,3
23324,497,3
23325,496,3
23326,468,3
23327,486,3
23328,482,3
23329,464,3
23330,481,3
23331,477,3
23332,484,3
23333,477,3
23334,468,3
23335,484,3
23336,445,3
23337,469,3
23338,447,3
23339,456,3
23340,472,3
23341,449,3
23342,445,3
23343,489,3
23344,443,3
23345,477,3
23346,454,3
23347,448,3
23348,460,3
23349,467,3
23350,436,3
23351,442,3
23352,457,3
23353,449,3
23354,457,3
23355,448,3
23356,462,3
23357,441,3
23358,440,3
23359,440,3
23360,432,3
23361,443,3
23362,434,3
23363,439,3
23364,439,3
23365,431,3
23366,431,3
23367,411,3
23368,415,3
23369,430,3
23370,436,3
23371,394,3
23372,408,3
23373,414,3
23374,402,3
23375,401,3
23376,415,3
23377,426,3
23378,382,3
23379,402,3
23380,408,3
23381,411,3
23382,403,3
23383,419,3
23384,397,3
23385,411,3
23386,386,3
23387,392,3
23388,376,3
23389,399,3
23390,386,3
23391,390,3
23392,380,3
23393,389,3
23394,386,3
23395,367,3
23396,366,3
23397,376,3
23398,382,3
23399,395,3
23400,548,3
23401,535,3
23402,586,3
23403,553,3
23404,539,3
23405,552,3
23406,545,3
23407,546,3
23408,564,3
23409,548,3
23410,532,3
23411,550,3
23412,538,3
23413,544,3
23414,543,3
23415,554,3
23416,537,3
23417,550,3
23418,521,3
23419,549,3
23420,553,3
23421,533,3
23422,524,3
23423,520,3
23424,531,3
23425,544,3
23426,523,3
23427,540,3
23428,512,3
23429,520,3
23430,522,3
23431,524,3
23432,516,3
23433,533,3
23434,532,3
23435,514,3
23436,508,3
23437,506,3
23438,524,3
23439,502,3
23440,491,3
23441,491,3
23442,514,3
23443,488,3
23444,498,3
23445,503,3
23446,480,3
23447,501,3
23448,493,3
23449,473,3
23450,497,3
23451,498,3
23452,494,3
23453,496,3
23454,492,3
23455,496,3
23456,474,3
23457,468,3
23458,469,3
23459,472,3
23460,504,3
23461,469,3
23462,471,3
23463,473,3
23464,470,3
23465,495,3
23466,451,3
23467,496,3
23468,470,3
23469,479,3
23470,466,3
23471,474,3
23472,452,3
23473,445,3
23474,491,3
23475,482,3
23476,445,3
23477,464,3
23478,468,3
23479,461,3
23480,449,3
23481,474,3
23482,457,3
23483,436,3
23484,441,3
23485,432,3
23486,442,3
23487,440,3
23488,449,3
23489,448,3
23490,442,3
23491,440,3
23492,447,3
23493,430,3
23494,403,3
23495,456,3
23496,418,3
23497,436,3
23498,422,3
23499,441,3
23500,498,3
23501,502,3
23502,519,3
23503,505,3
23504,519,3
23505,513,3
23506,531,3
23507,514,3
23508,520,3
23509,510,3
23510,508,3
23511,518,3
23512,511,3
23513,504,3
23514,503,3
23515,506,3
23516,491,3
23517,490,3
23518,514,3
23519,519,3
23520,484,3
23521,486,3
23522,507,3
23523,499,3
23524,500,3
23525,501,3
23526,487,3
23527,493,3
23528,491,3
23529,477,3
23530,490,3
23531,500,3
23532,480,3
23533,485,3
23534,485,3
23535,478,3
23536,489,3
23537,471,3
23538,495,3
23539,485,3
23540,466,3
23541,496,3
23542,477,3
23543,465,3
23544,486,3
23545,478,3
23546,450,3
23547,464,3
23548,473,3
23549,442,3
23550,468,3
23551,468,3
23552,451,3
23553,468,3
23554,464,3
23555,449,3
23556,473,3
23557,471,3
23558,457,3
23559,457,3
23560,467,3
23561,455,3
23562,433,3
23563,461,3
23564,445,3
23565,449,3
23566,470,3
23567,450,3
23568,451,3
23569,456,3
23570,455,3
23571,437,3
23572,446,3
23573,446,3
23574,448,3
23575,448,3
23576,474,3
23577,428,3
23578,453,3
23579,455,3
23580,445,3
23581,431,3
23582,458,3
23583,410,3
23584,428,3
23585,449,3
23586,430,3
23587,452,3
23588,414,3
23589,418,3
23590,424,3
23591,434,3
23592,426,3
23593,422,3
23594,444,3
23595,444,3
23596,420,3
23597,403,3
23598,397,3
23599,425,3
23600,565,3
23601,537,3
23602,537,3
23603,570,3
23604,520,3
23605,522,3
23606,549,3
23607,512,3
23608,535,3
23609,520,3
23610,506,3
23611,530,3
23612,529,3
23613,520,3
23614,543,3
23615,507,3
23616,525,3
23617,517,3
23618,523,3
23619,503,3
23620,491,3
23621,498,3
23622,503,3
23623,511,3
23624,501,3
23625,501,3
23626,518,3
23627,495,3
23628,487,3
23629,497,3
23630,469,3
23631,468,3
23632,485,3
23633,474,3
23634,476,3
23635,492,3
23636,486,3
23637,477,3
23638,477,3
23639,469,3
23640,483,3
23641,480,3
23642,481,3
23643,478,3
23644,466,3
23645,455,3
23646,460,3
23647,461,3
23648,450,3
23649,476,3
23650,474,3
23651,452,3
23652,464,3
23653,456,3
23654,442,3
23655,451,3
23656,435,3
23657,432,3
23658,446,3
23659,445,3
23660,469,3
23661,433,3
23662,427,3
23663,443,3
23664,430,3
23665,420,3
23666,419,3
23667,423,3
23668,436,3
23669,426,3
23670,409,3
23671,440,3
23672,405,3
23673,405,3
23674,426,3
23675,429,3
23676,413,3
23677,392,3
23678,406,3
23679,387,3
23680,432,3
23681,403,3
23682,408,3
23683,392,3
23684,416,3
23685,387,3
23686,381,3
23687,393,3
23688,398,3
23689,411,3
23690,403,3
23691,397,3
23692,372,3
23693,370,3
23694,367,3
23695,373,3
23696,351,3
23697,388,3
23698,358,3
23699,354,3
23700,511,3
23701,523,3
23702,524,3
23703,519,3
23704,512,3
23705,510,3
23706,502,3
23707,501,3
23708,518,3
23709,487,3
23710,506,3
23711,502,3
23712,512,3
23713,486,3
23714,503,3
23715,505,3
23716,477,3
23717,486,3
23718,496,3
23719,502,3
23720,497,3
23721,501,3
23722,480,3
23723,472,3
23724,491,3
23725,474,3
23726,477,3
23727,498,3
23728,488,3
23729,477,3
23730,474,3
23731,489,3
23732,483,3
23733,465,3
23734,455,3
23735,499,3
23736,461,3
23737,481,3
23738,491,3
23739,474,3
23740,463,3
23741,452,3
23742,451,3
23743,471,3
23744,483,3
23745,460,3
23746,457,3
23747,470,3
23748,453,3
23749,463,3
23750,459,3
23751,452,3
23752,456,3
23753,476,3
23754,461,3
23755,465,3
23756,440,3
23757,463,3
23758,456,3
23759,429,3
23760,453,3
23761,439,3
23762,425,3
23763,444,3
23764,448,3
23765,442,3
23766,437,3
23767,433,3
23768,466,3
23769,421,3
23770,444,3
23771,433,3
23772,421,3
23773,430,3
23774,412,3
23775,421,3
23776,426,3
23777,407,3
23778,430,3
23779,411,3
23780,404,3
23781,407,3
23782,445,3
23783,394,3
23784,422,3
23785,406,3
23786,410,3
23787,420,3
23788,418,3
23789,402,3
23790,393,3
23791,416,3
23792,413,3
23793,402,3
23794,410,3
23795,398,3
23796,392,3
23797,401,3
23798,406,3
23799,402,3
23800,526,3
23801,527,3
23802,522,3
23803,511,3
23804,525,3
23805,491,3
23806,526,3
23807,515,3
23808,510,3
23809,493,3
23810,512,3
23811,513,3
23812,489,3
23813,488,3
23814,482,3
23815,500,3
23816,491,3
23817,516,3
23818,470,3
23819,477,3
23820,486,3
23821,492,3
23822,490,3
23823,482,3
23824,484,3
23825,479,3
23826,489,3
23827,468,3
23828,468,3
23829,480,3
23830,489,3
23831,461,3
23832,470,3
23833,461,3
23834,471,3
23835,443,3
23836,457,3
23837,453,3
23838,454,3
23839,426,3
23840,479,3
23841,423,3
23842,457,3
23843,435,3
23844,434,3
23845,449,3
23846,454,3
23847,431,3
23848,429,3
23849,425,3
23850,442,3
23851,425,3
23852,452,3
23853,421,3
23854,440,3
23855,450,3
23856,431,3
23857,407,3
23858,432,3
23859,423,3
23860,423,3
23861,441,3
23862,421,3
23863,425,3
23864,410,3
23865,413,3
23866,428,3
23867,415,3
23868,415,3
23869,422,3
23870,428,3
23871,393,3
23872,400,3
23873,421,3
23874,426,3
23875,398,3
23876,403,3
23877,402,3
23878,399,3
23879,398,3
23880,409,3
23881,370,3
23882,382,3
23883,396,3
23884,381,3
23885,389,3
23886,397,3
23887,402,3
23888,384,3
23889,397,3
23890,379,3
23891,373,3
23892,356,3
23893,361,3
23894,372,3
23895,370,3
23896,371,3
23897,389,3
23898,374,3
23899,373,3
23900,562,3
23901,557,3
23902,538,3
23903,519,3
23904,542,3
23905,517,3
23906,528,3
23907,528,3
23908,530,3
23909,545,3
23910,545,3
23911,537,3
23912,537,3
23913,535,3
23914,496,3
23915,524,3
23916,500,3
23917,526,3
23918,493,3
23919,514,3
23920,521,3
23921,499,3
23922,523,3
23923,515,3
23924,512,3
23925,514,3
23926,499,3
23927,504,3
23928,500,3
23929,498,3
23930,488,3
23931,480,3
23932,489,3
23933,486,3
23934,480,3
23935,498,3
23936,472,3
23937,482,3
23938,496,3
23939,491,3
23940,493,3
23941,469,3
23942,484,3
23943,460,3
23944,468,3
23945,467,3
23946,461,3
23947,461,3
23948,458,3
23949,450,3
23950,470,3
23951,456,3
23952,459,3
23953,457,3
23954,454,3
23955,452,3
23956,446,3
23957,465,3
23958,455,3
23959,444,3
23960,437,3
23961,439,3
23962,443,3
23963,455,3
23964,418,3
23965,441,3
23966,445,3
23967,411,3
23968,425,3
23969,413,3
23970,429,3
23971,418,3
23972,419,3
23973,413,3
23974,425,3
23975,418,3
23976,416,3
23977,413,3
23978,416,3
23979,404,3
23980,426,3
23981,389,3
23982,381,3
23983,379,3
23984,373,3
23985,405,3
23986,401,3
23987,407,3
23988,379,3
23989,398,3
23990,388,3
23991,388,3
23992,391,3
23993,373,3
23994,411,3
23995,394,3
23996,370,3
23997,362,3
23998,372,3
23999,373,3
24000,503,3
24001,523,3
24002,486,3
24003,522,3
24004,508,3
24005,513,3
24006,512,3
24007,505,3
24008,497,3
24009,513,3
24010,477,3
24011,512,3
24012,481,3
24013,488,3
24014,508,3
24015,515,3
24016,489,3
24017,469,3
24018,494,3
24019,481,3
24020,467,3
24021,480,3
24022,460,3
24023,477,3
24024,461,3
24025,447,3
24026,449,3
24027,460,3
24028,471,3
24029,478,3
24030,479,3
24031,442,3
24032,455,3
24033,449,3
24034,453,3
24035,469,3
24036,453,3
24037,459,3
24038,474,3
24039,426,3
24040,438,3
24041,448,3
24042,443,3
24043,451,3
24044,432,3
24045,437,3
24046,424,3
24047,444,3
24048,429,3
24049,444,3
24050,442,3
24051,408,3
24052,440,3
24053,431,3
24054,416,3
24055,426,3
24056,408,3
24057,429,3
24058,412,3
24059,420,3
24060,400,3
24061,409,3
24062,414,3
24063,405,3
24064,407,3
24065,389,3
24066,400,3
24067,385,3
24068,393,3
24069,385,3
24070,387,3
24071,366,3
24072,386,3
24073,382,3
24074,364,3
24075,384,3
24076,388,3
24077,380,3
24078,384,3
24079,366,3
24080,368,3
24081,370,3
24082,369,3
24083,337,3
24084,353,3
24085,374,3
24086,351,3
24087,355,3
24088,356,3
24089,339,3
24090,372,3
24091,351,3
24092,339,3
24093,355,3
24094,342,3
24095,345,3
24096,359,3
24097,334,3
24098,352,3
24099,332,3
24100,588,3
24101,576,3
24102,585,3
24103,576,3
24104,573,3
24105,571,3
24106,572,3
24107,559,3
24108,546,3
24109,572,3
24110,573,3
24111,561,3
24112,550,3
24113,536,3
24114,554,3
24115,536,3
24116,533,3
24117,549,3
24118,539,3
24119,550,3
24120,543,3
24121,536,3
24122,522,3
24123,530,3
24124,529,3
24125,523,3
24126,532,3
24127,521,3
24128,532,3
24129,535,3
24130,521,3
24131,534,3
24132,511,3
24133,513,3
24134,524,3
24135,532,3
24136,533,3
24137,540,3
24138,515,3
24139,516,3
24140,504,3
24141,500,3
24142,516,3
24143,503,3
24144,526,3
24145,492,3
24146,514,3
24147,494,3
24148,495,3
24149,510,3
24150,494,3
24151,495,3
24152,490,3
24153,519,3
24154,489,3
24155,496,3
24156,491,3
24157,495,3
24158,483,3
24159,487,3
24160,493,3
24161,476,3
24162,498,3
24163,498,3
24164,490,3
24165,482,3
24166,444,3
24167,483,3
24168,472,3
24169,472,3
24170,451,3
24171,478,3
24172,454,3
24173,471,3
24174,479,3
24175,461,3
24176,480,3
24177,455,3
24178,470,3
24179,445,3
24180,472,3
24181,469,3
24182,462,3
24183,451,3
24184,437,3
24185,448,3
24186,464,3
24187,451,3
24188,429,3
24189,433,3
24190,460,3
24191,450,3
24192,428,3
24193,420,3
24194,432,3
24195,416,3
24196,435,3
24197,465,3
24198,415,3
24199,430,3
24200,568,3
24201,571,3
24202,565,3
24203,553,3
24204,567,3
24205,561,3
24206,539,3
24207,574,3
24208,561,3
24209,549,3
24210,560,3
24211,548,3
24212,555,3
24213,568,3
24214,554,3
24215,542,3
24216,534,3
24217,536,3
24218,553,3
24219,541,3
24220,547,3
24221,535,3
24222,526,3
24223,543,3
24224,524,3
24225,528,3
24226,516,3
24227,518,3
24228,539,3
24229,539,3
24230,538,3
24231,536,3
24232,517,3
24233,528,3
24234,531,3
24235,506,3
24236,518,3
24237,512,3
24238,490,3
24239,515,3
24240,501,3
24241,520,3
24242,497,3
24243,508,3
24244,504,3
24245,481,3
24246,496,3
24247,503,3
24248,509,3
24249,495,3
24250,505,3
24251,499,3
24252,497,3
24253,496,3
24254,484,3
24255,474,3
24256,503,3
24257,492,3
24258,480,3
24259,487,3
24260,483,3
24261,466,3
24262,471,3
24263,489,3
24264,472,3
24265,475,3
24266,484,3
24267,467,3
24268,455,3
24269,466,3
24270,456,3
24271,444,3
24272,469,3
24273,455,3
24274,421,3
24275,458,3
24276,457,3
24277,475,3
24278,450,3
24279,462,3
24280,455,3
24281,439,3
24282,448,3
24283,441,3
24284,433,3
24285,433,3
24286,430,3
24287,436,3
24288,435,3
24289,427,3
24290,429,3
24291,408,3
24292,416,3
24293,424,3
24294,446,3
24295,432,3
24296,411,3
24297,440,3
24298,419,3
24299,404,3
24300,557,3
24301,579,3
24302,572,3
24303,560,3
24304,564,3
24305,545,3
24306,551,3
24307,577,3
24308,558,3
24309,567,3
24310,557,3
24311,569,3
24312,528,3
24313,548,3
24314,569,3
24315,560,3
24316,563,3
24317,545,3
24318,538,3
24319,531,3
24320,529,3
24321,550,3
24322,545,3
24323,537,3
24324,543,3
24325,537,3
24326,546,3
24327,544,3
24328,519,3
24329,533,3
24330,509,3
24331,529,3
24332,534,3
24333,509,3
24334,519,3
24335,523,3
24336,524,3
24337,517,3
24338,505,3
24339,517,3
24340,496,3
24341,512,3
24342,508,3
24343,511,3
24344,504,3
24345,492,3
24346,504,3
24347,518,3
24348,521,3
24349,534,3
24350,524,3
24351,488,3
24352,496,3
24353,499,3
24354,497,3
24355,498,3
24356,524,3
24357,481,3
24358,484,3
24359,511,3
24360,483,3
24361,494,3
24362,500,3
24363,492,3
24364,488,3
24365,495,3
24366,472,3
24367,475,3
24368,487,3
24369,454,3
24370,495,3
24371,480,3
24372,477,3
24373,454,3
24374,457,3
24375,466,3
24376,480,3
24377,444,3
24378,477,3
24379,462,3
24380,462,3
24381,466,3
24382,465,3
24383,452,3
24384,467,3
24385,430,3
24386,452,3
24387,458,3
24388,450,3
24389,431,3
24390,461,3
24391,436,3
24392,449,3
24393,450,3
24394,447,3
24395,460,3
24396,444,3
24397,448,3
24398,441,3
24399,448,3
24400,527,3
24401,562,3
24402,539,3
24403,536,3
24404,540,3
24405,545,3
24406,534,3
24407,532,3
24408,539,3
24409,539,3
24410,530,3
24411,506,3
24412,510,3
24413,534,3
24414,516,3
24415,511,3
24416,521,3
24417,518,3
24418,510,3
24419,520,3
24420,494,3
24421,487,3
24422,524,3
24423,491,3
24424,486,3
24425,498,3
24426,500,3
24427,493,3
24428,494,3
24429,478,3
24430,502,3
24431,474,3
24432,491,3
24433,491,3
24434,495,3
24435,488,3
24436,471,3
24437,477,3
24438,472,3
24439,460,3
24440,483,3
24441,467,3
24442,476,3
24443,471,3
24444,457,3
24445,455,3
24446,464,3
24447,450,3
24448,476,3
24449,479,3
24450,470,3
24451,464,3
24452,459,3
24453,444,3
24454,465,3
24455,469,3
24456,447,3
24457,449,3
24458,438,3
24459,443,3
24460,430,3
24461,440,3
24462,447,3
24463,444,3
24464,441,3
24465,407,3
24466,436,3
24467,441,3
24468,432,3
24469,444,3
24470,427,3
24471,432,3
24472,413,3
24473,431,3
24474,432,3
24475,412,3
24476,402,3
24477,412,3
24478,404,3
24479,421,3
24480,407,3
24481,419,3
24482,390,3
24483,398,3
24484,397,3
24485,408,3
24486,378,3
24487,398,3
24488,395,3
24489,402,3
24490,397,3
24491,383,3
24492,366,3
24493,382,3
24494,375,3
24495,374,3
24496,378,3
24497,395,3
24498,368,3
24499,359,3
24500,537,3
24501,519,3
24502,529,3
24503,516,3
24504,530,3
24505,518,3
24506,506,3
24507,517,3
24508,541,3
24509,540,3
24510,523,3
24511,515,3
24512,519,3
24513,518,3
24514,513,3
24515,518,3
24516,514,3
24517,507,3
24518,496,3
24519,504,3
24520,518,3
24521,507,3
24522,510,3
24523,502,3
24524,492,3
24525,501,3
24526,491,3
24527,489,3
24528,516,3
24529,495,3
24530,490,3
24531,518,3
24532,507,3
24533,492,3
24534,501,3
24535,492,3
24536,486,3
24537,499,3
24538,488,3
24539,492,3
24540,502,3
24541,500,3
24542,482,3
24543,493,3
24544,473,3
24545,491,3
24546,487,3
24547,488,3
24548,479,3
24549,507,3
24550,470,3
24551,492,3
24552,467,3
24553,485,3
24554,484,3
24555,477,3
24556,470,3
24557,477,3
24558,477,3
24559,495,3
24560,462,3
24561,465,3
24562,474,3
24563,466,3
24564,467,3
24565,480,3
24566,433,3
24567,459,3
24568,444,3
24569,450,3
24570,492,3
24571,469,3
24572,473,3
24573,459,3
24574,469,3
24575,437,3
24576,470,3
24577,447,3
24578,449,3
24579,461,3
24580,458,3
24581,454,3
24582,436,3
24583,453,3
24584,462,3
24585,443,3
24586,464,3
24587,437,3
24588,447,3
24589,464,3
24590,437,3
24591,457,3
24592,467,3
24593,444,3
24594,435,3
24595,431,3
24596,455,3
24597,454,3
24598,455,3
24599,436,3
24600,528,3
24601,518,3
24602,544,3
24603,537,3
24604,533,3
24605,514,3
24606,524,3
24607,519,3
24608,519,3
24609,526,3
24610,530,3
24611,523,3
24612,521,3
24613,518,3
24614,513,3
24615,503,3
24616,512,3
24617,519,3
24618,507,3
24619,495,3
24620,490,3
24621,492,3
24622,488,3
24623,534,3
24624,487,3
24625,496,3
24626,494,3
24627,510,3
24628,496,3
24629,495,3
24630,490,3
24631,489,3
24632,488,3
24633,475,3
24634,470,3
24635,480,3
24636,471,3
24637,478,3
24638,461,3
24639,455,3
24640,455,3
24641,468,3
24642,448,3
24643,489,3
24644,487,3
24645,473,3
24646,456,3
24647,453,3
24648,461,3
24649,463,3
24650,457,3
24651,436,3
24652,448,3
24653,455,3
24654,419,3
24655,432,3
24656,450,3
24657,438,3
24658,437,3
24659,452,3
24660,436,3
24661,430,3
24662,430,3
24663,428,3
24664,420,3
24665,426,3
24666,413,3
24667,421,3
24668,417,3
24669,424,3
24670,438,3
24671,421,3
24672,418,3
24673,418,3
24674,403,3
24675,420,3
24676,415,3
24677,407,3
24678,411,3
24679,409,3
24680,407,3
24681,413,3
24682,390,3
24683,414,3
24684,377,3
24685,402,3
24686,395,3
24687,380,3
24688,402,3
24689,366,3
24690,405,3
24691,411,3
24692,381,3
24693,369,3
24694,372,3
24695,389,3
24696,372,3
24697,339,3
24698,377,3
24699,381,3
24700,509,3
24701,530,3
24702,507,3
24703,526,3
24704,512,3
24705,508,3
24706,501,3
24707,512,3
24708,500,3
24709,486,3
24710,484,3
24711,499,3
24712,481,3
24713,489,3
24714,501,3
24715,490,3
24716,476,3
24717,500,3
24718,488,3
24719,492,3
24720,451,3
24721,481,3
24722,485,3
24723,494,3
24724,454,3
24725,484,3
24726,488,3
24727,442,3
24728,471,3
24729,471,3
24730,458,3
24731,454,3
24732,466,3
24733,449,3
24734,452,3
24735,463,3
24736,473,3
24737,456,3
24738,450,3
24739,440,3
24740,433,3
24741,456,3
24742,440,3
24743,454,3
24744,434,3
24745,429,3
24746,440,3
24747,432,3
24748,417,3
24749,451,3
24750,420,3
24751,437,3
24752,435,3
24753,408,3
24754,409,3
24755,416,3
24756,407,3
24757,437,3
24758,412,3
24759,424,3
24760,417,3
24761,413,3
24762,408,3
24763,421,3
24764,395,3
24765,423,3
24766,386,3
24767,409,3
24768,381,3
24769,392,3
24770,395,3
24771,387,3
24772,389,3
24773,373,3
24774,376,3
24775,392,3
24776,385,3
24777,374,3
24778,397,3
24779,365,3
24780,373,3
24781,370,3
24782,382,3
24783,373,3
24784,370,3
24785,347,3
24786,378,3
24787,363,3
24788,365,3
24789,353,3
24790,350,3
24791,377,3
24792,336,3
24793,343,3
24794,372,3
24795,360,3
24796,347,3
24797,364,3
24798,353,3
24799,348,3
24800,553,3
24801,570,3
24802,566,3
24803,552,3
24804,567,3
24805,548,3
24806,565,3
24807,585,3
24808,555,3
24809,555,3
24810,571,3
24811,568,3
24812,544,3
24813,558,3
24814,513,3
24815,535,3
24816,558,3
24817,538,3
24818,540,3
24819,530,3
24820,526,3
24821,508,3
24822,532,3
24823,540,3
24824,536,3
24825,521,3
24826,513,3
24827,524,3
24828,511,3
24829,516,3
24830,525,3
24831,512,3
24832,536,3
24833,507,3
24834,511,3
24835,526,3
24836,523,3
24837,519,3
24838,504,3
24839,517,3
24840,518,3
24841,512,3
24842,505,3
24843,511,3
24844,502,3
24845,506,3
24846,500,3
24847,480,3
24848,490,3
24849,520,3
24850,470,3
24851,511,3
24852,498,3
24853,489,3
24854,467,3
24855,486,3
24856,475,3
24857,497,3
24858,473,3
24859,477,3
24860,481,3
24861,469,3
24862,487,3
24863,470,3
24864,450,3
24865,473,3
24866,479,3
24867,485,3
24868,473,3
24869,478,3
24870,469,3
24871,450,3
24872,451,3
24873,431,3
24874,454,3
24875,463,3
24876,435,3
24877,468,3
24878,450,3
24879,439,3
24880,429,3
24881,466,3
24882,459,3
24883,439,3
24884,453,3
24885,438,3
24886,432,3
24887,429,3
24888,433,3
24889,430,3
24890,434,3
24891,451,3
24892,457,3
24893,414,3
24894,432,3
24895,428,3
24896,430,3
24897,417,3
24898,427,3
24899,403,3
24900,526,3
24901,549,3
24902,519,3
24903,520,3
24904,527,3
24905,537,3
24906,525,3
24907,524,3
24908,527,3
24909,525,3
24910,545,3
24911,534,3
24912,520,3
24913,548,3
24914,527,3
24915,508,3
24916,522,3
24917,524,3
24918,508,3
24919,502,3
24920,514,3
24921,508,3
24922,528,3
24923,518,3
24924,500,3
24925,512,3
24926,520,3
24927,487,3
24928,490,3
24929,501,3
24930,500,3
24931,498,3
24932,494,3
24933,492,3
24934,499,3
24935,507,3
24936,486,3
24937,520,3
24938,513,3
24939,504,3
24940,494,3
24941,509,3
24942,480,3
24943,472,3
24944,475,3
24945,468,3
24946,480,3
24947,481,3
24948,478,3
24949,474,3
24950,475,3
24951,493,3
24952,478,3
24953,480,3
24954,470,3
24955,447,3
24956,443,3
24957,489,3
24958,456,3
24959,454,3
24960,463,3
24961,465,3
24962,465,3
24963,477,3
24964,472,3
24965,443,3
24966,463,3
24967,446,3
24968,447,3
24969,434,3
24970,426,3
24971,444,3
24972,432,3
24973,453,3
24974,437,3
24975,443,3
24976,455,3
24977,419,3
24978,427,3
24979,436,3
24980,437,3
24981,445,3
24982,441,3
24983,430,3
24984,431,3
24985,430,3
24986,407,3
24987,422,3
24988,425,3
24989,426,3
24990,408,3
24991,403,3
24992,414,3
24993,439,3
24994,404,3
24995,427,3
24996,430,3
24997,410,3
24998,400,3
24999,413,3
25000,507,3
25001,498,3
25002,499,3
25003,507,3
25004,496,3
25005,496,3
25006,503,3
25007,483,3
25008,489,3
25009,502,3
25010,501,3
25011,507,3
25012,497,3
25013,494,3
25014,500,3
25015,493,3
25016,478,3
25017,478,3
25018,507,3
25019,524,3
25020,493,3
25021,470,3
25022,504,3
25023,474,3
25024,483,3
25025,477,3
25026,478,3
25027,469,3
25028,488,3
25029,469,3
25030,477,3
25031,475,3
25032,466,3
25033,447,3
25034,454,3
25035,471,3
25036,465,3
25037,450,3
25038,459,3
25039,460,3
25040,463,3
25041,476,3
25042,425,3
25043,466,3
25044,453,3
25045,436,3
25046,449,3
25047,463,3
25048,465,3
25049,431,3
25050,431,3
25051,425,3
25052,442,3
25053,441,3
25054,448,3
25055,440,3
25056,444,3
25057,415,3
25058,451,3
25059,445,3
25060,421,3
25061,417,3
25062,434,3
25063,405,3
25064,413,3
25065,408,3
25066,418,3
25067,412,3
25068,407,3
25069,404,3
25070,406,3
25071,398,3
25072,417,3
25073,423,3
25074,413,3
25075,423,3
25076,395,3
25077,395,3
25078,408,3
25079,408,3
25080,400,3
25081,398,3
25082,384,3
25083,363,3
25084,401,3
25085,404,3
25086,386,3
25087,383,3
25088,380,3
25089,382,3
25090,398,3
25091,373,3
25092,390,3
25093,375,3
25094,356,3
25095,374,3
25096,397,3
25097,367,3
25098,371,3
25099,373,3
25100,576,3
25101,607,3
25102,572,3
25103,570,3
25104,540,3
25105,570,3
25106,566,3
25107,559,3
25108,561,3
25109,561,3
25110,559,3
25111,585,3
25112,555,3
25113,560,3
25114,552,3
25115,566,3
25116,558,3
25117,551,3
25118,531,3
25119,556,3
25120,548,3
25121,550,3
25122,536,3
25123,567,3
25124,559,3
25125,565,3
25126,561,3
25127,553,3
25128,531,3
25129,566,3
25130,532,3
25131,539,3
25132,550,3
25133,550,3
25134,547,3
25135,534,3
25136,531,3
25137,568,3
25138,536,3
25139,534,3
25140,526,3
25141,537,3
25142,535,3
25143,532,3
25144,536,3
25145,551,3
25146,522,3
25147,529,3
25148,520,3
25149,530,3
25150,519,3
25151,519,3
25152,507,3
25153,524,3
25154,528,3
25155,544,3
25156,526,3
25157,514,3
25158,503,3
25159,503,3
25160,502,3
25161,539,3
25162,519,3
25163,508,3
25164,502,3
25165,503,3
25166,505,3
25167,527,3
25168,510,3
25169,492,3
25170,536,3
25171,494,3
25172,500,3
25173,522,3
25174,510,3
25175,498,3
25176,488,3
25177,491,3
25178,491,3
25179,501,3
25180,502,3
25181,497,3
25182,497,3
25183,484,3
25184,500,3
25185,511,3
25186,493,3
25187,491,3
25188,494,3
25189,505,3
25190,480,3
25191,508,3
25192,494,3
25193,489,3
25194,502,3
25195,472,3
25196,492,3
25197,490,3
25198,473,3
25199,489,3
25200,515,3
25201,530,3
25202,513,3
25203,510,3
25204,543,3
25205,498,3
25206,521,3
25207,488,3
25208,516,3
25209,539,3
25210,517,3
25211,519,3
25212,500,3
25213,511,3
25214,501,3
25215,520,3
25216,481,3
25217,507,3
25218,496,3
25219,478,3
25220,484,3
25221,466,3
25222,445,3
25223,468,3
25224,476,3
25225,480,3
25226,461,3
25227,471,3
25228,476,3
25229,465,3
25230,457,3
25231,459,3
25232,483,3
25233,444,3
25234,477,3
25235,478,3
25236,455,3
25237,463,3
25238,447,3
25239,458,3
25240,479,3
25241,466,3
25242,443,3
25243,432,3
25244,442,3
25245,447,3
25246,451,3
25247,439,3
25248,460,3
25249,438,3
25250,430,3
25251,440,3
25252,440,3
25253,421,3
25254,417,3
25255,407,3
25256,422,3
25257,438,3
25258,430,3
25259,433,3
25260,410,3
25261,414,3
25262,392,3
25263,425,3
25264,427,3
25265,397,3
25266,427,3
25267,403,3
25268,391,3
25269,399,3
25270,408,3
25271,398,3
25272,390,3
25273,403,3
25274,402,3
25275,390,3
25276,386,3
25277,382,3
25278,393,3
25279,366,3
25280,374,3
25281,380,3
25282,371,3
25283,381,3
25284,379,3
25285,405,3
25286,364,3
25287,371,3
25288,358,3
25289,391,3
25290,387,3
25291,346,3
25292,361,3
25293,361,3
25294,355,3
25295,352,3
25296,365,3
25297,376,3
25298,362,3
25299,361,3
25300,559,3
25301,571,3
25302,546,3
25303,559,3
25304,558,3
25305,568,3
25306,566,3
25307,544,3
25308,573,3
25309,540,3
25310,566,3
25311,545,3
25312,552,3
25313,552,3
25314,550,3
25315,555,3
25316,550,3
25317,554,3
25318,549,3
25319,527,3
25320,544,3
25321,533,3
25322,525,3
25323,534,3
25324,538,3
25325,538,3
25326,546,3
25327,548,3
25328,535,3
25329,536,3
25330,530,3
25331,537,3
25332,533,3
25333,525,3
25334,550,3
25335,517,3
25336,539,3
25337,504,3
25338,529,3
25339,536,3
25340,494,3
25341,518,3
25342,523,3
25343,517,3
25344,517,3
25345,513,3
25346,497,3
25347,537,3
25348,502,3
25349,512,3
25350,498,3
25351,477,3
25352,492,3
25353,484,3
25354,514,3
25355,492,3
25356,492,3
25357,484,3
25358,497,3
25359,486,3
25360,505,3
25361,496,3
25362,484,3
25363,500,3
25364,489,3
25365,488,3
25366,469,3
25367,484,3
25368,488,3
25369,499,3
25370,472,3
25371,508,3
25372,486,3
25373,460,3
25374,467,3
25375,493,3
25376,489,3
25377,473,3
25378,474,3
25379,457,3
25380,485,3
25381,457,3
25382,477,3
25383,482,3
25384,465,3
25385,475,3
25386,485,3
25387,464,3
25388,458,3
25389,458,3
25390,449,3
25391,447,3
25392,461,3
25393,452,3
25394,457,3
25395,434,3
25396,449,3
25397,462,3
25398,435,3
25399,447,3
25400,535,3
25401,541,3
25402,521,3
25403,538,3
25404,539,3
25405,532,3
25406,517,3
25407,520,3
25408,529,3
25409,515,3
25410,530,3
25411,508,3
25412,525,3
25413,530,3
25414,520,3
25415,505,3
25416,496,3
25417,501,3
25418,519,3
25419,509,3
25420,503,3
25421,514,3
25422,484,3
25423,504,3
25424,492,3
25425,488,3
25426,497,3
25427,532,3
25428,508,3
25429,486,3
25430,513,3
25431,482,3
25432,514,3
25433,484,3
25434,495,3
25435,517,3
25436,487,3
25437,512,3
25438,488,3
25439,487,3
25440,476,3
25441,502,3
25442,478,3
25443,506,3
25444,474,3
25445,475,3
25446,491,3
25447,477,3
25448,480,3
25449,460,3
25450,476,3
25451,478,3
25452,493,3
25453,465,3
25454,474,3
25455,483,3
25456,468,3
25457,479,3
25458,495,3
25459,464,3
25460,478,3
25461,467,3
25462,470,3
25463,467,3
25464,470,3
25465,468,3
25466,454,3
25467,447,3
25468,458,3
25469,434,3
25470,458,3
25471,458,3
25472,446,3
25473,447,3
25474,457,3
25475,453,3
25476,454,3
25477,451,3
25478,442,3
25479,439,3
25480,444,3
25481,455,3
25482,439,3
25483,451,3
25484,409,3
25485,436,3
25486,432,3
25487,410,3
25488,411,3
25489,433,3
25490,428,3
25491,435,3
25492,393,3
25493,436,3
25494,435,3
25495,404,3
25496,436,3
25497,440,3
25498,401,3
25499,417,3
25500,508,3
25501,520,3
25502,525,3
25503,513,3
25504,507,3
25505,515,3
25506,504,3
25507,523,3
25508,491,3
25509,514,3
25510,518,3
25511,509,3
25512,522,3
25513,491,3
25514,498,3
25515,501,3
25516,512,3
25517,505,3
25518,526,3
25519,490,3
25520,481,3
25521,518,3
25522,478,3
25523,502,3
25524,481,3
25525,466,3
25526,485,3
25527,499,3
25528,473,3
25529,493,3
25530,494,3
25531,468,3
25532,479,3
25533,499,3
25534,487,3
25535,475,3
25536,481,3
25537,467,3
25538,487,3
25539,486,3
25540,473,3
25541,473,3
25542,456,3
25543,451,3
25544,461,3
25545,463,3
25546,476,3
25547,473,3
25548,463,3
25549,473,3
25550,446,3
25551,469,3
25552,446,3
25553,469,3
25554,452,3
25555,427,3
25556,459,3
25557,458,3
25558,442,3
25559,441,3
25560,443,3
25561,420,3
25562,413,3
25563,456,3
25564,429,3
25565,460,3
25566,453,3
25567,454,3
25568,426,3
25569,413,3
25570,418,3
25571,424,3
25572,400,3
25573,421,3
25574,423,3
25575,409,3
25576,411,3
25577,419,3
25578,425,3
25579,408,3
25580,421,3
25581,418,3
25582,416,3
25583,406,3
25584,396,3
25585,431,3
25586,417,3
25587,420,3
25588,406,3
25589,404,3
25590,410,3
25591,381,3
25592,388,3
25593,391,3
25594,394,3
25595,387,3
25596,400,3
25597,396,3
25598,410,3
25599,422,3
25600,508,3
25601,517,3
25602,502,3
25603,487,3
25604,494,3
25605,495,3
25606,488,3
25607,498,3
25608,496,3
25609,494,3
25610,480,3
25611,491,3
25612,503,3
25613,489,3
25614,497,3
25615,484,3
25616,473,3
25617,490,3
25618,461,3
25619,469,3
25620,473,3
25621,481,3
25622,486,3
25623,480,3
25624,477,3
25625,476,3
25626,476,3
25627,449,3
25628,488,3
25629,473,3
25630,456,3
25631,461,3
25632,439,3
25633,450,3
25634,447,3
25635,444,3
25636,458,3
25637,447,3
25638,430,3
25639,429,3
25640,418,3
25641,450,3
25642,435,3
25643,445,3
25644,472,3
25645,422,3
25646,435,3
25647,447,3
25648,422,3
25649,422,3
25650,431,3
25651,453,3
25652,429,3
25653,409,3
25654,409,3
25655,410,3
25656,393,3
25657,411,3
25658,411,3
25659,410,3
25660,391,3
25661,410,3
25662,393,3
25663,400,3
25664,392,3
25665,414,3
25666,390,3
25667,413,3
25668,396,3
25669,398,3
25670,392,3
25671,380,3
25672,393,3
25673,381,3
25674,389,3
25675,390,3
25676,404,3
25677,385,3
25678,390,3
25679,384,3
25680,372,3
25681,381,3
25682,370,3
25683,365,3
25684,355,3
25685,374,3
25686,358,3
25687,371,3
25688,362,3
25689,356,3
25690,348,3
25691,372,3
25692,350,3
25693,372,3
25694,342,3
25695,368,3
25696,349,3
25697,357,3
25698,329,3
25699,328,3
25700,507,3
25701,520,3
25702,505,3
25703,507,3
25704,501,3
25705,486,3
25706,507,3
25707,508,3
25708,495,3
25709,515,3
25710,495,3
25711,491,3
25712,504,3
25713,477,3
25714,505,3
25715,488,3
25716,504,3
25717,506,3
25718,497,3
25719,478,3
25720,471,3
25721,467,3
25722,496,3
25723,480,3
25724,473,3
25725,477,3
25726,491,3
25727,486,3
25728,480,3
25729,481,3
25730,474,3
25731,474,3
25732,472,3
25733,468,3
25734,475,3
25735,469,3
25736,453,3
25737,468,3
25738,464,3
25739,467,3
25740,457,3
25741,466,3
25742,454,3
25743,462,3
25744,447,3
25745,446,3
25746,457,3
25747,444,3
25748,473,3
25749,452,3
25750,444,3
25751,452,3
25752,435,3
25753,451,3
25754,449,3
25755,452,3
25756,430,3
25757,419,3
25758,425,3
25759,428,3
25760,450,3
25761,455,3
25762,431,3
25763,426,3
25764,420,3
25765,433,3
25766,448,3
25767,441,3
25768,432,3
25769,431,3
25770,426,3
25771,414,3
25772,404,3
25773,411,3
25774,415,3
25775,391,3
25776,405,3
25777,396,3
25778,417,3
25779,396,3
25780,406,3
25781,392,3
25782,418,3
25783,377,3
25784,402,3
25785,379,3
25786,387,3
25787,394,3
25788,393,3
25789,392,3
25790,389,3
25791,378,3
25792,383,3
25793,384,3
25794,384,3
25795,380,3
25796,388,3
25797,379,3
25798,379,3
25799,370,3
25800,551,3
25801,552,3
25802,532,3
25803,531,3
25804,551,3
25805,533,3
25806,533,3
25807,532,3
25808,539,3
25809,549,3
25810,542,3
25811,528,3
25812,549,3
25813,542,3
25814,543,3
25815,541,3
25816,523,3
25817,517,3
25818,523,3
25819,538,3
25820,511,3
25821,508,3
25822,501,3
25823,507,3
25824,512,3
25825,522,3
25826,506,3
25827,526,3
25828,518,3
25829,492,3
25830,516,3
25831,516,3
25832,537,3
25833,516,3
25834,491,3
25835,514,3
25836,512,3
25837,516,3
25838,540,3
25839,501,3
25840,499,3
25841,511,3
25842,526,3
25843,512,3
25844,499,3
25845,514,3
25846,522,3
25847,491,3
25848,487,3
25849,499,3
25850,501,3
25851,513,3
25852,490,3
25853,499,3
25854,512,3
25855,495,3
25856,487,3
25857,497,3
25858,486,3
25859,493,3
25860,485,3
25861,485,3
25862,481,3
25863,478,3
25864,496,3
25865,485,3
25866,497,3
25867,454,3
25868,474,3
25869,470,3
25870,475,3
25871,465,3
25872,457,3
25873,484,3
25874,467,3
25875,480,3
25876,459,3
25877,452,3
25878,474,3
25879,477,3
25880,462,3
25881,456,3
25882,482,3
25883,465,3
25884,453,3
25885,446,3
25886,455,3
25887,458,3
25888,471,3
25889,460,3
25890,458,3
25891,448,3
25892,474,3
25893,468,3
25894,467,3
25895,454,3
25896,459,3
25897,422,3
25898,455,3
25899,474,3
25900,542,3
25901,502,3
25902,520,3
25903,504,3
25904,510,3
25905,522,3
25906,515,3
25907,508,3
25908,501,3
25909,512,3
25910,527,3
25911,495,3
25912,528,3
25913,518,3
25914,519,3
25915,505,3
25916,514,3
25917,487,3
25918,490,3
25919,506,3
25920,499,3
25921,493,3
25922,463,3
25923,487,3
25924,477,3
25925,496,3
25926,487,3
25927,480,3
25928,518,3
25929,498,3
25930,497,3
25931,510,3
25932,492,3
25933,472,3
25934,469,3
25935,490,3
25936,453,3
25937,476,3
25938,449,3
25939,475,3
25940,483,3
25941,475,3
25942,482,3
25943,493,3
25944,467,3
25945,501,3
25946,469,3
25947,477,3
25948,457,3
25949,482,3
25950,474,3
25951,478,3
25952,460,3
25953,443,3
25954,463,3
25955,436,3
25956,451,3
25957,456,3
25958,481,3
25959,455,3
25960,452,3
25961,449,3
25962,432,3
25963,448,3
25964,447,3
25965,433,3
25966,429,3
25967,437,3
25968,442,3
25969,435,3
25970,427,3
25971,442,3
25972,443,3
25973,437,3
25974,428,3
25975,441,3
25976,430,3
25977,417,3
25978,443,3
25979,433,3
25980,426,3
25981,408,3
25982,417,3
25983,449,3
25984,405,3
25985,419,3
25986,421,3
25987,424,3
25988,401,3
25989,420,3
25990,396,3
25991,417,3
25992,406,3
25993,403,3
25994,422,3
25995,408,3
25996,415,3
25997,415,3
25998,423,3
25999,392,3
26000,535,3
26001,544,3
26002,522,3
26003,530,3
26004,546,3
26005,546,3
26006,552,3
26007,534,3
26008,542,3
26009,532,3
26010,518,3
26011,503,3
26012,517,3
26013,504,3
26014,529,3
26015,528,3
26016,501,3
26017,525,3
26018,495,3
26019,525,3
26020,504,3
26021,510,3
26022,520,3
26023,508,3
26024,498,3
26025,508,3
26026,484,3
26027,471,3
26028,506,3
26029,475,3
26030,500,3
26031,489,3
26032,485,3
26033,472,3
26034,477,3
26035,480,3
26036,481,3
26037,466,3
26038,484,3
26039,483,3
26040,477,3
26041,465,3
26042,478,3
26043,474,3
26044,441,3
26045,466,3
26046,484,3
26047,471,3
26048,472,3
26049,448,3
26050,456,3
26051,450,3
26052,451,3
26053,443,3
26054,433,3
26055,447,3
26056,435,3
26057,449,3
26058,440,3
26059,416,3
26060,454,3
26061,441,3
26062,428,3
26063,428,3
26064,415,3
26065,428,3
26066,435,3
26067,446,3
26068,422,3
26069,422,3
26070,434,3
26071,404,3
26072,418,3
26073,406,3
26074,415,3
26075,423,3
26076,390,3
26077,421,3
26078,410,3
26079,406,3
26080,419,3
26081,391,3
26082,383,3
26083,385,3
26084,402,3
26085,388,3
26086,382,3
26087,379,3
26088,391,3
26089,387,3
26090,368,3
26091,367,3
26092,376,3
26093,391,3
26094,373,3
26095,359,3
26096,374,3
26097,374,3
26098,354,3
26099,355,3
26100,523,3
26101,550,3
26102,511,3
26103,507,3
26104,535,3
26105,527,3
26106,518,3
26107,498,3
26108,531,3
26109,508,3
26110,502,3
26111,520,3
26112,504,3
26113,489,3
26114,502,3
26115,491,3
26116,463,3
26117,487,3
26118,489,3
26119,480,3
26120,500,3
26121,482,3
26122,496,3
26123,474,3
26124,498,3
26125,470,3
26126,456,3
26127,497,3
26128,471,3
26129,501,3
26130,485,3
26131,486,3
26132,488,3
26133,475,3
26134,474,3
26135,486,3
26136,471,3
26137,459,3
26138,473,3
26139,439,3
26140,479,3
26141,478,3
26142,475,3
26143,473,3
26144,456,3
26145,455,3
26146,440,3
26147,474,3
26148,446,3
26149,454,3
26150,452,3
26151,431,3
26152,425,3
26153,444,3
26154,437,3
26155,440,3
26156,453,3
26157,441,3
26158,446,3
26159,441,3
26160,430,3
26161,420,3
26162,434,3
26163,431,3
26164,439,3
26165,425,3
26166,422,3
26167,421,3
26168,411,3
26169,438,3
26170,433,3
26171,403,3
26172,426,3
26173,393,3
26174,425,3
26175,404,3
26176,415,3
26177,386,3
26178,393,3
26179,412,3
26180,396,3
26181,393,3
26182,418,3
26183,427,3
26184,410,3
26185,384,3
26186,417,3
26187,376,3
26188,389,3
26189,392,3
26190,413,3
26191,399,3
26192,381,3
26193,374,3
26194,396,3
26195,376,3
26196,384,3
26197,363,3
26198,385,3
26199,382,3
26200,562,3
26201,563,3
26202,553,3
26203,550,3
26204,554,3
26205,552,3
26206,523,3
26207,549,3
26208,557,3
26209,554,3
26210,545,3
26211,541,3
26212,534,3
26213,536,3
26214,545,3
26215,540,3
26216,545,3
26217,527,3
26218,545,3
26219,523,3
26220,532,3
26221,522,3
26222,526,3
26223,551,3
26224,531,3
26225,527,3
26226,540,3
26227,491,3
26228,519,3
26229,513,3
26230,508,3
26231,499,3
26232,514,3
26233,523,3
26234,512,3
26235,522,3
26236,513,3
26237,525,3
26238,503,3
26239,486,3
26240,488,3
26241,500,3
26242,494,3
26243,497,3
26244,516,3
26245,484,3
26246,519,3
26247,490,3
26248,483,3
26249,496,3
26250,514,3
26251,487,3
26252,487,3
26253,486,3
26254,506,3
26255,485,3
26256,495,3
26257,490,3
26258,486,3
26259,480,3
26260,509,3
26261,517,3
26262,472,3
26263,469,3
26264,481,3
26265,452,3
26266,479,3
26267,501,3
26268,469,3
26269,488,3
26270,492,3
26271,463,3
26272,474,3
26273,475,3
26274,478,3
26275,478,3
26276,481,3
26277,457,3
26278,467,3
26279,482,3
26280,482,3
26281,464,3
26282,454,3
26283,472,3
26284,465,3
26285,464,3
26286,466,3
26287,444,3
26288,464,3
26289,455,3
26290,466,3
26291,451,3
26292,457,3
26293,454,3
26294,441,3
26295,435,3
26296,455,3
26297,434,3
26298,439,3
26299,437,3
26300,563,3
26301,553,3
26302,554,3
26303,544,3
26304,562,3
26305,549,3
26306,551,3
26307,554,3
26308,567,3
26309,564,3
26310,551,3
26311,565,3
26312,524,3
26313,569,3
26314,554,3
26315,545,3
26316,531,3
26317,535,3
26318,546,3
26319,545,3
26320,544,3
26321,526,3
26322,522,3
26323,534,3
26324,539,3
26325,529,3
26326,545,3
26327,526,3
26328,524,3
26329,530,3
26330,536,3
26331,503,3
26332,504,3
26333,513,3
26334,553,3
26335,510,3
26336,510,3
26337,518,3
26338,520,3
26339,509,3
26340,520,3
26341,490,3
26342,493,3
26343,515,3
26344,500,3
26345,483,3
26346,481,3
26347,485,3
26348,494,3
26349,498,3
26350,487,3
26351,494,3
26352,482,3
26353,501,3
26354,515,3
26355,478,3
26356,487,3
26357,485,3
26358,480,3
26359,485,3
26360,481,3
26361,468,3
26362,488,3
26363,473,3
26364,465,3
26365,497,3
26366,465,3
26367,468,3
26368,465,3
26369,460,3
26370,466,3
26371,448,3
26372,464,3
26373,434,3
26374,438,3
26375,474,3
26376,436,3
26377,426,3
26378,433,3
26379,467,3
26380,423,3
26381,432,3
26382,424,3
26383,437,3
26384,434,3
26385,432,3
26386,458,3
26387,420,3
26388,432,3
26389,435,3
26390,418,3
26391,434,3
26392,422,3
26393,430,3
26394,422,3
26395,398,3
26396,436,3
26397,444,3
26398,415,3
26399,405,3
26400,558,3
26401,570,3
26402,559,3
26403,555,3
26404,584,3
26405,560,3
26406,547,3
26407,556,3
26408,542,3
26409,552,3
26410,545,3
26411,557,3
26412,573,3
26413,546,3
26414,538,3
26415,545,3
26416,560,3
26417,547,3
26418,538,3
26419,513,3
26420,535,3
26421,543,3
26422,544,3
26423,546,3
26424,521,3
26425,523,3
26426,524,3
26427,533,3
26428,519,3
26429,527,3
26430,514,3
26431,509,3
26432,529,3
26433,518,3
26434,521,3
26435,508,3
26436,518,3
26437,494,3
26438,495,3
26439,515,3
26440,501,3
26441,497,3
26442,488,3
26443,507,3
26444,518,3
26445,501,3
26446,487,3
26447,507,3
26448,493,3
26449,482,3
26450,500,3
26451,481,3
26452,464,3
26453,476,3
26454,485,3
26455,468,3
26456,453,3
26457,491,3
26458,508,3
26459,464,3
26460,461,3
26461,450,3
26462,455,3
26463,445,3
26464,446,3
26465,460,3
26466,439,3
26467,439,3
26468,457,3
26469,446,3
26470,456,3
26471,446,3
26472,446,3
26473,456,3
26474,438,3
26475,451,3
26476,436,3
26477,430,3
26478,425,3
26479,416,3
26480,420,3
26481,412,3
26482,419,3
26483,439,3
26484,428,3
26485,421,3
26486,416,3
26487,422,3
26488,421,3
26489,406,3
26490,423,3
26491,412,3
26492,418,3
26493,412,3
26494,394,3
26495,425,3
26496,407,3
26497,401,3
26498,411,3
26499,389,3
26500,552,3
26501,563,3
26502,538,3
26503,551,3
26504,532,3
26505,544,3
26506,551,3
26507,523,3
26508,531,3
26509,548,3
26510,542,3
26511,546,3
26512,543,3
26513,528,3
26514,557,3
26515,531,3
26516,492,3
26517,524,3
26518,521,3
26519,535,3
26520,519,3
26521,536,3
26522,529,3
26523,509,3
26524,518,3
26525,510,3
26526,520,3
26527,507,3
26528,517,3
26529,511,3
26530,512,3
26531,537,3
26532,507,3
26533,487,3
26534,521,3
26535,520,3
26536,483,3
26537,498,3
26538,510,3
26539,510,3
26540,503,3
26541,502,3
26542,489,3
26543,471,3
26544,523,3
26545,486,3
26546,498,3
26547,493,3
26548,505,3
26549,494,3
26550,494,3
26551,459,3
26552,480,3
26553,498,3
26554,496,3
26555,475,3
26556,467,3
26557,486,3
26558,448,3
26559,468,3
26560,502,3
26561,497,3
26562,485,3
26563,482,3
26564,453,3
26565,467,3
26566,471,3
26567,465,3
26568,468,3
26569,487,3
26570,464,3
26571,465,3
26572,477,3
26573,450,3
26574,456,3
26575,456,3
26576,465,3
26577,459,3
26578,458,3
26579,453,3
26580,447,3
26581,466,3
26582,453,3
26583,464,3
26584,442,3
26585,446,3
26586,450,3
26587,451,3
26588,460,3
26589,445,3
26590,458,3
26591,452,3
26592,445,3
26593,434,3
26594,454,3
26595,432,3
26596,442,3
26597,441,3
26598,438,3
26599,434,3
26600,520,3
26601,530,3
26602,529,3
26603,510,3
26604,508,3
26605,523,3
26606,514,3
26607,528,3
26608,503,3
26609,493,3
26610,522,3
26611,490,3
26612,494,3
26613,502,3
26614,506,3
26615,515,3
26616,495,3
26617,521,3
26618,486,3
26619,499,3
26620,512,3
26621,511,3
26622,464,3
26623,531,3
26624,493,3
26625,499,3
26626,491,3
26627,519,3
26628,508,3
26629,516,3
26630,496,3
26631,500,3
26632,475,3
26633,483,3
26634,496,3
26635,488,3
26636,484,3
26637,472,3
26638,494,3
26639,493,3
26640,490,3
26641,480,3
26642,475,3
26643,488,3
26644,484,3
26645,461,3
26646,474,3
26647,477,3
26648,460,3
26649,478,3
26650,474,3
26651,459,3
26652,447,3
26653,469,3
26654,484,3
26655,463,3
26656,466,3
26657,443,3
26658,455,3
26659,453,3
26660,443,3
26661,458,3
26662,456,3
26663,446,3
26664,449,3
26665,472,3
26666,439,3
26667,431,3
26668,430,3
26669,446,3
26670,411,3
26671,434,3
26672,427,3
26673,437,3
26674,436,3
26675,439,3
26676,442,3
26677,447,3
26678,427,3
26679,422,3
26680,439,3
26681,408,3
26682,436,3
26683,427,3
26684,430,3
26685,428,3
26686,424,3
26687,423,3
26688,406,3
26689,411,3
26690,438,3
26691,424,3
26692,427,3
26693,409,3
26694,413,3
26695,417,3
26696,424,3
26697,407,3
26698,413,3
26699,415,3
26700,551,3
26701,549,3
26702,524,3
26703,519,3
26704,526,3
26705,510,3
26706,527,3
26707,512,3
26708,533,3
26709,512,3
26710,496,3
26711,532,3
26712,516,3
26713,512,3
26714,523,3
26715,519,3
26716,498,3
26717,500,3
26718,490,3
26719,484,3
26720,507,3
26721,503,3
26722,506,3
26723,510,3
26724,502,3
26725,502,3
26726,465,3
26727,484,3
26728,498,3
26729,471,3
26730,484,3
26731,487,3
26732,485,3
26733,482,3
26734,483,3
26735,477,3
26736,455,3
26737,477,3
26738,473,3
26739,450,3
26740,482,3
26741,471,3
26742,446,3
26743,451,3
26744,452,3
26745,451,3
26746,459,3
26747,442,3
26748,466,3
26749,463,3
26750,456,3
26751,448,3
26752,457,3
26753,440,3
26754,433,3
26755,455,3
26756,442,3
26757,429,3
26758,430,3
26759,425,3
26760,456,3
26761,430,3
26762,430,3
26763,435,3
26764,410,3
26765,436,3
26766,414,3
26767,442,3
26768,414,3
26769,429,3
26770,385,3
26771,399,3
26772,408,3
26773,385,3
26774,415,3
26775,410,3
26776,393,3
26777,403,3
26778,411,3
26779,374,3
26780,382,3
26781,392,3
26782,394,3
26783,392,3
26784,401,3
26785,395,3
26786,396,3
26787,369,3
26788,386,3
26789,379,3
26790,398,3
26791,381,3
26792,369,3
26793,386,3
26794,380,3
26795,362,3
26796,366,3
26797,365,3
26798,382,3
26799,368,3
26800,546,3
26801,534,3
26802,519,3
26803,514,3
26804,509,3
26805,510,3
26806,495,3
26807,498,3
26808,518,3
26809,527,3
26810,508,3
26811,497,3
26812,463,3
26813,523,3
26814,485,3
26815,481,3
26816,494,3
26817,495,3
26818,494,3
26819,482,3
26820,496,3
26821,483,3
26822,481,3
26823,482,3
26824,476,3
26825,467,3
26826,466,3
26827,466,3
26828,483,3
26829,481,3
26830,471,3
26831,470,3
26832,485,3
26833,475,3
26834,486,3
26835,459,3
26836,450,3
26837,474,3
26838,461,3
26839,450,3
26840,463,3
26841,447,3
26842,462,3
26843,458,3
26844,448,3
26845,429,3
26846,436,3
26847,464,3
26848,465,3
26849,474,3
26850,446,3
26851,426,3
26852,454,3
26853,433,3
26854,426,3
26855,437,3
26856,454,3
26857,428,3
26858,428,3
26859,408,3
26860,426,3
26861,431,3
26862,420,3
26863,419,3
26864,420,3
26865,404,3
26866,387,3
26867,412,3
26868,408,3
26869,416,3
26870,437,3
26871,422,3
26872,380,3
26873,433,3
26874,409,3
26875,396,3
26876,416,3
26877,366,3
26878,388,3
26879,395,3
26880,392,3
26881,408,3
26882,402,3
26883,394,3
26884,381,3
26885,395,3
26886,374,3
26887,389,3
26888,369,3
26889,380,3
26890,357,3
26891,385,3
26892,366,3
26893,353,3
26894,357,3
26895,363,3
26896,354,3
26897,372,3
26898,358,3
26899,371,3
26900,601,3
26901,590,3
26902,562,3
26903,559,3
26904,601,3
26905,549,3
26906,560,3
26907,560,3
26908,559,3
26909,537,3
26910,562,3
26911,544,3
26912,571,3
26913,536,3
26914,553,3
26915,524,3
26916,524,3
26917,538,3
26918,539,3
26919,564,3
26920,545,3
26921,559,3
26922,538,3
26923,549,3
26924,532,3
26925,530,3
26926,516,3
26927,541,3
26928,539,3
26929,544,3
26930,536,3
26931,557,3
26932,533,3
26933,542,3
26934,525,3
26935,517,3
26936,535,3
26937,524,3
26938,534,3
26939,527,3
26940,512,3
26941,534,3
26942,509,3
26943,526,3
26944,533,3
26945,512,3
26946,529,3
26947,519,3
26948,523,3
26949,501,3
26950,513,3
26951,492,3
26952,529,3
26953,483,3
26954,501,3
26955,493,3
26956,512,3
26957,525,3
26958,509,3
26959,535,3
26960,482,3
26961,482,3
26962,486,3
26963,497,3
26964,482,3
26965,484,3
26966,499,3
26967,476,3
26968,476,3
26969,484,3
26970,484,3
26971,498,3
26972,474,3
26973,475,3
26974,490,3
26975,491,3
26976,497,3
26977,485,3
26978,480,3
26979,484,3
26980,472,3
26981,471,3
26982,452,3
26983,483,3
26984,474,3
26985,479,3
26986,435,3
26987,467,3
26988,456,3
26989,483,3
26990,471,3
26991,466,3
26992,457,3
26993,465,3
26994,448,3
26995,457,3
26996,450,3
26997,483,3
26998,472,3
26999,466,3
27000,541,3
27001,583,3
27002,570,3
27003,549,3
27004,540,3
27005,532,3
27006,534,3
27007,549,3
27008,567,3
27009,537,3
27010,552,3
27011,547,3
27012,532,3
27013,546,3
27014,545,3
27015,543,3
27016,526,3
27017,538,3
27018,543,3
27019,539,3
27020,539,3
27021,523,3
27022,537,3
27023,538,3
27024,516,3
27025,504,3
27026,539,3
27027,513,3
27028,509,3
27029,519,3
27030,512,3
27031,491,3
27032,524,3
27033,522,3
27034,498,3
27035,509,3
27036,496,3
27037,497,3
27038,499,3
27039,512,3
27040,528,3
27041,498,3
27042,512,3
27043,510,3
27044,474,3
27045,482,3
27046,522,3
27047,490,3
27048,501,3
27049,498,3
27050,468,3
27051,484,3
27052,500,3
27053,479,3
27054,484,3
27055,473,3
27056,476,3
27057,479,3
27058,462,3
27059,497,3
27060,465,3
27061,479,3
27062,471,3
27063,492,3
27064,463,3
27065,467,3
27066,459,3
27067,445,3
27068,479,3
27069,473,3
27070,474,3
27071,480,3
27072,470,3
27073,462,3
27074,470,3
27075,459,3
27076,478,3
27077,459,3
27078,461,3
27079,469,3
27080,488,3
27081,447,3
27082,443,3
27083,454,3
27084,447,3
27085,463,3
27086,456,3
27087,439,3
27088,460,3
27089,472,3
27090,439,3
27091,452,3
27092,420,3
27093,441,3
27094,448,3
27095,442,3
27096,444,3
27097,432,3
27098,455,3
27099,434,3
27100,515,3
27101,498,3
27102,514,3
27103,516,3
27104,517,3
27105,502,3
27106,498,3
27107,494,3
27108,492,3
27109,500,3
27110,496,3
27111,488,3
27112,483,3
27113,494,3
27114,490,3
27115,480,3
27116,503,3
27117,513,3
27118,502,3
27119,481,3
27120,488,3
27121,506,3
27122,473,3
27123,495,3
27124,467,3
27125,504,3
27126,478,3
27127,508,3
27128,501,3
27129,478,3
27130,470,3
27131,480,3
27132,474,3
27133,471,3
27134,455,3
27135,467,3
27136,459,3
27137,478,3
27138,482,3
27139,478,3
27140,473,3
27141,457,3
27142,469,3
27143,475,3
27144,457,3
27145,465,3
27146,461,3
27147,481,3
27148,471,3
27149,467,3
27150,438,3
27151,460,3
27152,455,3
27153,454,3
27154,436,3
27155,440,3
27156,452,3
27157,465,3
27158,443,3
27159,445,3
27160,470,3
27161,444,3
27162,445,3
27163,444,3
27164,428,3
27165,450,3
27166,435,3
27167,441,3
27168,446,3
27169,463,3
27170,423,3
27171,448,3
27172,447,3
27173,428,3
27174,442,3
27175,453,3
27176,423,3
27177,434,3
27178,435,3
27179,436,3
27180,438,3
27181,429,3
27182,432,3
27183,414,3
27184,426,3
27185,418,3
27186,407,3
27187,415,3
27188,423,3
27189,424,3
27190,403,3
27191,406,3
27192,425,3
27193,421,3
27194,425,3
27195,430,3
27196,419,3
27197,406,3
27198,412,3
27199,429,3
27200,548,3
27201,545,3
27202,566,3
27203,538,3
27204,530,3
27205,540,3
27206,558,3
27207,520,3
27208,522,3
27209,520,3
27210,513,3
27211,514,3
27212,536,3
27213,525,3
27214,506,3
27215,528,3
27216,523,3
27217,529,3
27218,509,3
27219,500,3
27220,521,3
27221,522,3
27222,497,3
27223,512,3
27224,500,3
27225,518,3
27226,513,3
27227,518,3
27228,492,3
27229,492,3
27230,495,3
27231,492,3
27232,501,3
27233,482,3
27234,512,3
27235,513,3
27236,504,3
27237,496,3
27238,487,3
27239,489,3
27240,476,3
27241,486,3
27242,487,3
27243,471,3
27244,499,3
27245,478,3
27246,465,3
27247,473,3
27248,467,3
27249,463,3
27250,491,3
27251,470,3
27252,481,3
27253,472,3
27254,472,3
27255,465,3
27256,458,3
27257,478,3
27258,468,3
27259,457,3
27260,470,3
27261,475,3
27262,460,3
27263,472,3
27264,447,3
27265,440,3
27266,445,3
27267,449,3
27268,465,3
27269,441,3
27270,449,3
27271,456,3
27272,447,3
27273,434,3
27274,423,3
27275,452,3
27276,423,3
27277,430,3
27278,433,3
27279,447,3
27280,442,3
27281,431,3
27282,442,3
27283,443,3
27284,419,3
27285,419,3
27286,431,3
27287,441,3
27288,411,3
27289,396,3
27290,424,3
27291,431,3
27292,415,3
27293,444,3
27294,401,3
27295,401,3
27296,399,3
27297,408,3
27298,407,3
27299,395,3
27300,572,3
27301,557,3
27302,571,3
27303,574,3
27304,564,3
27305,555,3
27306,554,3
27307,560,3
27308,556,3
27309,565,3
27310,546,3
27311,536,3
27312,553,3
27313,541,3
27314,555,3
27315,543,3
27316,550,3
27317,528,3
27318,540,3
27319,528,3
27320,520,3
27321,523,3
27322,525,3
27323,544,3
27324,521,3
27325,511,3
27326,526,3
27327,523,3
27328,515,3
27329,517,3
27330,529,3
27331,524,3
27332,521,3
27333,498,3
27334,545,3
27335,521,3
27336,513,3
27337,491,3
27338,515,3
27339,496,3
27340,498,3
27341,478,3
27342,482,3
27343,500,3
27344,505,3
27345,500,3
27346,498,3
27347,487,3
27348,481,3
27349,488,3
27350,493,3
27351,481,3
27352,494,3
27353,475,3
27354,464,3
27355,474,3
27356,474,3
27357,470,3
27358,484,3
27359,477,3
27360,448,3
27361,482,3
27362,429,3
27363,486,3
27364,455,3
27365,454,3
27366,454,3
27367,458,3
27368,452,3
27369,448,3
27370,464,3
27371,453,3
27372,433,3
27373,452,3
27374,447,3
27375,433,3
27376,447,3
27377,434,3
27378,432,3
27379,429,3
27380,402,3
27381,423,3
27382,436,3
27383,425,3
27384,408,3
27385,434,3
27386,417,3
27387,404,3
27388,443,3
27389,402,3
27390,424,3
27391,402,3
27392,412,3
27393,397,3
27394,392,3
27395,411,3
27396,408,3
27397,415,3
27398,399,3
27399,424,3
27400,579,3
27401,565,3
27402,562,3
27403,549,3
27404,572,3
27405,563,3
27406,564,3
27407,569,3
27408,565,3
27409,545,3
27410,554,3
27411,557,3
27412,556,3
27413,530,3
27414,535,3
27415,554,3
27416,552,3
27417,562,3
27418,523,3
27419,551,3
27420,543,3
27421,524,3
27422,514,3
27423,545,3
27424,521,3
27425,515,3
27426,535,3
27427,528,3
27428,533,3
27429,530,3
27430,564,3
27431,531,3
27432,528,3
27433,508,3
27434,536,3
27435,510,3
27436,503,3
27437,510,3
27438,517,3
27439,504,3
27440,498,3
27441,496,3
27442,508,3
27443,510,3
27444,510,3
27445,482,3
27446,489,3
27447,509,3
27448,491,3
27449,497,3
27450,525,3
27451,465,3
27452,489,3
27453,497,3
27454,475,3
27455,484,3
27456,470,3
27457,490,3
27458,473,3
27459,474,3
27460,489,3
27461,483,3
27462,487,3
27463,495,3
27464,473,3
27465,496,3
27466,471,3
27467,483,3
27468,466,3
27469,475,3
27470,458,3
27471,478,3
27472,474,3
27473,456,3
27474,459,3
27475,444,3
27476,465,3
27477,463,3
27478,436,3
27479,475,3
27480,453,3
27481,444,3
27482,459,3
27483,437,3
27484,458,3
27485,426,3
27486,436,3
27487,436,3
27488,429,3
27489,425,3
27490,427,3
27491,425,3
27492,424,3
27493,446,3
27494,432,3
27495,424,3
27496,433,3
27497,421,3
27498,411,3
27499,400,3
27500,542,3
27501,523,3
27502,527,3
27503,529,3
27504,543,3
27505,531,3
27506,531,3
27507,521,3
27508,531,3
27509,524,3
27510,520,3
27511,509,3
27512,515,3
27513,502,3
27514,513,3
27515,513,3
27516,482,3
27517,507,3
27518,494,3
27519,513,3
27520,513,3
27521,499,3
27522,509,3
27523,509,3
27524,497,3
27525,517,3
27526,489,3
27527,514,3
27528,492,3
27529,483,3
27530,488,3
27531,477,3
27532,499,3
27533,469,3
27534,503,3
27535,474,3
27536,494,3
27537,483,3
27538,484,3
27539,473,3
27540,483,3
27541,479,3
27542,458,3
27543,463,3
27544,466,3
27545,463,3
27546,485,3
27547,469,3
27548,458,3
27549,460,3
27550,459,3
27551,460,3
27552,449,3
27553,451,3
27554,469,3
27555,460,3
27556,455,3
27557,455,3
27558,453,3
27559,450,3
27560,457,3
27561,455,3
27562,430,3
27563,446,3
27564,428,3
27565,452,3
27566,452,3
27567,434,3
27568,439,3
27569,414,3
27570,449,3
27571,445,3
27572,449,3
27573,451,3
27574,417,3
27575,441,3
27576,447,3
27577,410,3
27578,425,3
27579,421,3
27580,434,3
27581,394,3
27582,443,3
27583,419,3
27584,430,3
27585,416,3
27586,422,3
27587,387,3
27588,408,3
27589,422,3
27590,414,3
27591,389,3
27592,408,3
27593,396,3
27594,394,3
27595,385,3
27596,410,3
27597,414,3
27598,425,3
27599,380,3
27600,547,3
27601,541,3
27602,561,3
27603,548,3
27604,528,3
27605,558,3
27606,567,3
27607,556,3
27608,540,3
27609,519,3
27610,545,3
27611,534,3
27612,529,3
27613,515,3
27614,559,3
27615,522,3
27616,512,3
27617,552,3
27618,531,3
27619,528,3
27620,531,3
27621,531,3
27622,527,3
27623,505,3
27624,502,3
27625,511,3
27626,512,3
27627,512,3
27628,518,3
27629,510,3
27630,504,3
27631,515,3
27632,517,3
27633,497,3
27634,489,3
27635,506,3
27636,497,3
27637,511,3
27638,488,3
27639,483,3
27640,489,3
27641,501,3
27642,489,3
27643,490,3
27644,484,3
27645,501,3
27646,493,3
27647,467,3
27648,495,3
27649,489,3
27650,494,3
27651,473,3
27652,466,3
27653,475,3
27654,476,3
27655,487,3
27656,479,3
27657,471,3
27658,467,3
27659,467,3
27660,460,3
27661,472,3
27662,444,3
27663,460,3
27664,471,3
27665,444,3
27666,479,3
27667,441,3
27668,446,3
27669,463,3
27670,467,3
27671,452,3
27672,450,3
27673,466,3
27674,427,3
27675,421,3
27676,417,3
27677,428,3
27678,428,3
27679,440,3
27680,446,3
27681,443,3
27682,441,3
27683,417,3
27684,432,3
27685,417,3
27686,432,3
27687,423,3
27688,432,3
27689,448,3
27690,418,3
27691,403,3
27692,395,3
27693,403,3
27694,425,3
27695,416,3
27696,411,3
27697,412,3
27698,414,3
27699,385,3
27700,517,3
27701,503,3
27702,519,3
27703,496,3
27704,507,3
27705,507,3
27706,523,3
27707,510,3
27708,519,3
27709,513,3
27710,512,3
27711,501,3
27712,516,3
27713,499,3
27714,481,3
27715,498,3
27716,506,3
27717,480,3
27718,488,3
27719,483,3
27720,506,3
27721,516,3
27722,492,3
27723,500,3
27724,499,3
27725,510,3
27726,483,3
27727,487,3
27728,485,3
27729,489,3
27730,517,3
27731,487,3
27732,475,3
27733,470,3
27734,498,3
27735,472,3
27736,490,3
27737,472,3
27738,465,3
27739,486,3
27740,470,3
27741,482,3
27742,482,3
27743,482,3
27744,471,3
27745,481,3
27746,461,3
27747,442,3
27748,479,3
27749,472,3
27750,461,3
27751,450,3
27752,442,3
27753,466,3
27754,485,3
27755,462,3
27756,459,3
27757,462,3
27758,487,3
27759,469,3
27760,448,3
27761,459,3
27762,461,3
27763,444,3
27764,465,3
27765,445,3
27766,436,3
27767,454,3
27768,451,3
27769,451,3
27770,441,3
27771,442,3
27772,462,3
27773,453,3
27774,435,3
27775,422,3
27776,434,3
27777,445,3
27778,435,3
27779,433,3
27780,434,3
27781,439,3
27782,448,3
27783,438,3
27784,438,3
27785,434,3
27786,429,3
27787,445,3
27788,442,3
27789,457,3
27790,439,3
27791,425,3
27792,419,3
27793,440,3
27794,418,3
27795,437,3
27796,417,3
27797,429,3
27798,411,3
27799,433,3
27800,551,3
27801,549,3
27802,548,3
27803,543,3
27804,527,3
27805,558,3
27806,538,3
27807,537,3
27808,554,3
27809,526,3
27810,535,3
27811,536,3
27812,531,3
27813,536,3
27814,524,3
27815,530,3
27816,531,3
27817,545,3
27818,547,3
27819,528,3
27820,540,3
27821,516,3
27822,550,3
27823,520,3
27824,521,3
27825,527,3
27826,530,3
27827,517,3
27828,493,3
27829,524,3
27830,505,3
27831,524,3
27832,523,3
27833,515,3
27834,523,3
27835,505,3
27836,526,3
27837,511,3
27838,506,3
27839,520,3
27840,498,3
27841,480,3
27842,489,3
27843,520,3
27844,505,3
27845,503,3
27846,511,3
27847,502,3
27848,495,3
27849,492,3
27850,482,3
27851,482,3
27852,496,3
27853,491,3
27854,498,3
27855,490,3
27856,477,3
27857,492,3
27858,490,3
27859,487,3
27860,488,3
27861,509,3
27862,470,3
27863,472,3
27864,462,3
27865,482,3
27866,457,3
27867,482,3
27868,478,3
27869,470,3
27870,482,3
27871,479,3
27872,494,3
27873,481,3
27874,472,3
27875,444,3
27876,482,3
27877,481,3
27878,484,3
27879,440,3
27880,469,3
27881,473,3
27882,479,3
27883,471,3
27884,463,3
27885,449,3
27886,459,3
27887,464,3
27888,468,3
27889,439,3
27890,460,3
27891,438,3
27892,458,3
27893,440,3
27894,436,3
27895,474,3
27896,434,3
27897,442,3
27898,449,3
27899,423,3
27900,517,3
27901,517,3
27902,523,3
27903,516,3
27904,526,3
27905,520,3
27906,508,3
27907,489,3
27908,528,3
27909,500,3
27910,511,3
27911,482,3
27912,503,3
27913,503,3
27914,502,3
27915,535,3
27916,489,3
27917,505,3
27918,500,3
27919,484,3
27920,500,3
27921,487,3
27922,498,3
27923,509,3
27924,486,3
27925,479,3
27926,493,3
27927,496,3
27928,467,3
27929,471,3
27930,482,3
27931,471,3
27932,460,3
27933,476,3
27934,476,3
27935,462,3
27936,466,3
27937,456,3
27938,448,3
27939,454,3
27940,459,3
27941,439,3
27942,450,3
27943,455,3
27944,466,3
27945,447,3
27946,434,3
27947,445,3
27948,439,3
27949,451,3
27950,438,3
27951,408,3
27952,484,3
27953,439,3
27954,437,3
27955,416,3
27956,415,3
27957,430,3
27958,434,3
27959,436,3
27960,429,3
27961,411,3
27962,393,3
27963,420,3
27964,414,3
27965,403,3
27966,427,3
27967,396,3
27968,421,3
27969,395,3
27970,412,3
27971,420,3
27972,403,3
27973,426,3
27974,427,3
27975,405,3
27976,407,3
27977,412,3
27978,404,3
27979,401,3
27980,388,3
27981,373,3
27982,375,3
27983,418,3
27984,392,3
27985,384,3
27986,400,3
27987,374,3
27988,389,3
27989,381,3
27990,384,3
27991,373,3
27992,364,3
27993,364,3
27994,363,3
27995,370,3
27996,350,3
27997,352,3
27998,367,3
27999,363,3
28000,532,3
28001,513,3
28002,543,3
28003,531,3
28004,528,3
28005,533,3
28006,521,3
28007,513,3
28008,522,3
28009,523,3
28010,519,3
28011,522,3
28012,512,3
28013,497,3
28014,499,3
28015,521,3
28016,504,3
28017,488,3
28018,485,3
28019,482,3
28020,506,3
28021,498,3
28022,515,3
28023,498,3
28024,496,3
28025,511,3
28026,474,3
28027,465,3
28028,488,3
28029,477,3
28030,482,3
28031,491,3
28032,484,3
28033,491,3
28034,460,3
28035,480,3
28036,458,3
28037,485,3
28038,469,3
28039,468,3
28040,453,3
28041,452,3
28042,461,3
28043,476,3
28044,472,3
28045,455,3
28046,444,3
28047,454,3
28048,461,3
28049,446,3
28050,437,3
28051,448,3
28052,436,3
28053,432,3
28054,434,3
28055,441,3
28056,429,3
28057,429,3
28058,429,3
28059,421,3
28060,443,3
28061,444,3
28062,417,3
28063,409,3
28064,411,3
28065,420,3
28066,412,3
28067,396,3
28068,408,3
28069,413,3
28070,418,3
28071,425,3
28072,397,3
28073,393,3
28074,396,3
28075,386,3
28076,387,3
28077,385,3
28078,396,3
28079,380,3
28080,398,3
28081,400,3
28082,371,3
28083,367,3
28084,375,3
28085,374,3
28086,393,3
28087,375,3
28088,379,3
28089,377,3
28090,360,3
28091,365,3
28092,366,3
28093,369,3
28094,346,3
28095,354,3
28096,360,3
28097,352,3
28098,339,3
28099,345,3
28100,550,3
28101,544,3
28102,544,3
28103,541,3
28104,533,3
28105,557,3
28106,546,3
28107,527,3
28108,532,3
28109,528,3
28110,555,3
28111,545,3
28112,534,3
28113,555,3
28114,550,3
28115,529,3
28116,526,3
28117,525,3
28118,517,3
28119,548,3
28120,514,3
28121,535,3
28122,532,3
28123,519,3
28124,543,3
28125,501,3
28126,518,3
28127,512,3
28128,528,3
28129,520,3
28130,493,3
28131,528,3
28132,518,3
28133,498,3
28134,505,3
28135,493,3
28136,505,3
28137,508,3
28138,501,3
28139,498,3
28140,483,3
28141,505,3
28142,477,3
28143,499,3
28144,476,3
28145,497,3
28146,495,3
28147,499,3
28148,503,3
28149,504,3
28150,471,3
28151,489,3
28152,512,3
28153,489,3
28154,476,3
28155,484,3
28156,479,3
28157,468,3
28158,492,3
28159,487,3
28160,463,3
28161,477,3
28162,470,3
28163,456,3
28164,457,3
28165,458,3
28166,471,3
28167,465,3
28168,458,3
28169,464,3
28170,476,3
28171,470,3
28172,477,3
28173,461,3
28174,482,3
28175,465,3
28176,454,3
28177,460,3
28178,443,3
28179,453,3
28180,460,3
28181,461,3
28182,448,3
28183,485,3
28184,449,3
28185,429,3
28186,463,3
28187,454,3
28188,449,3
28189,439,3
28190,448,3
28191,462,3
28192,444,3
28193,422,3
28194,397,3
28195,442,3
28196,425,3
28197,434,3
28198,424,3
28199,422,3
28200,516,3
28201,533,3
28202,530,3
28203,513,3
28204,500,3
28205,528,3
28206,505,3
28207,531,3
28208,519,3
28209,511,3
28210,517,3
28211,487,3
28212,528,3
28213,506,3
28214,510,3
28215,500,3
28216,504,3
28217,524,3
28218,501,3
28219,498,3
28220,510,3
28221,504,3
28222,518,3
28223,474,3
28224,492,3
28225,480,3
28226,510,3
28227,479,3
28228,498,3
28229,477,3
28230,486,3
28231,479,3
28232,489,3
28233,513,3
28234,470,3
28235,473,3
28236,493,3
28237,483,3
28238,468,3
28239,477,3
28240,463,3
28241,474,3
28242,468,3
28243,482,3
28244,485,3
28245,444,3
28246,476,3
28247,447,3
28248,473,3
28249,491,3
28250,467,3
28251,473,3
28252,478,3
28253,477,3
28254,477,3
28255,471,3
28256,456,3
28257,472,3
28258,481,3
28259,468,3
28260,463,3
28261,440,3
28262,446,3
28263,449,3
28264,444,3
28265,454,3
28266,444,3
28267,464,3
28268,448,3
28269,438,3
28270,440,3
28271,451,3
28272,445,3
28273,448,3
28274,444,3
28275,466,3
28276,455,3
28277,433,3
28278,419,3
28279,437,3
28280,427,3
28281,419,3
28282,446,3
28283,437,3
28284,450,3
28285,435,3
28286,432,3
28287,418,3
28288,425,3
28289,410,3
28290,443,3
28291,414,3
28292,431,3
28293,424,3
28294,431,3
28295,426,3
28296,408,3
28297,419,3
28298,437,3
28299,411,3
28300,560,3
28301,551,3
28302,536,3
28303,560,3
28304,552,3
28305,567,3
28306,528,3
28307,550,3
28308,545,3
28309,533,3
28310,552,3
28311,538,3
28312,521,3
28313,529,3
28314,517,3
28315,522,3
28316,534,3
28317,536,3
28318,525,3
28319,512,3
28320,524,3
28321,526,3
28322,492,3
28323,516,3
28324,511,3
28325,523,3
28326,514,3
28327,514,3
28328,501,3
28329,505,3
28330,515,3
28331,501,3
28332,502,3
28333,480,3
28334,496,3
28335,471,3
28336,488,3
28337,493,3
28338,500,3
28339,477,3
28340,492,3
28341,503,3
28342,476,3
28343,464,3
28344,484,3
28345,465,3
28346,468,3
28347,487,3
28348,497,3
28349,461,3
28350,463,3
28351,465,3
28352,462,3
28353,490,3
28354,459,3
28355,459,3
28356,481,3
28357,467,3
28358,470,3
28359,446,3
28360,449,3
28361,441,3
28362,462,3
28363,465,3
28364,442,3
28365,443,3
28366,442,3
28367,426,3
28368,435,3
28369,450,3
28370,429,3
28371,439,3
28372,421,3
28373,433,3
28374,426,3
28375,417,3
28376,439,3
28377,438,3
28378,415,3
28379,422,3
28380,424,3
28381,400,3
28382,404,3
28383,434,3
28384,404,3
28385,431,3
28386,398,3
28387,420,3
28388,407,3
28389,407,3
28390,430,3
28391,391,3
28392,411,3
28393,409,3
28394,441,3
28395,387,3
28396,390,3
28397,406,3
28398,392,3
28399,388,3
28400,587,3
28401,561,3
28402,563,3
28403,561,3
28404,571,3
28405,577,3
28406,547,3
28407,549,3
28408,556,3
28409,565,3
28410,545,3
28411,550,3
28412,545,3
28413,561,3
28414,549,3
28415,539,3
28416,532,3
28417,540,3
28418,540,3
28419,551,3
28420,552,3
28421,524,3
28422,548,3
28423,543,3
28424,526,3
28425,540,3
28426,520,3
28427,532,3
28428,555,3
28429,527,3
28430,518,3
28431,505,3
28432,520,3
28433,529,3
28434,507,3
28435,520,3
28436,509,3
28437,506,3
28438,515,3
28439,484,3
28440,503,3
28441,515,3
28442,500,3
28443,500,3
28444,497,3
28445,520,3
28446,500,3
28447,478,3
28448,481,3
28449,491,3
28450,503,3
28451,494,3
28452,497,3
28453,469,3
28454,489,3
28455,471,3
28456,476,3
28457,486,3
28458,467,3
28459,455,3
28460,466,3
28461,471,3
28462,476,3
28463,455,3
28464,457,3
28465,465,3
28466,467,3
28467,461,3
28468,455,3
28469,447,3
28470,464,3
28471,467,3
28472,443,3
28473,443,3
28474,455,3
28475,447,3
28476,450,3
28477,445,3
28478,445,3
28479,433,3
28480,413,3
28481,437,3
28482,441,3
28483,435,3
28484,421,3
28485,421,3
28486,456,3
28487,429,3
28488,395,3
28489,414,3
28490,417,3
28491,403,3
28492,414,3
28493,408,3
28494,415,3
28495,407,3
28496,401,3
28497,403,3
28498,416,3
28499,405,3
28500,550,3
28501,568,3
28502,589,3
28503,543,3
28504,548,3
28505,572,3
28506,555,3
28507,569,3
28508,550,3
28509,561,3
28510,579,3
28511,543,3
28512,568,3
28513,563,3
28514,536,3
28515,559,3
28516,553,3
28517,552,3
28518,554,3
28519,544,3
28520,548,3
28521,549,3
28522,554,3
28523,526,3
28524,559,3
28525,528,3
28526,550,3
28527,541,3
28528,524,3
28529,544,3
28530,525,3
28531,549,3
28532,526,3
28533,516,3
28534,551,3
28535,534,3
28536,541,3
28537,519,3
28538,506,3
28539,547,3
28540,526,3
28541,531,3
28542,532,3
28543,519,3
28544,525,3
28545,540,3
28546,519,3
28547,530,3
28548,494,3
28549,530,3
28550,497,3
28551,527,3
28552,518,3
28553,511,3
28554,510,3
28555,507,3
28556,499,3
28557,506,3
28558,534,3
28559,522,3
28560,495,3
28561,507,3
28562,504,3
28563,500,3
28564,489,3
28565,505,3
28566,509,3
28567,488,3
28568,520,3
28569,514,3
28570,501,3
28571,479,3
28572,497,3
28573,495,3
28574,496,3
28575,508,3
28576,486,3
28577,512,3
28578,491,3
28579,481,3
28580,513,3
28581,493,3
28582,476,3
28583,482,3
28584,487,3
28585,477,3
28586,479,3
28587,467,3
28588,455,3
28589,476,3
28590,475,3
28591,479,3
28592,464,3
28593,454,3
28594,457,3
28595,481,3
28596,459,3
28597,461,3
28598,461,3
28599,456,3
28600,584,3
28601,557,3
28602,583,3
28603,582,3
28604,575,3
28605,598,3
28606,584,3
28607,563,3
28608,553,3
28609,559,3
28610,559,3
28611,543,3
28612,570,3
28613,547,3
28614,565,3
28615,573,3
28616,577,3
28617,557,3
28618,550,3
28619,574,3
28620,575,3
28621,564,3
28622,547,3
28623,538,3
28624,567,3
28625,552,3
28626,566,3
28627,543,3
28628,563,3
28629,566,3
28630,545,3
28631,551,3
28632,532,3
28633,531,3
28634,548,3
28635,537,3
28636,545,3
28637,543,3
28638,548,3
28639,546,3
28640,550,3
28641,541,3
28642,541,3
28643,536,3
28644,548,3
28645,556,3
28646,542,3
28647,538,3
28648,529,3
28649,534,3
28650,525,3
28651,521,3
28652,526,3
28653,549,3
28654,525,3
28655,545,3
28656,513,3
28657,525,3
28658,531,3
28659,531,3
28660,508,3
28661,505,3
28662,526,3
28663,511,3
28664,525,3
28665,533,3
28666,507,3
28667,508,3
28668,489,3
28669,522,3
28670,537,3
28671,496,3
28672,525,3
28673,525,3
28674,517,3
28675,500,3
28676,503,3
28677,512,3
28678,511,3
28679,500,3
28680,508,3
28681,497,3
28682,499,3
28683,497,3
28684,512,3
28685,481,3
28686,505,3
28687,501,3
28688,468,3
28689,505,3
28690,505,3
28691,488,3
28692,498,3
28693,494,3
28694,517,3
28695,495,3
28696,489,3
28697,500,3
28698,506,3
28699,510,3
28700,569,3
28701,556,3
28702,564,3
28703,555,3
28704,557,3
28705,552,3
28706,555,3
28707,563,3
28708,535,3
28709,531,3
28710,553,3
28711,565,3
28712,567,3
28713,531,3
28714,540,3
28715,526,3
28716,536,3
28717,555,3
28718,541,3
28719,535,3
28720,545,3
28721,528,3
28722,556,3
28723,536,3
28724,530,3
28725,541,3
28726,544,3
28727,551,3
28728,529,3
28729,543,3
28730,530,3
28731,521,3
28732,518,3
28733,513,3
28734,516,3
28735,538,3
28736,532,3
28737,508,3
28738,501,3
28739,507,3
28740,510,3
28741,515,3
28742,532,3
28743,510,3
28744,536,3
28745,495,3
28746,510,3
28747,522,3
28748,522,3
28749,507,3
28750,522,3
28751,519,3
28752,500,3
28753,511,3
28754,515,3
28755,498,3
28756,525,3
28757,493,3
28758,504,3
28759,487,3
28760,502,3
28761,487,3
28762,495,3
28763,479,3
28764,506,3
28765,500,3
28766,508,3
28767,490,3
28768,507,3
28769,492,3
28770,492,3
28771,515,3
28772,483,3
28773,503,3
28774,493,3
28775,479,3
28776,470,3
28777,472,3
28778,497,3
28779,503,3
28780,483,3
28781,482,3
28782,489,3
28783,479,3
28784,491,3
28785,480,3
28786,477,3
28787,466,3
28788,462,3
28789,435,3
28790,487,3
28791,469,3
28792,465,3
28793,446,3
28794,460,3
28795,458,3
28796,457,3
28797,469,3
28798,466,3
28799,447,3
28800,503,3
28801,519,3
28802,513,3
28803,503,3
28804,505,3
28805,499,3
28806,518,3
28807,507,3
28808,499,3
28809,505,3
28810,521,3
28811,490,3
28812,507,3
28813,501,3
28814,492,3
28815,485,3
28816,503,3
28817,496,3
28818,509,3
28819,504,3
28820,493,3
28821,480,3
28822,512,3
28823,479,3
28824,496,3
28825,463,3
28826,503,3
28827,458,3
28828,478,3
28829,468,3
28830,497,3
28831,470,3
28832,484,3
28833,480,3
28834,459,3
28835,488,3
28836,474,3
28837,492,3
28838,480,3
28839,462,3
28840,468,3
28841,467,3
28842,478,3
28843,477,3
28844,459,3
28845,477,3
28846,470,3
28847,472,3
28848,469,3
28849,472,3
28850,450,3
28851,463,3
28852,472,3
28853,472,3
28854,471,3
28855,446,3
28856,481,3
28857,476,3
28858,443,3
28859,449,3
28860,460,3
28861,442,3
28862,457,3
28863,452,3
28864,464,3
28865,452,3
28866,422,3
28867,456,3
28868,459,3
28869,443,3
28870,444,3
28871,443,3
28872,434,3
28873,469,3
28874,429,3
28875,449,3
28876,448,3
28877,431,3
28878,424,3
28879,433,3
28880,442,3
28881,436,3
28882,453,3
28883,423,3
28884,423,3
28885,439,3
28886,408,3
28887,420,3
28888,424,3
28889,425,3
28890,418,3
28891,401,3
28892,439,3
28893,437,3
28894,400,3
28895,427,3
28896,417,3
28897,424,3
28898,420,3
28899,398,3
28900,558,3
28901,572,3
28902,564,3
28903,553,3
28904,557,3
28905,544,3
28906,546,3
28907,549,3
28908,558,3
28909,535,3
28910,550,3
28911,544,3
28912,537,3
28913,542,3
28914,518,3
28915,536,3
28916,531,3
28917,540,3
28918,515,3
28919,544,3
28920,552,3
28921,539,3
28922,545,3
28923,532,3
28924,519,3
28925,537,3
28926,544,3
28927,519,3
28928,529,3
28929,531,3
28930,567,3
28931,535,3
28932,508,3
28933,505,3
28934,538,3
28935,559,3
28936,525,3
28937,523,3
28938,531,3
28939,516,3
28940,494,3
28941,536,3
28942,516,3
28943,535,3
28944,512,3
28945,522,3
28946,530,3
28947,532,3
28948,521,3
28949,519,3
28950,524,3
28951,521,3
28952,499,3
28953,499,3
28954,488,3
28955,521,3
28956,507,3
28957,520,3
28958,515,3
28959,497,3
28960,507,3
28961,502,3
28962,499,3
28963,517,3
28964,535,3
28965,517,3
28966,503,3
28967,518,3
28968,522,3
28969,484,3
28970,515,3
28971,508,3
28972,513,3
28973,507,3
28974,494,3
28975,520,3
28976,499,3
28977,489,3
28978,499,3
28979,504,3
28980,493,3
28981,496,3
28982,491,3
28983,481,3
28984,479,3
28985,471,3
28986,505,3
28987,483,3
28988,444,3
28989,489,3
28990,488,3
28991,460,3
28992,472,3
28993,471,3
28994,471,3
28995,494,3
28996,477,3
28997,473,3
28998,490,3
28999,482,3
29000,564,3
29001,566,3
29002,571,3
29003,596,3
29004,553,3
29005,574,3
29006,549,3
29007,549,3
29008,554,3
29009,564,3
29010,550,3
29011,557,3
29012,545,3
29013,553,3
29014,535,3
29015,534,3
29016,541,3
29017,553,3
29018,547,3
29019,533,3
29020,528,3
29021,552,3
29022,554,3
29023,543,3
29024,539,3
29025,508,3
29026,539,3
29027,549,3
29028,541,3
29029,539,3
29030,506,3
29031,515,3
29032,521,3
29033,512,3
29034,505,3
29035,523,3
29036,528,3
29037,498,3
29038,525,3
29039,514,3
29040,529,3
29041,518,3
29042,508,3
29043,507,3
29044,504,3
29045,524,3
29046,508,3
29047,495,3
29048,504,3
29049,501,3
29050,489,3
29051,483,3
29052,505,3
29053,486,3
29054,484,3
29055,493,3
29056,479,3
29057,486,3
29058,477,3
29059,449,3
29060,483,3
29061,480,3
29062,480,3
29063,449,3
29064,456,3
29065,485,3
29066,470,3
29067,445,3
29068,467,3
29069,446,3
29070,456,3
29071,464,3
29072,463,3
29073,470,3
29074,462,3
29075,462,3
29076,449,3
29077,442,3
29078,451,3
29079,461,3
29080,457,3
29081,443,3
29082,444,3
29083,432,3
29084,455,3
29085,459,3
29086,443,3
29087,417,3
29088,443,3
29089,453,3
29090,418,3
29091,440,3
29092,426,3
29093,442,3
29094,412,3
29095,419,3
29096,404,3
29097,425,3
29098,426,3
29099,422,3
29100,509,3
29101,495,3
29102,513,3
29103,500,3
29104,524,3
29105,501,3
29106,532,3
29107,513,3
29108,513,3
29109,487,3
29110,512,3
29111,508,3
29112,493,3
29113,508,3
29114,501,3
29115,503,3
29116,505,3
29117,498,3
29118,505,3
29119,500,3
29120,506,3
29121,493,3
29122,486,3
29123,489,3
29124,514,3
29125,507,3
29126,509,3
29127,509,3
29128,487,3
29129,495,3
29130,492,3
29131,498,3
29132,485,3
29133,489,3
29134,488,3
29135,492,3
29136,493,3
29137,485,3
29138,484,3
29139,485,3
29140,501,3
29141,459,3
29142,467,3
29143,486,3
29144,480,3
29145,479,3
29146,483,3
29147,477,3
29148,467,3
29149,480,3
29150,472,3
29151,465,3
29152,478,3
29153,476,3
29154,470,3
29155,487,3
29156,481,3
29157,477,3
29158,494,3
29159,461,3
29160,456,3
29161,471,3
29162,457,3
29163,459,3
29164,446,3
29165,464,3
29166,438,3
29167,454,3
29168,454,3
29169,448,3
29170,431,3
29171,430,3
29172,441,3
29173,455,3
29174,452,3
29175,447,3
29176,435,3
29177,449,3
29178,423,3
29179,414,3
29180,439,3
29181,435,3
29182,452,3
29183,441,3
29184,458,3
29185,431,3
29186,442,3
29187,432,3
29188,451,3
29189,431,3
29190,443,3
29191,419,3
29192,426,3
29193,429,3
29194,444,3
29195,401,3
29196,423,3
29197,421,3
29198,400,3
29199,418,3
29200,540,3
29201,531,3
29202,539,3
29203,521,3
29204,536,3
29205,529,3
29206,526,3
29207,527,3
29208,518,3
29209,506,3
29210,511,3
29211,505,3
29212,518,3
29213,527,3
29214,536,3
29215,511,3
29216,514,3
29217,537,3
29218,508,3
29219,504,3
29220,509,3
29221,504,3
29222,500,3
29223,490,3
29224,524,3
29225,511,3
29226,522,3
29227,513,3
29228,500,3
29229,479,3
29230,487,3
29231,492,3
29232,484,3
29233,472,3
29234,482,3
29235,489,3
29236,509,3
29237,481,3
29238,495,3
29239,474,3
29240,482,3
29241,483,3
29242,502,3
29243,449,3
29244,470,3
29245,481,3
29246,482,3
29247,462,3
29248,474,3
29249,474,3
29250,490,3
29251,473,3
29252,468,3
29253,460,3
29254,474,3
29255,463,3
29256,458,3
29257,451,3
29258,458,3
29259,469,3
29260,453,3
29261,459,3
29262,450,3
29263,458,3
29264,455,3
29265,444,3
29266,462,3
29267,433,3
29268,463,3
29269,452,3
29270,454,3
29271,426,3
29272,443,3
29273,461,3
29274,440,3
29275,442,3
29276,425,3
29277,420,3
29278,439,3
29279,427,3
29280,427,3
29281,433,3
29282,440,3
29283,436,3
29284,430,3
29285,438,3
29286,439,3
29287,423,3
29288,444,3
29289,409,3
29290,403,3
29291,436,3
29292,410,3
29293,385,3
29294,412,3
29295,429,3
29296,410,3
29297,391,3
29298,407,3
29299,407,3
29300,521,3
29301,504,3
29302,506,3
29303,506,3
29304,510,3
29305,513,3
29306,516,3
29307,532,3
29308,505,3
29309,512,3
29310,483,3
29311,496,3
29312,496,3
29313,486,3
29314,491,3
29315,495,3
29316,489,3
29317,525,3
29318,499,3
29319,515,3
29320,508,3
29321,481,3
29322,488,3
29323,482,3
29324,484,3
29325,473,3
29326,478,3
29327,487,3
29328,485,3
29329,483,3
29330,478,3
29331,488,3
29332,474,3
29333,492,3
29334,452,3
29335,481,3
29336,478,3
29337,463,3
29338,466,3
29339,474,3
29340,479,3
29341,446,3
29342,473,3
29343,459,3
29344,477,3
29345,440,3
29346,490,3
29347,449,3
29348,476,3
29349,457,3
29350,447,3
29351,458,3
29352,466,3
29353,434,3
29354,460,3
29355,451,3
29356,456,3
29357,449,3
29358,440,3
29359,433,3
29360,453,3
29361,452,3
29362,451,3
29363,447,3
29364,452,3
29365,456,3
29366,416,3
29367,409,3
29368,457,3
29369,419,3
29370,421,3
29371,429,3
29372,412,3
29373,426,3
29374,418,3
29375,425,3
29376,430,3
29377,422,3
29378,420,3
29379,427,3
29380,435,3
29381,440,3
29382,417,3
29383,441,3
29384,428,3
29385,402,3
29386,400,3
29387,407,3
29388,431,3
29389,406,3
29390,388,3
29391,407,3
29392,385,3
29393,395,3
29394,399,3
29395,407,3
29396,416,3
29397,411,3
29398,388,3
29399,396,3
29400,480,3
29401,497,3
29402,505,3
29403,487,3
29404,528,3
29405,491,3
29406,489,3
29407,489,3
29408,502,3
29409,505,3
29410,487,3
29411,495,3
29412,494,3
29413,471,3
29414,485,3
29415,478,3
29416,465,3
29417,485,3
29418,493,3
29419,480,3
29420,447,3
29421,471,3
29422,464,3
29423,495,3
29424,468,3
29425,451,3
29426,469,3
29427,475,3
29428,468,3
29429,455,3
29430,458,3
29431,471,3
29432,462,3
29433,483,3
29434,459,3
29435,438,3
29436,452,3
29437,447,3
29438,433,3
29439,452,3
29440,444,3
29441,449,3
29442,468,3
29443,443,3
29444,455,3
29445,439,3
29446,445,3
29447,440,3
29448,441,3
29449,434,3
29450,452,3
29451,441,3
29452,433,3
29453,441,3
29454,430,3
29455,441,3
29456,412,3
29457,450,3
29458,425,3
29459,408,3
29460,429,3
29461,434,3
29462,405,3
29463,410,3
29464,426,3
29465,419,3
29466,406,3
29467,407,3
29468,393,3
29469,395,3
29470,385,3
29471,400,3
29472,411,3
29473,398,3
29474,413,3
29475,390,3
29476,379,3
29477,409,3
29478,398,3
29479,407,3
29480,387,3
29481,408,3
29482,375,3
29483,383,3
29484,390,3
29485,378,3
29486,385,3
29487,396,3
29488,384,3
29489,376,3
29490,391,3
29491,381,3
29492,373,3
29493,371,3
29494,366,3
29495,379,3
29496,378,3
29497,381,3
29498,370,3
29499,357,3
29500,537,3
29501,516,3
29502,512,3
29503,498,3
29504,486,3
29505,504,3
29506,516,3
29507,498,3
29508,505,3
29509,516,3
29510,514,3
29511,501,3
29512,496,3
29513,475,3
29514,484,3
29515,486,3
29516,478,3
29517,490,3
29518,508,3
29519,502,3
29520,485,3
29521,490,3
29522,470,3
29523,495,3
29524,457,3
29525,485,3
29526,479,3
29527,462,3
29528,467,3
29529,455,3
29530,453,3
29531,446,3
29532,473,3
29533,476,3
29534,434,3
29535,481,3
29536,457,3
29537,459,3
29538,437,3
29539,469,3
29540,454,3
29541,463,3
29542,463,3
29543,463,3
29544,437,3
29545,441,3
29546,435,3
29547,451,3
29548,443,3
29549,450,3
29550,449,3
29551,413,3
29552,449,3
29553,443,3
29554,425,3
29555,432,3
29556,425,3
29557,432,3
29558,419,3
29559,428,3
29560,421,3
29561,414,3
29562,420,3
29563,448,3
29564,406,3
29565,410,3
29566,403,3
29567,403,3
29568,418,3
29569,415,3
29570,405,3
29571,416,3
29572,411,3
29573,398,3
29574,380,3
29575,407,3
29576,398,3
29577,394,3
29578,387,3
29579,400,3
29580,394,3
29581,385,3
29582,372,3
29583,398,3
29584,391,3
29585,385,3
29586,348,3
29587,378,3
29588,374,3
29589,368,3
29590,383,3
29591,381,3
29592,376,3
29593,382,3
29594,356,3
29595,361,3
29596,366,3
29597,356,3
29598,371,3
29599,354,3
29600,543,3
29601,529,3
29602,541,3
29603,523,3
29604,510,3
29605,516,3
29606,519,3
29607,481,3
29608,534,3
29609,514,3
29610,525,3
29611,514,3
29612,492,3
29613,510,3
29614,506,3
29615,498,3
29616,500,3
29617,504,3
29618,472,3
29619,504,3
29620,506,3
29621,503,3
29622,492,3
29623,518,3
29624,499,3
29625,486,3
29626,475,3
29627,472,3
29628,491,3
29629,494,3
29630,485,3
29631,481,3
29632,476,3
29633,485,3
29634,468,3
29635,475,3
29636,475,3
29637,480,3
29638,461,3
29639,458,3
29640,469,3
29641,469,3
29642,465,3
29643,431,3
29644,466,3
29645,491,3
29646,470,3
29647,434,3
29648,451,3
29649,452,3
29650,449,3
29651,436,3
29652,439,3
29653,459,3
29654,456,3
29655,444,3
29656,455,3
29657,434,3
29658,436,3
29659,435,3
29660,419,3
29661,433,3
29662,454,3
29663,451,3
29664,433,3
29665,427,3
29666,449,3
29667,424,3
29668,419,3
29669,435,3
29670,402,3
29671,419,3
29672,418,3
29673,424,3
29674,409,3
29675,412,3
29676,414,3
29677,408,3
29678,408,3
29679,418,3
29680,414,3
29681,412,3
29682,384,3
29683,407,3
29684,391,3
29685,423,3
29686,398,3
29687,394,3
29688,413,3
29689,408,3
29690,389,3
29691,376,3
29692,367,3
29693,374,3
29694,389,3
29695,382,3
29696,371,3
29697,376,3
29698,400,3
29699,391,3
29700,535,3
29701,551,3
29702,518,3
29703,539,3
29704,523,3
29705,524,3
29706,534,3
29707,522,3
29708,517,3
29709,515,3
29710,496,3
29711,527,3
29712,505,3
29713,537,3
29714,510,3
29715,528,3
29716,489,3
29717,518,3
29718,519,3
29719,522,3
29720,486,3
29721,495,3
29722,508,3
29723,502,3
29724,502,3
29725,493,3
29726,514,3
29727,525,3
29728,494,3
29729,496,3
29730,490,3
29731,503,3
29732,496,3
29733,472,3
29734,476,3
29735,470,3
29736,513,3
29737,487,3
29738,470,3
29739,468,3
29740,484,3
29741,484,3
29742,481,3
29743,465,3
29744,472,3
29745,468,3
29746,454,3
29747,453,3
29748,467,3
29749,463,3
29750,466,3
29751,467,3
29752,474,3
29753,446,3
29754,461,3
29755,461,3
29756,447,3
29757,450,3
29758,444,3
29759,471,3
29760,446,3
29761,448,3
29762,438,3
29763,434,3
29764,423,3
29765,450,3
29766,445,3
29767,430,3
29768,422,3
29769,433,3
29770,423,3
29771,425,3
29772,411,3
29773,427,3
29774,426,3
29775,435,3
29776,418,3
29777,415,3
29778,399,3
29779,429,3
29780,425,3
29781,413,3
29782,395,3
29783,395,3
29784,402,3
29785,418,3
29786,409,3
29787,386,3
29788,407,3
29789,391,3
29790,393,3
29791,409,3
29792,405,3
29793,408,3
29794,393,3
29795,402,3
29796,383,3
29797,386,3
29798,383,3
29799,386,3
29800,522,3
29801,551,3
29802,535,3
29803,555,3
29804,554,3
29805,546,3
29806,515,3
29807,546,3
29808,527,3
29809,524,3
29810,521,3
29811,521,3
29812,529,3
29813,551,3
29814,503,3
29815,545,3
29816,538,3
29817,517,3
29818,512,3
29819,501,3
29820,505,3
29821,508,3
29822,513,3
29823,513,3
29824,521,3
29825,519,3
29826,513,3
29827,509,3
29828,522,3
29829,517,3
29830,512,3
29831,501,3
29832,518,3
29833,513,3
29834,500,3
29835,478,3
29836,502,3
29837,491,3
29838,507,3
29839,500,3
29840,476,3
29841,499,3
29842,515,3
29843,492,3
29844,492,3
29845,487,3
29846,491,3
29847,508,3
29848,501,3
29849,481,3
29850,486,3
29851,486,3
29852,490,3
29853,489,3
29854,482,3
29855,467,3
29856,479,3
29857,475,3
29858,468,3
29859,487,3
29860,477,3
29861,463,3
29862,499,3
29863,479,3
29864,482,3
29865,484,3
29866,466,3
29867,476,3
29868,446,3
29869,479,3
29870,466,3
29871,472,3
29872,464,3
29873,486,3
29874,478,3
29875,431,3
29876,468,3
29877,457,3
29878,466,3
29879,465,3
29880,448,3
29881,455,3
29882,443,3
29883,472,3
29884,457,3
29885,457,3
29886,455,3
29887,437,3
29888,457,3
29889,469,3
29890,428,3
29891,447,3
29892,454,3
29893,435,3
29894,452,3
29895,443,3
29896,433,3
29897,410,3
29898,438,3
29899,437,3
29900,563,3
29901,519,3
29902,544,3
29903,539,3
29904,540,3
29905,534,3
29906,520,3
29907,553,3
29908,546,3
29909,530,3
29910,523,3
29911,520,3
29912,495,3
29913,529,3
29914,532,3
29915,523,3
29916,519,3
29917,520,3
29918,506,3
29919,509,3
29920,511,3
29921,520,3
29922,526,3
29923,505,3
29924,494,3
29925,505,3
29926,527,3
29927,490,3
29928,511,3
29929,515,3
29930,493,3
29931,487,3
29932,501,3
29933,496,3
29934,499,3
29935,514,3
29936,489,3
29937,471,3
29938,485,3
29939,485,3
29940,496,3
29941,477,3
29942,472,3
29943,459,3
29944,481,3
29945,513,3
29946,468,3
29947,475,3
29948,461,3
29949,451,3
29950,470,3
29951,463,3
29952,433,3
29953,479,3
29954,463,3
29955,457,3
29956,450,3
29957,458,3
29958,457,3
29959,455,3
29960,461,3
29961,462,3
29962,469,3
29963,433,3
29964,435,3
29965,444,3
29966,429,3
29967,429,3
29968,441,3
29969,444,3
29970,447,3
29971,428,3
29972,434,3
29973,430,3
29974,426,3
29975,414,3
29976,411,3
29977,429,3
29978,409,3
29979,396,3
29980,415,3
29981,432,3
29982,379,3
29983,407,3
29984,417,3
29985,386,3
29986,403,3
29987,391,3
29988,391,3
29989,396,3
29990,386,3
29991,383,3
29992,396,3
29993,421,3
29994,402,3
29995,403,3
29996,399,3
29997,380,3
29998,390,3
29999,398,3
30000,435,4
30001,427,4
30002,431,4
30003,455,4
30004,435,4
30005,421,4
30006,424,4
30007,412,4
30008,453,4
30009,444,4
30010,426,4
30011,451,4
30012,433,4
30013,420,4
30014,436,4
30015,430,4
30016,435,4
30017,409,4
30018,415,4
30019,443,4
30020,445,4
30021,442,4
30022,452,4
30023,432,4
30024,431,4
30025,414,4
30026,418,4
30027,401,4
30028,421,4
30029,400,4
30030,438,4
30031,430,4
30032,401,4
30033,423,4
30034,449,4
30035,423,4
30036,413,4
30037,404,4
30038,404,4
30039,431,4
30040,191,4
30041,192,4
30042,192,4
30043,195,4
30044,182,4
30045,200,4
30046,180,4
30047,188,4
30048,209,4
30049,201,4
30050,205,4
30051,223,4
30052,196,4
30053,197,4
30054,194,4
30055,191,4
30056,185,4
30057,198,4
30058,201,4
30059,202,4
30060,197,4
30061,208,4
30062,197,4
30063,192,4
30064,186,4
30065,178,4
30066,443,4
30067,417,4
30068,414,4
30069,420,4
30070,422,4
30071,445,4
30072,421,4
30073,457,4
30074,426,4
30075,450,4
30076,436,4
30077,429,4
30078,444,4
30079,438,4
30080,433,4
30081,453,4
30082,419,4
30083,413,4
30084,417,4
30085,446,4
30086,442,4
30087,419,4
30088,397,4
30089,423,4
30090,413,4
30091,419,4
30092,412,4
30093,406,4
30094,448,4
30095,417,4
30096,442,4
30097,422,4
30098,411,4
30099,431,4
30100,415,4
30101,410,4
30102,429,4
30103,446,4
30104,428,4
30105,421,4
30106,416,4
30107,407,4
30108,428,4
30109,406,4
30110,436,4
30111,433,4
30112,422,4
30113,433,4
30114,427,4
30115,433,4
30116,436,4
30117,422,4
30118,409,4
30119,452,4
30120,422,4
30121,420,4
30122,430,4
30123,423,4
30124,410,4
30125,411,4
30126,414,4
30127,429,4
30128,417,4
30129,436,4
30130,423,4
30131,424,4
30132,426,4
30133,413,4
30134,440,4
30135,429,4
30136,423,4
30137,419,4
30138,418,4
30139,411,4
30140,409,4
30141,409,4
30142,438,4
30143,416,4
30144,412,4
30145,440,4
30146,426,4
30147,411,4
30148,432,4
30149,442,4
30150,208,4
30151,202,4
30152,206,4
30153,214,4
30154,221,4
30155,189,4
30156,200,4
30157,207,4
30158,202,4
30159,206,4
30160,227,4
30161,197,4
30162,183,4
30163,222,4
30164,221,4
30165,207,4
30166,194,4
30167,210,4
30168,200,4
30169,196,4
30170,192,4
30171,200,4
30172,207,4
30173,202,4
30174,211,4
30175,197,4
30176,195,4
30177,430,4
30178,426,4
30179,443,4
30180,421,4
30181,419,4
30182,423,4
30183,420,4
30184,417,4
30185,405,4
30186,411,4
30187,424,4
30188,409,4
30189,432,4
30190,429,4
30191,417,4
30192,424,4
30193,423,4
30194,403,4
30195,430,4
30196,418,4
30197,413,4
30198,433,4
30199,428,4
30200,428,4
30201,400,4
30202,412,4
30203,426,4
30204,415,4
30205,430,4
30206,414,4
30207,425,4
30208,405,4
30209,435,4
30210,430,4
30211,431,4
30212,424,4
30213,417,4
30214,444,4
30215,445,4
30216,424,4
30217,418,4
30218,404,4
30219,428,4
30220,417,4
30221,419,4
30222,437,4
30223,413,4
30224,448,4
30225,413,4
30226,400,4
30227,417,4
30228,429,4
30229,427,4
30230,427,4
30231,422,4
30232,419,4
30233,410,4
30234,427,4
30235,438,4
30236,425,4
30237,416,4
30238,427,4
30239,443,4
30240,423,4
30241,410,4
30242,428,4
30243,432,4
30244,435,4
30245,433,4
30246,427,4
30247,415,4
30248,413,4
30249,421,4
30250,432,4
30251,417,4
30252,419,4
30253,414,4
30254,444,4
30255,422,4
30256,236,4
30257,247,4
30258,217,4
30259,237,4
30260,227,4
30261,245,4
30262,218,4
30263,231,4
30264,236,4
30265,220,4
30266,225,4
30267,226,4
30268,241,4
30269,255,4
30270,247,4
30271,245,4
30272,375,4
30273,427,4
30274,426,4
30275,435,4
30276,408,4
30277,434,4
30278,400,4
30279,437,4
30280,405,4
30281,440,4
30282,439,4
30283,421,4
30284,430,4
30285,425,4
30286,407,4
30287,432,4
30288,439,4
30289,421,4
30290,433,4
30291,414,4
30292,436,4
30293,425,4
30294,425,4
30295,431,4
30296,443,4
30297,431,4
30298,412,4
30299,416,4
30300,411,4
30301,429,4
30302,436,4
30303,419,4
30304,449,4
30305,416,4
30306,427,4
30307,400,4
30308,421,4
30309,423,4
30310,420,4
30311,416,4
30312,419,4
30313,433,4
30314,402,4
30315,403,4
30316,419,4
30317,424,4
30318,416,4
30319,426,4
30320,432,4
30321,437,4
30322,441,4
30323,409,4
30324,416,4
30325,414,4
30326,437,4
30327,417,4
30328,429,4
30329,408,4
30330,417,4
30331,414,4
30332,240,4
30333,217,4
30334,253,4
30335,234,4
30336,223,4
30337,236,4
30338,222,4
30339,219,4
30340,240,4
30341,248,4
30342,236,4
30343,217,4
30344,222,4
30345,250,4
30346,241,4
30347,218,4
30348,223,4
30349,234,4
30350,230,4
30351,257,4
30352,416,4
30353,432,4
30354,429,4
30355,405,4
30356,396,4
30357,420,4
30358,430,4
30359,444,4
30360,416,4
30361,431,4
30362,422,4
30363,446,4
30364,425,4
30365,420,4
30366,427,4
30367,427,4
30368,442,4
30369,425,4
30370,430,4
30371,405,4
30372,411,4
30373,420,4
30374,426,4
30375,416,4
30376,428,4
30377,419,4
30378,445,4
30379,423,4
30380,430,4
30381,422,4
30382,424,4
30383,432,4
30384,427,4
30385,419,4
30386,429,4
30387,423,4
30388,432,4
30389,439,4
30390,437,4
30391,412,4
30392,389,4
30393,452,4
30394,431,4
30395,430,4
30396,416,4
30397,400,4
30398,401,4
30399,421,4
30400,403,4
30401,428,4
30402,415,4
30403,443,4
30404,400,4
30405,430,4
30406,434,4
30407,411,4
30408,422,4
30409,426,4
30410,423,4
30411,431,4
30412,427,4
30413,434,4
30414,429,4
30415,426,4
30416,422,4
30417,428,4
30418,446,4
30419,424,4
30420,410,4
30421,438,4
30422,450,4
30423,432,4
30424,449,4
30425,427,4
30426,460,4
30427,407,4
30428,423,4
30429,432,4
30430,416,4
30431,439,4
30432,195,4
30433,186,4
30434,194,4
30435,191,4
30436,196,4
30437,186,4
30438,162,4
30439,199,4
30440,188,4
30441,179,4
30442,184,4
30443,186,4
30444,171,4
30445,178,4
30446,187,4
30447,187,4
30448,177,4
30449,173,4
30450,178,4
30451,192,4
30452,181,4
30453,199,4
30454,202,4
30455,446,4
30456,432,4
30457,430,4
30458,442,4
30459,410,4
30460,433,4
30461,436,4
30462,425,4
30463,435,4
30464,421,4
30465,425,4
30466,429,4
30467,429,4
30468,408,4
30469,419,4
30470,426,4
30471,430,4
30472,433,4
30473,425,4
30474,438,4
30475,421,4
30476,435,4
30477,423,4
30478,414,4
30479,456,4
30480,431,4
30481,403,4
30482,436,4
30483,427,4
30484,435,4
30485,432,4
30486,416,4
30487,436,4
30488,417,4
30489,415,4
30490,421,4
30491,413,4
30492,431,4
30493,450,4
30494,412,4
30495,441,4
30496,418,4
30497,418,4
30498,411,4
30499,429,4
30500,407,4
30501,443,4
30502,421,4
30503,420,4
30504,431,4
30505,425,4
30506,415,4
30507,418,4
30508,434,4
30509,413,4
30510,425,4
30511,445,4
30512,421,4
30513,440,4
30514,413,4
30515,427,4
30516,440,4
30517,418,4
30518,448,4
30519,424,4
30520,411,4
30521,437,4
30522,444,4
30523,410,4
30524,430,4
30525,417,4
30526,413,4
30527,414,4
30528,428,4
30529,441,4
30530,424,4
30531,430,4
30532,418,4
30533,423,4
30534,415,4
30535,403,4
30536,419,4
30537,439,4
30538,395,4
30539,438,4
30540,429,4
30541,423,4
30542,419,4
30543,431,4
30544,442,4
30545,428,4
30546,422,4
30547,457,4
30548,426,4
30549,405,4
30550,429,4
30551,418,4
30552,421,4
30553,440,4
30554,436,4
30555,404,4
30556,404,4
30557,427,4
30558,437,4
30559,398,4
30560,437,4
30561,455,4
30562,439,4
30563,415,4
30564,433,4
30565,212,4
30566,230,4
30567,222,4
30568,198,4
30569,216,4
30570,199,4
30571,221,4
30572,206,4
30573,208,4
30574,211,4
30575,202,4
30576,210,4
30577,214,4
30578,205,4
30579,211,4
30580,200,4
30581,194,4
30582,208,4
30583,221,4
30584,221,4
30585,220,4
30586,221,4
30587,211,4
30588,202,4
30589,206,4
30590,207,4
30591,201,4
30592,216,4
30593,201,4
30594,403,4
30595,438,4
30596,431,4
30597,404,4
30598,417,4
30599,424,4
30600,413,4
30601,413,4
30602,440,4
30603,423,4
30604,439,4
30605,422,4
30606,440,4
30607,422,4
30608,424,4
30609,413,4
30610,446,4
30611,416,4
30612,410,4
30613,444,4
30614,433,4
30615,444,4
30616,416,4
30617,432,4
30618,442,4
30619,411,4
30620,429,4
30621,420,4
30622,420,4
30623,415,4
30624,430,4
30625,422,4
30626,414,4
30627,442,4
30628,426,4
30629,406,4
30630,417,4
30631,407,4
30632,417,4
30633,429,4
30634,432,4
30635,435,4
30636,418,4
30637,421,4
30638,430,4
30639,435,4
30640,423,4
30641,433,4
30642,418,4
30643,399,4
30644,436,4
30645,232,4
30646,224,4
30647,227,4
30648,239,4
30649,225,4
30650,190,4
30651,201,4
30652,241,4
30653,232,4
30654,239,4
30655,243,4
30656,242,4
30657,208,4
30658,223,4
30659,214,4
30660,227,4
30661,209,4
30662,226,4
30663,204,4
30664,221,4
30665,243,4
30666,217,4
30667,417,4
30668,427,4
30669,427,4
30670,429,4
30671,415,4
30672,418,4
30673,426,4
30674,437,4
30675,416,4
30676,423,4
30677,402,4
30678,420,4
30679,427,4
30680,435,4
30681,416,4
30682,427,4
30683,428,4
30684,403,4
30685,410,4
30686,431,4
30687,426,4
30688,426,4
30689,414,4
30690,408,4
30691,431,4
30692,427,4
30693,402,4
30694,424,4
30695,446,4
30696,432,4
30697,414,4
30698,427,4
30699,423,4
30700,441,4
30701,411,4
30702,429,4
30703,433,4
30704,439,4
30705,434,4
30706,407,4
30707,425,4
30708,431,4
30709,438,4
30710,411,4
30711,414,4
30712,407,4
30713,425,4
30714,428,4
30715,429,4
30716,422,4
30717,424,4
30718,424,4
30719,422,4
30720,403,4
30721,414,4
30722,431,4
30723,420,4
30724,419,4
30725,440,4
30726,438,4
30727,416,4
30728,443,4
30729,423,4
30730,435,4
30731,425,4
30732,417,4
30733,435,4
30734,414,4
30735,423,4
30736,425,4
30737,205,4
30738,193,4
30739,216,4
30740,221,4
30741,212,4
30742,201,4
30743,236,4
30744,207,4
30745,207,4
30746,175,4
30747,195,4
30748,224,4
30749,249,4
30750,225,4
30751,197,4
30752,215,4
30753,205,4
30754,205,4
30755,194,4
30756,216,4
30757,195,4
30758,182,4
30759,205,4
30760,179,4
30761,200,4
30762,217,4
30763,223,4
30764,217,4
30765,207,4
30766,418,4
30767,414,4
30768,443,4
30769,410,4
30770,426,4
30771,432,4
30772,401,4
30773,396,4
30774,432,4
30775,408,4
30776,429,4
30777,414,4
30778,428,4
30779,430,4
30780,437,4
30781,430,4
30782,428,4
30783,446,4
30784,413,4
30785,426,4
30786,436,4
30787,393,4
30788,443,4
30789,423,4
30790,430,4
30791,419,4
30792,430,4
30793,428,4
30794,412,4
30795,420,4
30796,431,4
30797,443,4
30798,420,4
30799,410,4
30800,441,4
30801,438,4
30802,427,4
30803,425,4
30804,414,4
30805,414,4
30806,425,4
30807,412,4
30808,422,4
30809,419,4
30810,432,4
30811,425,4
30812,437,4
30813,421,4
30814,411,4
30815,432,4
30816,424,4
30817,422,4
30818,420,4
30819,425,4
30820,422,4
30821,431,4
30822,434,4
30823,421,4
30824,449,4
30825,418,4
30826,425,4
30827,406,4
30828,424,4
30829,423,4
30830,424,4
30831,437,4
30832,445,4
30833,438,4
30834,424,4
30835,427,4
30836,443,4
30837,413,4
30838,434,4
30839,414,4
30840,439,4
30841,423,4
30842,414,4
30843,417,4
30844,419,4
30845,436,4
30846,441,4
30847,420,4
30848,415,4
30849,449,4
30850,435,4
30851,416,4
30852,429,4
30853,420,4
30854,410,4
30855,421,4
30856,409,4
30857,419,4
30858,420,4
30859,419,4
30860,200,4
30861,194,4
30862,182,4
30863,193,4
30864,205,4
30865,179,4
30866,174,4
30867,176,4
30868,194,4
30869,207,4
30870,200,4
30871,205,4
30872,163,4
30873,179,4
30874,176,4
30875,196,4
30876,187,4
30877,153,4
30878,199,4
30879,203,4
30880,214,4
30881,191,4
30882,197,4
30883,176,4
30884,170,4
30885,440,4
30886,432,4
30887,440,4
30888,422,4
30889,453,4
30890,429,4
30891,416,4
30892,421,4
30893,406,4
30894,414,4
30895,420,4
30896,444,4
30897,424,4
30898,438,4
30899,424,4
30900,415,4
30901,420,4
30902,449,4
30903,432,4
30904,415,4
30905,434,4
30906,414,4
30907,404,4
30908,438,4
30909,429,4
30910,423,4
30911,405,4
30912,421,4
30913,427,4
30914,411,4
30915,426,4
30916,444,4
30917,428,4
30918,432,4
30919,420,4
30920,412,4
30921,418,4
30922,438,4
30923,424,4
30924,423,4
30925,419,4
30926,410,4
30927,441,4
30928,423,4
30929,419,4
30930,426,4
30931,419,4
30932,429,4
30933,417,4
30934,426,4
30935,424,4
30936,447,4
30937,448,4
30938,434,4
30939,424,4
30940,435,4
30941,434,4
30942,419,4
30943,405,4
30944,402,4
30945,424,4
30946,419,4
30947,418,4
30948,415,4
30949,415,4
30950,433,4
30951,389,4
30952,264,4
30953,253,4
30954,274,4
30955,260,4
30956,236,4
30957,234,4
30958,243,4
30959,260,4
30960,236,4
30961,258,4
30962,265,4
30963,250,4
30964,246,4
30965,231,4
30966,275,4
30967,278,4
30968,271,4
30969,253,4
30970,256,4
30971,265,4
30972,258,4
30973,219,4
30974,268,4
30975,271,4
30976,269,4
30977,430,4
30978,436,4
30979,408,4
30980,424,4
30981,417,4
30982,442,4
30983,427,4
30984,423,4
30985,413,4
30986,412,4
30987,411,4
30988,434,4
30989,432,4
30990,428,4
30991,434,4
30992,415,4
30993,403,4
30994,433,4
30995,424,4
30996,435,4
30997,430,4
30998,424,4
30999,427,4
31000,434,4
31001,429,4
31002,405,4
31003,409,4
31004,425,4
31005,419,4
31006,414,4
31007,438,4
31008,407,4
31009,423,4
31010,415,4
31011,443,4
31012,455,4
31013,421,4
31014,435,4
31015,440,4
31016,436,4
31017,434,4
31018,404,4
31019,439,4
31020,429,4
31021,422,4
31022,424,4
31023,428,4
31024,422,4
31025,421,4
31026,413,4
31027,431,4
31028,423,4
31029,415,4
31030,426,4
31031,426,4
31032,431,4
31033,425,4
31034,432,4
31035,422,4
31036,423,4
31037,428,4
31038,430,4
31039,440,4
31040,208,4
31041,195,4
31042,179,4
31043,204,4
31044,202,4
31045,198,4
31046,205,4
31047,191,4
31048,177,4
31049,185,4
31050,161,4
31051,201,4
31052,195,4
31053,206,4
31054,205,4
31055,190,4
31056,186,4
31057,186,4
31058,219,4
31059,194,4
31060,193,4
31061,199,4
31062,406,4
31063,420,4
31064,415,4
31065,412,4
31066,422,4
31067,426,4
31068,410,4
31069,421,4
31070,426,4
31071,430,4
31072,422,4
31073,429,4
31074,421,4
31075,440,4
31076,432,4
31077,417,4
31078,419,4
31079,430,4
31080,419,4
31081,402,4
31082,429,4
31083,420,4
31084,433,4
31085,425,4
31086,433,4
31087,455,4
31088,440,4
31089,421,4
31090,430,4
31091,426,4
31092,428,4
31093,406,4
31094,438,4
31095,397,4
31096,425,4
31097,404,4
31098,417,4
31099,428,4
31100,423,4
31101,437,4
31102,424,4
31103,416,4
31104,429,4
31105,414,4
31106,423,4
31107,419,4
31108,406,4
31109,429,4
31110,427,4
31111,439,4
31112,403,4
31113,416,4
31114,439,4
31115,431,4
31116,434,4
31117,442,4
31118,416,4
31119,415,4
31120,435,4
31121,433,4
31122,423,4
31123,423,4
31124,413,4
31125,444,4
31126,449,4
31127,438,4
31128,433,4
31129,432,4
31130,429,4
31131,404,4
31132,419,4
31133,435,4
31134,415,4
31135,427,4
31136,439,4
31137,439,4
31138,436,4
31139,428,4
31140,435,4
31141,422,4
31142,445,4
31143,406,4
31144,426,4
31145,419,4
31146,433,4
31147,421,4
31148,454,4
31149,436,4
31150,413,4
31151,393,4
31152,411,4
31153,432,4
31154,422,4
31155,418,4
31156,416,4
31157,435,4
31158,421,4
31159,420,4
31160,437,4
31161,444,4
31162,412,4
31163,439,4
31164,424,4
31165,436,4
31166,433,4
31167,205,4
31168,205,4
31169,212,4
31170,191,4
31171,191,4
31172,229,4
31173,218,4
31174,216,4
31175,202,4
31176,185,4
31177,198,4
31178,209,4
31179,218,4
31180,209,4
31181,210,4
31182,202,4
31183,212,4
31184,193,4
31185,426,4
31186,422,4
31187,442,4
31188,391,4
31189,423,4
31190,428,4
31191,403,4
31192,434,4
31193,423,4
31194,414,4
31195,437,4
31196,416,4
31197,435,4
31198,427,4
31199,420,4
31200,436,4
31201,439,4
31202,433,4
31203,425,4
31204,433,4
31205,429,4
31206,418,4
31207,414,4
31208,421,4
31209,417,4
31210,427,4
31211,444,4
31212,428,4
31213,443,4
31214,425,4
31215,423,4
31216,407,4
31217,433,4
31218,417,4
31219,415,4
31220,413,4
31221,429,4
31222,418,4
31223,445,4
31224,438,4
31225,419,4
31226,397,4
31227,426,4
31228,421,4
31229,436,4
31230,425,4
31231,439,4
31232,431,4
31233,410,4
31234,416,4
31235,420,4
31236,423,4
31237,422,4
31238,434,4
31239,431,4
31240,420,4
31241,261,4
31242,239,4
31243,261,4
31244,263,4
31245,256,4
31246,259,4
31247,261,4
31248,265,4
31249,262,4
31250,267,4
31251,234,4
31252,254,4
31253,252,4
31254,255,4
31255,264,4
31256,254,4
31257,254,4
31258,258,4
31259,235,4
31260,272,4
31261,252,4
31262,271,4
31263,243,4
31264,242,4
31265,422,4
31266,425,4
31267,419,4
31268,415,4
31269,429,4
31270,442,4
31271,445,4
31272,421,4
31273,412,4
31274,422,4
31275,446,4
31276,437,4
31277,430,4
31278,419,4
31279,436,4
31280,452,4
31281,423,4
31282,401,4
31283,413,4
31284,426,4
31285,423,4
31286,441,4
31287,418,4
31288,423,4
31289,417,4
31290,434,4
31291,415,4
31292,422,4
31293,407,4
31294,419,4
31295,445,4
31296,446,4
31297,433,4
31298,430,4
31299,417,4
31300,404,4
31301,412,4
31302,427,4
31303,415,4
31304,424,4
31305,430,4
31306,432,4
31307,438,4
31308,406,4
31309,440,4
31310,441,4
31311,435,4
31312,411,4
31313,411,4
31314,429,4
31315,433,4
31316,439,4
31317,419,4
31318,433,4
31319,432,4
31320,417,4
31321,420,4
31322,406,4
31323,412,4
31324,417,4
31325,431,4
31326,452,4
31327,431,4
31328,410,4
31329,419,4
31330,438,4
31331,415,4
31332,443,4
31333,433,4
31334,422,4
31335,402,4
31336,437,4
31337,433,4
31338,431,4
31339,457,4
31340,414,4
31341,443,4
31342,423,4
31343,428,4
31344,429,4
31345,435,4
31346,416,4
31347,454,4
31348,412,4
31349,421,4
31350,447,4
31351,439,4
31352,421,4
31353,433,4
31354,412,4
31355,415,4
31356,421,4
31357,442,4
31358,400,4
31359,436,4
31360,420,4
31361,432,4
31362,232,4
31363,225,4
31364,216,4
31365,217,4
31366,221,4
31367,206,4
31368,226,4
31369,217,4
31370,220,4
31371,223,4
31372,234,4
31373,240,4
31374,242,4
31375,230,4
31376,220,4
31377,209,4
31378,254,4
31379,246,4
31380,236,4
31381,233,4
31382,221,4
31383,227,4
31384,436,4
31385,402,4
31386,418,4
31387,425,4
31388,402,4
31389,407,4
31390,417,4
31391,426,4
31392,443,4
31393,420,4
31394,448,4
31395,416,4
31396,423,4
31397,407,4
31398,420,4
31399,402,4
31400,429,4
31401,419,4
31402,422,4
31403,424,4
31404,436,4
31405,431,4
31406,428,4
31407,432,4
31408,429,4
31409,410,4
31410,422,4
31411,433,4
31412,418,4
31413,429,4
31414,438,4
31415,417,4
31416,437,4
31417,424,4
31418,426,4
31419,435,4
31420,432,4
31421,392,4
31422,403,4
31423,431,4
31424,423,4
31425,406,4
31426,417,4
31427,405,4
31428,424,4
31429,440,4
31430,416,4
31431,428,4
31432,424,4
31433,444,4
31434,440,4
31435,406,4
31436,423,4
31437,414,4
31438,418,4
31439,434,4
31440,427,4
31441,434,4
31442,398,4
31443,436,4
31444,430,4
31445,444,4
31446,418,4
31447,438,4
31448,429,4
31449,427,4
31450,419,4
31451,424,4
31452,413,4
31453,420,4
31454,418,4
31455,422,4
31456,423,4
31457,423,4
31458,425,4
31459,425,4
31460,426,4
31461,425,4
31462,422,4
31463,430,4
31464,440,4
31465,421,4
31466,419,4
31467,227,4
31468,224,4
31469,211,4
31470,214,4
31471,216,4
31472,210,4
31473,228,4
31474,232,4
31475,213,4
31476,207,4
31477,225,4
31478,223,4
31479,251,4
31480,231,4
31481,209,4
31482,212,4
31483,227,4
31484,222,4
31485,222,4
31486,224,4
31487,232,4
31488,245,4
31489,239,4
31490,211,4
31491,217,4
31492,195,4
31493,225,4
31494,217,4
31495,425,4
31496,415,4
31497,415,4
31498,407,4
31499,421,4
31500,433,4
31501,417,4
31502,425,4
31503,441,4
31504,419,4
31505,428,4
31506,428,4
31507,428,4
31508,431,4
31509,428,4
31510,413,4
31511,420,4
31512,432,4
31513,433,4
31514,416,4
31515,437,4
31516,419,4
31517,429,4
31518,427,4
31519,414,4
31520,422,4
31521,400,4
31522,420,4
31523,440,4
31524,402,4
31525,415,4
31526,419,4
31527,399,4
31528,401,4
31529,450,4
31530,432,4
31531,437,4
31532,429,4
31533,432,4
31534,421,4
31535,438,4
31536,442,4
31537,417,4
31538,422,4
31539,418,4
31540,197,4
31541,207,4
31542,196,4
31543,177,4
31544,210,4
31545,189,4
31546,203,4
31547,204,4
31548,193,4
31549,187,4
31550,193,4
31551,218,4
31552,187,4
31553,185,4
31554,201,4
31555,196,4
31556,194,4
31557,188,4
31558,198,4
31559,197,4
31560,214,4
31561,188,4
31562,193,4
31563,214,4
31564,192,4
31565,190,4
31566,204,4
31567,200,4
31568,421,4
31569,426,4
31570,431,4
31571,427,4
31572,432,4
31573,423,4
31574,413,4
31575,432,4
31576,422,4
31577,421,4
31578,434,4
31579,445,4
31580,405,4
31581,421,4
31582,424,4
31583,426,4
31584,423,4
31585,424,4
31586,429,4
31587,423,4
31588,419,4
31589,418,4
31590,441,4
31591,449,4
31592,421,4
31593,421,4
31594,430,4
31595,427,4
31596,423,4
31597,410,4
31598,415,4
31599,433,4
31600,448,4
31601,414,4
31602,441,4
31603,423,4
31604,427,4
31605,433,4
31606,437,4
31607,416,4
31608,451,4
31609,428,4
31610,401,4
31611,422,4
31612,450,4
31613,418,4
31614,452,4
31615,426,4
31616,425,4
31617,412,4
31618,432,4
31619,421,4
31620,425,4
31621,422,4
31622,435,4
31623,423,4
31624,395,4
31625,415,4
31626,409,4
31627,443,4
31628,432,4
31629,426,4
31630,423,4
31631,408,4
31632,422,4
31633,436,4
31634,435,4
31635,430,4
31636,408,4
31637,416,4
31638,429,4
31639,411,4
31640,434,4
31641,409,4
31642,412,4
31643,409,4
31644,419,4
31645,209,4
31646,222,4
31647,217,4
31648,219,4
31649,236,4
31650,227,4
31651,236,4
31652,254,4
31653,207,4
31654,221,4
31655,215,4
31656,219,4
31657,232,4
31658,249,4
31659,235,4
31660,233,4
31661,240,4
31662,246,4
31663,249,4
31664,233,4
31665,216,4
31666,224,4
31667,400,4
31668,434,4
31669,415,4
31670,416,4
31671,429,4
31672,402,4
31673,437,4
31674,432,4
31675,420,4
31676,424,4
31677,417,4
31678,456,4
31679,414,4
31680,429,4
31681,422,4
31682,426,4
31683,431,4
31684,432,4
31685,421,4
31686,411,4
31687,416,4
31688,419,4
31689,418,4
31690,412,4
31691,430,4
31692,409,4
31693,424,4
31694,405,4
31695,438,4
31696,418,4
31697,416,4
31698,414,4
31699,445,4
31700,447,4
31701,430,4
31702,434,4
31703,438,4
31704,433,4
31705,450,4
31706,427,4
31707,425,4
31708,417,4
31709,422,4
31710,416,4
31711,433,4
31712,414,4
31713,426,4
31714,432,4
31715,427,4
31716,414,4
31717,433,4
31718,424,4
31719,391,4
31720,413,4
31721,442,4
31722,443,4
31723,431,4
31724,434,4
31725,416,4
31726,422,4
31727,440,4
31728,430,4
31729,426,4
31730,423,4
31731,439,4
31732,438,4
31733,433,4
31734,426,4
31735,421,4
31736,433,4
31737,412,4
31738,414,4
31739,408,4
31740,440,4
31741,416,4
31742,189,4
31743,183,4
31744,219,4
31745,190,4
31746,162,4
31747,199,4
31748,180,4
31749,182,4
31750,176,4
31751,187,4
31752,187,4
31753,177,4
31754,178,4
31755,186,4
31756,156,4
31757,167,4
31758,205,4
31759,188,4
31760,178,4
31761,405,4
31762,424,4
31763,437,4
31764,457,4
31765,448,4
31766,414,4
31767,419,4
31768,407,4
31769,415,4
31770,422,4
31771,421,4
31772,450,4
31773,409,4
31774,424,4
31775,400,4
31776,429,4
31777,409,4
31778,438,4
31779,422,4
31780,408,4
31781,400,4
31782,413,4
31783,428,4
31784,430,4
31785,419,4
31786,436,4
31787,411,4
31788,390,4
31789,428,4
31790,440,4
31791,441,4
31792,409,4
31793,418,4
31794,434,4
31795,417,4
31796,426,4
31797,416,4
31798,412,4
31799,414,4
31800,440,4
31801,431,4
31802,444,4
31803,435,4
31804,434,4
31805,424,4
31806,461,4
31807,426,4
31808,401,4
31809,428,4
31810,413,4
31811,437,4
31812,434,4
31813,423,4
31814,414,4
31815,427,4
31816,417,4
31817,434,4
31818,432,4
31819,460,4
31820,420,4
31821,421,4
31822,423,4
31823,424,4
31824,437,4
31825,422,4
31826,449,4
31827,432,4
31828,419,4
31829,416,4
31830,437,4
31831,425,4
31832,425,4
31833,418,4
31834,424,4
31835,417,4
31836,441,4
31837,434,4
31838,423,4
31839,423,4
31840,426,4
31841,425,4
31842,414,4
31843,402,4
31844,415,4
31845,184,4
31846,176,4
31847,195,4
31848,182,4
31849,208,4
31850,178,4
31851,187,4
31852,182,4
31853,190,4
31854,198,4
31855,193,4
31856,161,4
31857,191,4
31858,173,4
31859,181,4
31860,193,4
31861,172,4
31862,199,4
31863,181,4
31864,211,4
31865,186,4
31866,206,4
31867,200,4
31868,178,4
31869,170,4
31870,187,4
31871,418,4
31872,444,4
31873,422,4
31874,421,4
31875,408,4
31876,430,4
31877,411,4
31878,430,4
31879,432,4
31880,416,4
31881,436,4
31882,422,4
31883,407,4
31884,444,4
31885,414,4
31886,431,4
31887,430,4
31888,430,4
31889,429,4
31890,413,4
31891,445,4
31892,436,4
31893,431,4
31894,409,4
31895,413,4
31896,433,4
31897,401,4
31898,429,4
31899,409,4
31900,428,4
31901,438,4
31902,429,4
31903,430,4
31904,427,4
31905,433,4
31906,431,4
31907,392,4
31908,436,4
31909,435,4
31910,421,4
31911,401,4
31912,428,4
31913,429,4
31914,420,4
31915,427,4
31916,438,4
31917,454,4
31918,427,4
31919,429,4
31920,415,4
31921,419,4
31922,423,4
31923,439,4
31924,435,4
31925,448,4
31926,407,4
31927,409,4
31928,438,4
31929,442,4
31930,425,4
31931,371,4
31932,416,4
31933,429,4
31934,414,4
31935,427,4
31936,448,4
31937,442,4
31938,435,4
31939,424,4
31940,419,4
31941,247,4
31942,238,4
31943,239,4
31944,220,4
31945,230,4
31946,247,4
31947,225,4
31948,241,4
31949,243,4
31950,244,4
31951,245,4
31952,246,4
31953,231,4
31954,221,4
31955,228,4
31956,247,4
31957,224,4
31958,226,4
31959,412,4
31960,403,4
31961,411,4
31962,437,4
31963,416,4
31964,404,4
31965,419,4
31966,431,4
31967,403,4
31968,436,4
31969,408,4
31970,420,4
31971,420,4
31972,418,4
31973,424,4
31974,434,4
31975,425,4
31976,418,4
31977,430,4
31978,427,4
31979,417,4
31980,426,4
31981,416,4
31982,415,4
31983,435,4
31984,430,4
31985,434,4
31986,433,4
31987,414,4
31988,437,4
31989,421,4
31990,436,4
31991,423,4
31992,429,4
31993,429,4
31994,435,4
31995,405,4
31996,406,4
31997,433,4
31998,429,4
31999,416,4
32000,429,4
32001,408,4
32002,464,4
32003,441,4
32004,432,4
32005,426,4
32006,418,4
32007,409,4
32008,424,4
32009,415,4
32010,415,4
32011,408,4
32012,428,4
32013,420,4
32014,431,4
32015,430,4
32016,428,4
32017,457,4
32018,435,4
32019,410,4
32020,431,4
32021,424,4
32022,409,4
32023,408,4
32024,430,4
32025,433,4
32026,412,4
32027,437,4
32028,428,4
32029,439,4
32030,272,4
32031,257,4
32032,278,4
32033,245,4
32034,287,4
32035,248,4
32036,258,4
32037,252,4
32038,254,4
32039,294,4
32040,253,4
32041,269,4
32042,256,4
32043,270,4
32044,252,4
32045,262,4
32046,266,4
32047,250,4
32048,292,4
32049,267,4
32050,256,4
32051,250,4
32052,260,4
32053,244,4
32054,280,4
32055,264,4
32056,258,4
32057,271,4
32058,250,4
32059,411,4
32060,423,4
32061,427,4
32062,431,4
32063,407,4
32064,420,4
32065,388,4
32066,411,4
32067,434,4
32068,437,4
32069,411,4
32070,421,4
32071,425,4
32072,438,4
32073,443,4
32074,427,4
32075,422,4
32076,408,4
32077,426,4
32078,450,4
32079,440,4
32080,427,4
32081,429,4
32082,417,4
32083,421,4
32084,427,4
32085,427,4
32086,437,4
32087,437,4
32088,431,4
32089,413,4
32090,413,4
32091,414,4
32092,428,4
32093,401,4
32094,425,4
32095,442,4
32096,433,4
32097,421,4
32098,417,4
32099,435,4
32100,418,4
32101,426,4
32102,421,4
32103,434,4
32104,440,4
32105,409,4
32106,410,4
32107,441,4
32108,427,4
32109,411,4
32110,437,4
32111,429,4
32112,451,4
32113,422,4
32114,438,4
32115,408,4
32116,442,4
32117,436,4
32118,444,4
32119,438,4
32120,424,4
32121,411,4
32122,418,4
32123,404,4
32124,414,4
32125,430,4
32126,424,4
32127,422,4
32128,415,4
32129,404,4
32130,427,4
32131,430,4
32132,413,4
32133,419,4
32134,444,4
32135,439,4
32136,407,4
32137,424,4
32138,205,4
32139,185,4
32140,184,4
32141,201,4
32142,199,4
32143,199,4
32144,184,4
32145,195,4
32146,205,4
32147,187,4
32148,183,4
32149,202,4
32150,212,4
32151,213,4
32152,183,4
32153,184,4
32154,175,4
32155,189,4
32156,175,4
32157,181,4
32158,196,4
32159,192,4
32160,166,4
32161,206,4
32162,174,4
32163,176,4
32164,173,4
32165,180,4
32166,177,4
32167,415,4
32168,395,4
32169,427,4
32170,428,4
32171,452,4
32172,431,4
32173,419,4
32174,411,4
32175,424,4
32176,430,4
32177,419,4
32178,426,4
32179,448,4
32180,420,4
32181,402,4
32182,435,4
32183,429,4
32184,404,4
32185,430,4
32186,413,4
32187,430,4
32188,448,4
32189,423,4
32190,438,4
32191,410,4
32192,407,4
32193,449,4
32194,429,4
32195,433,4
32196,439,4
32197,419,4
32198,435,4
32199,433,4
32200,407,4
32201,404,4
32202,410,4
32203,436,4
32204,420,4
32205,431,4
32206,431,4
32207,430,4
32208,431,4
32209,419,4
32210,433,4
32211,430,4
32212,406,4
32213,426,4
32214,423,4
32215,431,4
32216,425,4
32217,422,4
32218,444,4
32219,432,4
32220,425,4
32221,412,4
32222,426,4
32223,415,4
32224,405,4
32225,420,4
32226,421,4
32227,437,4
32228,437,4
32229,433,4
32230,424,4
32231,424,4
32232,432,4
32233,433,4
32234,429,4
32235,431,4
32236,424,4
32237,422,4
32238,398,4
32239,421,4
32240,416,4
32241,426,4
32242,417,4
32243,427,4
32244,403,4
32245,413,4
32246,416,4
32247,412,4
32248,462,4
32249,401,4
32250,433,4
32251,437,4
32252,420,4
32253,429,4
32254,432,4
32255,427,4
32256,404,4
32257,430,4
32258,437,4
32259,450,4
32260,408,4
32261,423,4
32262,425,4
32263,424,4
32264,405,4
32265,438,4
32266,437,4
32267,430,4
32268,420,4
32269,260,4
32270,259,4
32271,246,4
32272,271,4
32273,262,4
32274,270,4
32275,265,4
32276,250,4
32277,251,4
32278,278,4
32279,269,4
32280,258,4
32281,269,4
32282,252,4
32283,275,4
32284,246,4
32285,265,4
32286,423,4
32287,425,4
32288,433,4
32289,437,4
32290,420,4
32291,401,4
32292,404,4
32293,420,4
32294,425,4
32295,430,4
32296,427,4
32297,436,4
32298,447,4
32299,426,4
32300,426,4
32301,427,4
32302,427,4
32303,416,4
32304,427,4
32305,426,4
32306,429,4
32307,420,4
32308,425,4
32309,451,4
32310,426,4
32311,438,4
32312,442,4
32313,408,4
32314,423,4
32315,423,4
32316,449,4
32317,448,4
32318,408,4
32319,413,4
32320,440,4
32321,419,4
32322,433,4
32323,422,4
32324,412,4
32325,441,4
32326,416,4
32327,423,4
32328,411,4
32329,412,4
32330,426,4
32331,414,4
32332,225,4
32333,215,4
32334,217,4
32335,204,4
32336,204,4
32337,212,4
32338,175,4
32339,202,4
32340,185,4
32341,210,4
32342,193,4
32343,206,4
32344,197,4
32345,224,4
32346,234,4
32347,218,4
32348,219,4
32349,424,4
32350,417,4
32351,402,4
32352,427,4
32353,421,4
32354,428,4
32355,416,4
32356,407,4
32357,411,4
32358,443,4
32359,448,4
32360,406,4
32361,417,4
32362,404,4
32363,426,4
32364,426,4
32365,424,4
32366,419,4
32367,428,4
32368,433,4
32369,433,4
32370,440,4
32371,421,4
32372,418,4
32373,436,4
32374,418,4
32375,422,4
32376,418,4
32377,445,4
32378,432,4
32379,411,4
32380,425,4
32381,430,4
32382,412,4
32383,429,4
32384,423,4
32385,410,4
32386,409,4
32387,441,4
32388,415,4
32389,437,4
32390,433,4
32391,418,4
32392,431,4
32393,429,4
32394,436,4
32395,427,4
32396,421,4
32397,441,4
32398,434,4
32399,417,4
32400,443,4
32401,423,4
32402,431,4
32403,429,4
32404,412,4
32405,431,4
32406,399,4
32407,436,4
32408,431,4
32409,389,4
32410,413,4
32411,404,4
32412,413,4
32413,427,4
32414,446,4
32415,431,4
32416,420,4
32417,434,4
32418,432,4
32419,442,4
32420,435,4
32421,425,4
32422,407,4
32423,441,4
32424,424,4
32425,414,4
32426,401,4
32427,411,4
32428,430,4
32429,420,4
32430,437,4
32431,444,4
32432,399,4
32433,413,4
32434,427,4
32435,443,4
32436,415,4
32437,428,4
32438,412,4
32439,424,4
32440,427,4
32441,421,4
32442,445,4
32443,439,4
32444,421,4
32445,422,4
32446,435,4
32447,426,4
32448,425,4
32449,417,4
32450,432,4
32451,417,4
32452,417,4
32453,428,4
32454,427,4
32455,425,4
32456,403,4
32457,428,4
32458,401,4
32459,437,4
32460,418,4
32461,427,4
32462,418,4
32463,233,4
32464,215,4
32465,252,4
32466,221,4
32467,240,4
32468,216,4
32469,225,4
32470,220,4
32471,222,4
32472,234,4
32473,235,4
32474,234,4
32475,219,4
32476,231,4
32477,219,4
32478,247,4
32479,218,4
32480,224,4
32481,230,4
32482,217,4
32483,237,4
32484,243,4
32485,219,4
32486,417,4
32487,439,4
32488,427,4
32489,422,4
32490,416,4
32491,421,4
32492,423,4
32493,433,4
32494,425,4
32495,414,4
32496,419,4
32497,412,4
32498,423,4
32499,452,4
32500,405,4
32501,436,4
32502,433,4
32503,457,4
32504,426,4
32505,420,4
32506,413,4
32507,435,4
32508,423,4
32509,422,4
32510,419,4
32511,451,4
32512,420,4
32513,433,4
32514,431,4
32515,398,4
32516,452,4
32517,403,4
32518,414,4
32519,419,4
32520,416,4
32521,422,4
32522,416,4
32523,441,4
32524,432,4
32525,418,4
32526,415,4
32527,418,4
32528,414,4
32529,411,4
32530,436,4
32531,420,4
32532,430,4
32533,426,4
32534,442,4
32535,436,4
32536,429,4
32537,453,4
32538,417,4
32539,423,4
32540,433,4
32541,435,4
32542,204,4
32543,214,4
32544,215,4
32545,243,4
32546,223,4
32547,228,4
32548,210,4
32549,206,4
32550,210,4
32551,221,4
32552,232,4
32553,198,4
32554,238,4
32555,225,4
32556,227,4
32557,226,4
32558,210,4
32559,213,4
32560,223,4
32561,212,4
32562,217,4
32563,207,4
32564,224,4
32565,213,4
32566,210,4
32567,205,4
32568,207,4
32569,199,4
32570,430,4
32571,418,4
32572,424,4
32573,440,4
32574,424,4
32575,423,4
32576,424,4
32577,429,4
32578,419,4
32579,435,4
32580,427,4
32581,418,4
32582,421,4
32583,439,4
32584,417,4
32585,430,4
32586,431,4
32587,412,4
32588,408,4
32589,421,4
32590,435,4
32591,407,4
32592,415,4
32593,433,4
32594,412,4
32595,437,4
32596,457,4
32597,415,4
32598,443,4
32599,429,4
32600,415,4
32601,444,4
32602,430,4
32603,439,4
32604,453,4
32605,424,4
32606,432,4
32607,412,4
32608,419,4
32609,424,4
32610,428,4
32611,399,4
32612,444,4
32613,433,4
32614,431,4
32615,450,4
32616,444,4
32617,423,4
32618,418,4
32619,432,4
32620,444,4
32621,423,4
32622,436,4
32623,445,4
32624,437,4
32625,406,4
32626,411,4
32627,449,4
32628,426,4
32629,429,4
32630,432,4
32631,442,4
32632,416,4
32633,420,4
32634,413,4
32635,400,4
32636,430,4
32637,415,4
32638,437,4
32639,418,4
32640,409,4
32641,438,4
32642,431,4
32643,423,4
32644,424,4
32645,432,4
32646,445,4
32647,430,4
32648,431,4
32649,420,4
32650,422,4
32651,385,4
32652,414,4
32653,412,4
32654,412,4
32655,263,4
32656,264,4
32657,255,4
32658,283,4
32659,275,4
32660,270,4
32661,275,4
32662,247,4
32663,247,4
32664,282,4
32665,296,4
32666,268,4
32667,295,4
32668,268,4
32669,259,4
32670,279,4
32671,242,4
32672,261,4
32673,258,4
32674,253,4
32675,262,4
32676,271,4
32677,283,4
32678,280,4
32679,249,4
32680,295,4
32681,283,4
32682,268,4
32683,441,4
32684,414,4
32685,435,4
32686,402,4
32687,421,4
32688,441,4
32689,420,4
32690,420,4
32691,418,4
32692,423,4
32693,413,4
32694,444,4
32695,411,4
32696,429,4
32697,435,4
32698,416,4
32699,408,4
32700,436,4
32701,423,4
32702,425,4
32703,408,4
32704,423,4
32705,442,4
32706,438,4
32707,419,4
32708,435,4
32709,423,4
32710,431,4
32711,421,4
32712,413,4
32713,413,4
32714,431,4
32715,393,4
32716,438,4
32717,422,4
32718,417,4
32719,437,4
32720,392,4
32721,431,4
32722,445,4
32723,409,4
32724,420,4
32725,430,4
32726,406,4
32727,428,4
32728,457,4
32729,429,4
32730,429,4
32731,411,4
32732,441,4
32733,392,4
32734,425,4
32735,436,4
32736,395,4
32737,401,4
32738,407,4
32739,441,4
32740,417,4
32741,436,4
32742,434,4
32743,242,4
32744,257,4
32745,259,4
32746,268,4
32747,264,4
32748,261,4
32749,275,4
32750,275,4
32751,244,4
32752,256,4
32753,262,4
32754,263,4
32755,268,4
32756,266,4
32757,269,4
32758,270,4
32759,258,4
32760,257,4
32761,278,4
32762,256,4
32763,434,4
32764,416,4
32765,429,4
32766,430,4
32767,433,4
32768,444,4
32769,413,4
32770,427,4
32771,433,4
32772,433,4
32773,421,4
32774,430,4
32775,425,4
32776,434,4
32777,424,4
32778,424,4
32779,428,4
32780,419,4
32781,416,4
32782,409,4
32783,423,4
32784,416,4
32785,421,4
32786,440,4
32787,422,4
32788,440,4
32789,430,4
32790,422,4
32791,413,4
32792,424,4
32793,420,4
32794,439,4
32795,449,4
32796,437,4
32797,416,4
32798,426,4
32799,422,4
32800,418,4
32801,424,4
32802,423,4
32803,447,4
32804,429,4
32805,435,4
32806,438,4
32807,434,4
32808,441,4
32809,421,4
32810,437,4
32811,449,4
32812,416,4
32813,421,4
32814,420,4
32815,451,4
32816,412,4
32817,426,4
32818,431,4
32819,418,4
32820,413,4
32821,415,4
32822,422,4
32823,419,4
32824,442,4
32825,419,4
32826,419,4
32827,430,4
32828,428,4
32829,387,4
32830,415,4
32831,419,4
32832,413,4
32833,437,4
32834,163,4
32835,193,4
32836,155,4
32837,182,4
32838,199,4
32839,173,4
32840,181,4
32841,193,4
32842,193,4
32843,184,4
32844,178,4
32845,178,4
32846,164,4
32847,168,4
32848,181,4
32849,184,4
32850,211,4
32851,190,4
32852,176,4
32853,187,4
32854,159,4
32855,182,4
32856,189,4
32857,189,4
32858,180,4
32859,187,4
32860,422,4
32861,430,4
32862,414,4
32863,411,4
32864,440,4
32865,423,4
32866,430,4
32867,416,4
32868,411,4
32869,418,4
32870,430,4
32871,400,4
32872,427,4
32873,433,4
32874,414,4
32875,428,4
32876,427,4
32877,415,4
32878,423,4
32879,425,4
32880,415,4
32881,421,4
32882,425,4
32883,428,4
32884,448,4
32885,413,4
32886,441,4
32887,414,4
32888,425,4
32889,436,4
32890,430,4
32891,397,4
32892,438,4
32893,429,4
32894,418,4
32895,423,4
32896,430,4
32897,432,4
32898,432,4
32899,416,4
32900,431,4
32901,433,4
32902,430,4
32903,406,4
32904,404,4
32905,412,4
32906,435,4
32907,420,4
32908,427,4
32909,444,4
32910,438,4
32911,399,4
32912,434,4
32913,426,4
32914,417,4
32915,421,4
32916,421,4
32917,409,4
32918,428,4
32919,451,4
32920,437,4
32921,401,4
32922,428,4
32923,428,4
32924,413,4
32925,410,4
32926,436,4
32927,426,4
32928,419,4
32929,432,4
32930,450,4
32931,428,4
32932,428,4
32933,425,4
32934,420,4
32935,435,4
32936,423,4
32937,184,4
32938,196,4
32939,187,4
32940,163,4
32941,162,4
32942,193,4
32943,177,4
32944,181,4
32945,169,4
32946,186,4
32947,201,4
32948,180,4
32949,186,4
32950,193,4
32951,198,4
32952,170,4
32953,183,4
32954,194,4
32955,197,4
32956,173,4
32957,170,4
32958,176,4
32959,174,4
32960,175,4
32961,183,4
32962,172,4
32963,197,4
32964,173,4
32965,171,4
32966,411,4
32967,440,4
32968,409,4
32969,430,4
32970,433,4
32971,390,4
32972,409,4
32973,420,4
32974,448,4
32975,420,4
32976,419,4
32977,416,4
32978,416,4
32979,417,4
32980,417,4
32981,416,4
32982,416,4
32983,420,4
32984,436,4
32985,412,4
32986,417,4
32987,419,4
32988,425,4
32989,416,4
32990,450,4
32991,432,4
32992,437,4
32993,428,4
32994,442,4
32995,411,4
32996,418,4
32997,415,4
32998,423,4
32999,444,4
33000,424,4
33001,438,4
33002,443,4
33003,439,4
33004,423,4
33005,424,4
33006,417,4
33007,422,4
33008,415,4
33009,424,4
33010,425,4
33011,415,4
33012,457,4
33013,429,4
33014,441,4
33015,439,4
33016,448,4
33017,414,4
33018,418,4
33019,403,4
33020,406,4
33021,413,4
33022,423,4
33023,424,4
33024,463,4
33025,431,4
33026,437,4
33027,427,4
33028,409,4
33029,429,4
33030,406,4
33031,423,4
33032,433,4
33033,418,4
33034,427,4
33035,418,4
33036,412,4
33037,431,4
33038,438,4
33039,438,4
33040,422,4
33041,399,4
33042,426,4
33043,229,4
33044,198,4
33045,235,4
33046,189,4
33047,219,4
33048,224,4
33049,232,4
33050,220,4
33051,210,4
33052,216,4
33053,206,4
33054,190,4
33055,211,4
33056,220,4
33057,226,4
33058,208,4
33059,232,4
33060,212,4
33061,220,4
33062,223,4
33063,215,4
33064,424,4
33065,444,4
33066,405,4
33067,426,4
33068,403,4
33069,403,4
33070,424,4
33071,419,4
33072,450,4
33073,422,4
33074,439,4
33075,426,4
33076,411,4
33077,404,4
33078,409,4
33079,429,4
33080,444,4
33081,414,4
33082,435,4
33083,423,4
33084,412,4
33085,429,4
33086,444,4
33087,424,4
33088,435,4
33089,429,4
33090,429,4
33091,415,4
33092,431,4
33093,407,4
33094,429,4
33095,441,4
33096,447,4
33097,412,4
33098,430,4
33099,417,4
33100,420,4
33101,438,4
33102,433,4
33103,430,4
33104,437,4
33105,429,4
33106,422,4
33107,406,4
33108,447,4
33109,438,4
33110,410,4
33111,434,4
33112,431,4
33113,414,4
33114,442,4
33115,427,4
33116,411,4
33117,410,4
33118,430,4
33119,414,4
33120,416,4
33121,430,4
33122,417,4
33123,419,4
33124,416,4
33125,433,4
33126,440,4
33127,405,4
33128,413,4
33129,398,4
33130,427,4
33131,427,4
33132,414,4
33133,420,4
33134,430,4
33135,444,4
33136,416,4
33137,426,4
33138,432,4
33139,447,4
33140,430,4
33141,448,4
33142,408,4
33143,430,4
33144,422,4
33145,425,4
33146,410,4
33147,440,4
33148,432,4
33149,428,4
33150,404,4
33151,436,4
33152,175,4
33153,174,4
33154,165,4
33155,179,4
33156,176,4
33157,199,4
33158,171,4
33159,174,4
33160,176,4
33161,173,4
33162,167,4
33163,191,4
33164,181,4
33165,177,4
33166,175,4
33167,185,4
33168,175,4
33169,182,4
33170,189,4
33171,187,4
33172,200,4
33173,195,4
33174,187,4
33175,188,4
33176,449,4
33177,415,4
33178,431,4
33179,415,4
33180,435,4
33181,433,4
33182,422,4
33183,441,4
33184,426,4
33185,429,4
33186,406,4
33187,452,4
33188,413,4
33189,410,4
33190,432,4
33191,427,4
33192,407,4
33193,415,4
33194,420,4
33195,416,4
33196,427,4
33197,436,4
33198,451,4
33199,407,4
33200,426,4
33201,427,4
33202,426,4
33203,439,4
33204,430,4
33205,407,4
33206,409,4
33207,436,4
33208,431,4
33209,422,4
33210,431,4
33211,432,4
33212,437,4
33213,422,4
33214,435,4
33215,423,4
33216,407,4
33217,430,4
33218,440,4
33219,434,4
33220,439,4
33221,427,4
33222,415,4
33223,427,4
33224,421,4
33225,429,4
33226,426,4
33227,437,4
33228,408,4
33229,397,4
33230,426,4
33231,421,4
33232,419,4
33233,417,4
33234,425,4
33235,430,4
33236,432,4
33237,391,4
33238,254,4
33239,234,4
33240,266,4
33241,263,4
33242,243,4
33243,257,4
33244,232,4
33245,261,4
33246,261,4
33247,265,4
33248,263,4
33249,249,4
33250,243,4
33251,247,4
33252,254,4
33253,241,4
33254,252,4
33255,252,4
33256,269,4
33257,261,4
33258,247,4
33259,429,4
33260,430,4
33261,404,4
33262,450,4
33263,423,4
33264,414,4
33265,425,4
33266,414,4
33267,404,4
33268,432,4
33269,426,4
33270,428,4
33271,405,4
33272,430,4
33273,422,4
33274,410,4
33275,414,4
33276,444,4
33277,420,4
33278,443,4
33279,413,4
33280,418,4
33281,420,4
33282,434,4
33283,428,4
33284,427,4
33285,437,4
33286,432,4
33287,409,4
33288,436,4
33289,412,4
33290,437,4
33291,430,4
33292,432,4
33293,420,4
33294,412,4
33295,423,4
33296,429,4
33297,432,4
33298,419,4
33299,417,4
33300,414,4
33301,436,4
33302,426,4
33303,420,4
33304,427,4
33305,439,4
33306,439,4
33307,430,4
33308,433,4
33309,426,4
33310,418,4
33311,430,4
33312,420,4
33313,413,4
33314,420,4
33315,405,4
33316,410,4
33317,449,4
33318,439,4
33319,422,4
33320,431,4
33321,414,4
33322,433,4
33323,428,4
33324,417,4
33325,421,4
33326,420,4
33327,435,4
33328,424,4
33329,406,4
33330,420,4
33331,216,4
33332,207,4
33333,216,4
33334,199,4
33335,214,4
33336,227,4
33337,230,4
33338,231,4
33339,236,4
33340,239,4
33341,213,4
33342,208,4
33343,226,4
33344,232,4
33345,215,4
33346,228,4
33347,247,4
33348,209,4
33349,225,4
33350,237,4
33351,223,4
33352,230,4
33353,236,4
33354,421,4
33355,412,4
33356,424,4
33357,412,4
33358,418,4
33359,430,4
33360,427,4
33361,437,4
33362,428,4
33363,416,4
33364,413,4
33365,433,4
33366,428,4
33367,423,4
33368,429,4
33369,417,4
33370,396,4
33371,438,4
33372,433,4
33373,424,4
33374,414,4
33375,422,4
33376,404,4
33377,426,4
33378,402,4
33379,426,4
33380,417,4
33381,423,4
33382,411,4
33383,443,4
33384,429,4
33385,417,4
33386,423,4
33387,444,4
33388,414,4
33389,412,4
33390,411,4
33391,417,4
33392,443,4
33393,418,4
33394,420,4
33395,427,4
33396,425,4
33397,437,4
33398,435,4
33399,429,4
33400,416,4
33401,415,4
33402,420,4
33403,439,4
33404,415,4
33405,418,4
33406,427,4
33407,424,4
33408,420,4
33409,431,4
33410,419,4
33411,438,4
33412,428,4
33413,437,4
33414,416,4
33415,423,4
33416,402,4
33417,441,4
33418,453,4
33419,422,4
33420,429,4
33421,426,4
33422,409,4
33423,440,4
33424,422,4
33425,400,4
33426,416,4
33427,408,4
33428,426,4
33429,426,4
33430,439,4
33431,447,4
33432,448,4
33433,413,4
33434,432,4
33435,435,4
33436,419,4
33437,428,4
33438,430,4
33439,419,4
33440,440,4
33441,428,4
33442,423,4
33443,410,4
33444,439,4
33445,426,4
33446,426,4
33447,415,4
33448,436,4
33449,411,4
33450,399,4
33451,416,4
33452,429,4
33453,429,4
33454,427,4
33455,423,4
33456,427,4
33457,459,4
33458,428,4
33459,420,4
33460,424,4
33461,423,4
33462,426,4
33463,414,4
33464,435,4
33465,429,4
33466,225,4
33467,246,4
33468,211,4
33469,260,4
33470,257,4
33471,255,4
33472,228,4
33473,237,4
33474,227,4
33475,239,4
33476,234,4
33477,229,4
33478,228,4
33479,235,4
33480,269,4
33481,250,4
33482,235,4
33483,423,4
33484,432,4
33485,418,4
33486,422,4
33487,402,4
33488,426,4
33489,426,4
33490,418,4
33491,430,4
33492,426,4
33493,419,4
33494,435,4
33495,423,4
33496,412,4
33497,404,4
33498,442,4
33499,427,4
33500,426,4
33501,440,4
33502,426,4
33503,442,4
33504,413,4
33505,423,4
33506,418,4
33507,430,4
33508,422,4
33509,422,4
33510,417,4
33511,419,4
33512,425,4
33513,401,4
33514,397,4
33515,426,4
33516,392,4
33517,423,4
33518,420,4
33519,432,4
33520,417,4
33521,444,4
33522,435,4
33523,407,4
33524,422,4
33525,443,4
33526,417,4
33527,424,4
33528,442,4
33529,419,4
33530,438,4
33531,414,4
33532,390,4
33533,440,4
33534,430,4
33535,431,4
33536,412,4
33537,413,4
33538,439,4
33539,428,4
33540,424,4
33541,428,4
33542,443,4
33543,434,4
33544,419,4
33545,408,4
33546,432,4
33547,414,4
33548,411,4
33549,441,4
33550,435,4
33551,226,4
33552,206,4
33553,242,4
33554,233,4
33555,217,4
33556,215,4
33557,222,4
33558,215,4
33559,248,4
33560,216,4
33561,208,4
33562,240,4
33563,214,4
33564,230,4
33565,229,4
33566,220,4
33567,209,4
33568,220,4
33569,207,4
33570,221,4
33571,230,4
33572,242,4
33573,208,4
33574,218,4
33575,215,4
33576,428,4
33577,407,4
33578,414,4
33579,405,4
33580,408,4
33581,417,4
33582,445,4
33583,429,4
33584,426,4
33585,441,4
33586,430,4
33587,431,4
33588,419,4
33589,417,4
33590,409,4
33591,418,4
33592,422,4
33593,429,4
33594,425,4
33595,421,4
33596,414,4
33597,430,4
33598,419,4
33599,429,4
33600,438,4
33601,437,4
33602,437,4
33603,409,4
33604,413,4
33605,437,4
33606,430,4
33607,420,4
33608,434,4
33609,431,4
33610,407,4
33611,398,4
33612,425,4
33613,399,4
33614,438,4
33615,431,4
33616,421,4
33617,410,4
33618,414,4
33619,389,4
33620,442,4
33621,427,4
33622,423,4
33623,447,4
33624,414,4
33625,423,4
33626,417,4
33627,450,4
33628,422,4
33629,427,4
33630,444,4
33631,438,4
33632,405,4
33633,421,4
33634,424,4
33635,427,4
33636,429,4
33637,414,4
33638,443,4
33639,430,4
33640,433,4
33641,441,4
33642,428,4
33643,422,4
33644,421,4
33645,422,4
33646,423,4
33647,402,4
33648,418,4
33649,412,4
33650,401,4
33651,427,4
33652,430,4
33653,415,4
33654,422,4
33655,432,4
33656,421,4
33657,423,4
33658,422,4
33659,432,4
33660,425,4
33661,421,4
33662,419,4
33663,415,4
33664,432,4
33665,432,4
33666,425,4
33667,436,4
33668,425,4
33669,266,4
33670,255,4
33671,276,4
33672,264,4
33673,266,4
33674,263,4
33675,263,4
33676,265,4
33677,237,4
33678,267,4
33679,253,4
33680,259,4
33681,254,4
33682,272,4
33683,252,4
33684,258,4
33685,254,4
33686,253,4
33687,416,4
33688,410,4
33689,418,4
33690,427,4
33691,414,4
33692,427,4
33693,431,4
33694,423,4
33695,411,4
33696,404,4
33697,435,4
33698,444,4
33699,442,4
33700,422,4
33701,422,4
33702,416,4
33703,415,4
33704,403,4
33705,433,4
33706,432,4
33707,420,4
33708,440,4
33709,452,4
33710,407,4
33711,432,4
33712,425,4
33713,444,4
33714,419,4
33715,438,4
33716,433,4
33717,439,4
33718,416,4
33719,420,4
33720,431,4
33721,439,4
33722,428,4
33723,402,4
33724,439,4
33725,441,4
33726,418,4
33727,435,4
33728,431,4
33729,414,4
33730,202,4
33731,191,4
33732,175,4
33733,203,4
33734,217,4
33735,164,4
33736,195,4
33737,195,4
33738,178,4
33739,204,4
33740,179,4
33741,193,4
33742,183,4
33743,179,4
33744,196,4
33745,183,4
33746,207,4
33747,192,4
33748,202,4
33749,201,4
33750,206,4
33751,188,4
33752,190,4
33753,181,4
33754,193,4
33755,182,4
33756,439,4
33757,414,4
33758,420,4
33759,432,4
33760,431,4
33761,411,4
33762,418,4
33763,421,4
33764,423,4
33765,427,4
33766,434,4
33767,423,4
33768,426,4
33769,416,4
33770,443,4
33771,430,4
33772,422,4
33773,440,4
33774,429,4
33775,428,4
33776,425,4
33777,437,4
33778,444,4
33779,437,4
33780,425,4
33781,441,4
33782,422,4
33783,414,4
33784,435,4
33785,442,4
33786,425,4
33787,445,4
33788,408,4
33789,424,4
33790,415,4
33791,415,4
33792,425,4
33793,446,4
33794,441,4
33795,442,4
33796,430,4
33797,422,4
33798,429,4
33799,408,4
33800,423,4
33801,425,4
33802,435,4
33803,430,4
33804,431,4
33805,397,4
33806,423,4
33807,417,4
33808,427,4
33809,423,4
33810,428,4
33811,411,4
33812,426,4
33813,446,4
33814,451,4
33815,441,4
33816,403,4
33817,422,4
33818,419,4
33819,427,4
33820,441,4
33821,424,4
33822,414,4
33823,439,4
33824,429,4
33825,434,4
33826,437,4
33827,421,4
33828,411,4
33829,428,4
33830,421,4
33831,426,4
33832,442,4
33833,427,4
33834,447,4
33835,429,4
33836,422,4
33837,410,4
33838,428,4
33839,414,4
33840,431,4
33841,424,4
33842,423,4
33843,426,4
33844,428,4
33845,425,4
33846,451,4
33847,416,4
33848,437,4
33849,440,4
33850,412,4
33851,426,4
33852,429,4
33853,427,4
33854,427,4
33855,433,4
33856,192,4
33857,216,4
33858,212,4
33859,208,4
33860,227,4
33861,229,4
33862,231,4
33863,227,4
33864,202,4
33865,219,4
33866,230,4
33867,187,4
33868,236,4
33869,202,4
33870,206,4
33871,226,4
33872,240,4
33873,206,4
33874,207,4
33875,232,4
33876,427,4
33877,422,4
33878,428,4
33879,451,4
33880,434,4
33881,429,4
33882,432,4
33883,430,4
33884,436,4
33885,417,4
33886,424,4
33887,425,4
33888,414,4
33889,412,4
33890,442,4
33891,434,4
33892,446,4
33893,431,4
33894,429,4
33895,423,4
33896,437,4
33897,410,4
33898,429,4
33899,436,4
33900,426,4
33901,413,4
33902,434,4
33903,421,4
33904,413,4
33905,434,4
33906,441,4
33907,434,4
33908,454,4
33909,416,4
33910,419,4
33911,414,4
33912,414,4
33913,442,4
33914,412,4
33915,418,4
33916,440,4
33917,430,4
33918,413,4
33919,424,4
33920,405,4
33921,423,4
33922,426,4
33923,427,4
33924,448,4
33925,434,4
33926,411,4
33927,426,4
33928,424,4
33929,447,4
33930,420,4
33931,427,4
33932,428,4
33933,412,4
33934,407,4
33935,422,4
33936,433,4
33937,409,4
33938,424,4
33939,417,4
33940,402,4
33941,428,4
33942,278,4
33943,281,4
33944,282,4
33945,272,4
33946,278,4
33947,275,4
33948,242,4
33949,255,4
33950,264,4
33951,273,4
33952,276,4
33953,281,4
33954,281,4
33955,275,4
33956,279,4
33957,291,4
33958,278,4
33959,272,4
33960,278,4
33961,283,4
33962,291,4
33963,260,4
33964,253,4
33965,275,4
33966,256,4
33967,422,4
33968,447,4
33969,425,4
33970,425,4
33971,420,4
33972,443,4
33973,430,4
33974,419,4
33975,443,4
33976,427,4
33977,420,4
33978,400,4
33979,427,4
33980,420,4
33981,421,4
33982,421,4
33983,403,4
33984,456,4
33985,417,4
33986,433,4
33987,422,4
33988,392,4
33989,423,4
33990,426,4
33991,418,4
33992,442,4
33993,447,4
33994,428,4
33995,430,4
33996,411,4
33997,411,4
33998,417,4
33999,449,4
34000,416,4
34001,413,4
34002,419,4
34003,419,4
34004,416,4
34005,444,4
34006,424,4
34007,423,4
34008,425,4
34009,436,4
34010,425,4
34011,429,4
34012,437,4
34013,412,4
34014,415,4
34015,426,4
34016,417,4
34017,422,4
34018,412,4
34019,415,4
34020,438,4
34021,421,4
34022,419,4
34023,415,4
34024,414,4
34025,413,4
34026,410,4
34027,417,4
34028,424,4
34029,433,4
34030,424,4
34031,413,4
34032,419,4
34033,418,4
34034,417,4
34035,420,4
34036,436,4
34037,433,4
34038,444,4
34039,414,4
34040,412,4
34041,421,4
34042,439,4
34043,400,4
34044,426,4
34045,421,4
34046,432,4
34047,430,4
34048,432,4
34049,431,4
34050,459,4
34051,446,4
34052,435,4
34053,419,4
34054,420,4
34055,439,4
34056,439,4
34057,415,4
34058,213,4
34059,215,4
34060,251,4
34061,253,4
34062,237,4
34063,240,4
34064,258,4
34065,261,4
34066,245,4
34067,236,4
34068,231,4
34069,233,4
34070,227,4
34071,244,4
34072,235,4
34073,227,4
34074,439,4
34075,432,4
34076,428,4
34077,423,4
34078,430,4
34079,421,4
34080,458,4
34081,452,4
34082,415,4
34083,422,4
34084,414,4
34085,402,4
34086,445,4
34087,423,4
34088,412,4
34089,404,4
34090,428,4
34091,429,4
34092,430,4
34093,438,4
34094,436,4
34095,410,4
34096,412,4
34097,437,4
34098,418,4
34099,407,4
34100,436,4
34101,427,4
34102,414,4
34103,424,4
34104,423,4
34105,420,4
34106,433,4
34107,419,4
34108,431,4
34109,429,4
34110,408,4
34111,449,4
34112,432,4
34113,406,4
34114,408,4
34115,444,4
34116,427,4
34117,432,4
34118,430,4
34119,438,4
34120,439,4
34121,414,4
34122,431,4
34123,408,4
34124,412,4
34125,421,4
34126,405,4
34127,416,4
34128,399,4
34129,425,4
34130,445,4
34131,425,4
34132,425,4
34133,421,4
34134,437,4
34135,424,4
34136,412,4
34137,427,4
34138,444,4
34139,408,4
34140,414,4
34141,424,4
34142,421,4
34143,430,4
34144,413,4
34145,419,4
34146,426,4
34147,426,4
34148,456,4
34149,434,4
34150,407,4
34151,413,4
34152,409,4
34153,444,4
34154,412,4
34155,432,4
34156,431,4
34157,407,4
34158,420,4
34159,422,4
34160,406,4
34161,446,4
34162,427,4
34163,444,4
34164,451,4
34165,427,4
34166,429,4
34167,236,4
34168,262,4
34169,245,4
34170,241,4
34171,236,4
34172,247,4
34173,253,4
34174,248,4
34175,251,4
34176,243,4
34177,252,4
34178,251,4
34179,260,4
34180,255,4
34181,248,4
34182,251,4
34183,232,4
34184,261,4
34185,243,4
34186,424,4
34187,419,4
34188,414,4
34189,415,4
34190,412,4
34191,422,4
34192,435,4
34193,425,4
34194,433,4
34195,431,4
34196,420,4
34197,440,4
34198,437,4
34199,435,4
34200,421,4
34201,425,4
34202,442,4
34203,438,4
34204,408,4
34205,428,4
34206,395,4
34207,420,4
34208,417,4
34209,432,4
34210,412,4
34211,407,4
34212,419,4
34213,425,4
34214,404,4
34215,439,4
34216,423,4
34217,425,4
34218,438,4
34219,416,4
34220,443,4
34221,425,4
34222,435,4
34223,430,4
34224,433,4
34225,426,4
34226,419,4
34227,448,4
34228,425,4
34229,412,4
34230,443,4
34231,421,4
34232,404,4
34233,415,4
34234,402,4
34235,416,4
34236,446,4
34237,431,4
34238,425,4
34239,418,4
34240,423,4
34241,438,4
34242,403,4
34243,460,4
34244,414,4
34245,422,4
34246,423,4
34247,423,4
34248,417,4
34249,435,4
34250,439,4
34251,436,4
34252,426,4
34253,418,4
34254,423,4
34255,424,4
34256,413,4
34257,427,4
34258,447,4
34259,423,4
34260,431,4
34261,417,4
34262,436,4
34263,417,4
34264,184,4
34265,195,4
34266,177,4
34267,194,4
34268,202,4
34269,191,4
34270,199,4
34271,173,4
34272,194,4
34273,183,4
34274,194,4
34275,208,4
34276,153,4
34277,182,4
34278,161,4
34279,174,4
34280,183,4
34281,435,4
34282,435,4
34283,434,4
34284,432,4
34285,409,4
34286,435,4
34287,417,4
34288,430,4
34289,414,4
34290,423,4
34291,424,4
34292,429,4
34293,415,4
34294,433,4
34295,409,4
34296,445,4
34297,416,4
34298,402,4
34299,424,4
34300,427,4
34301,451,4
34302,425,4
34303,438,4
34304,402,4
34305,420,4
34306,410,4
34307,428,4
34308,434,4
34309,436,4
34310,423,4
34311,440,4
34312,429,4
34313,432,4
34314,419,4
34315,419,4
34316,421,4
34317,440,4
34318,419,4
34319,407,4
34320,423,4
34321,418,4
34322,438,4
34323,427,4
34324,431,4
34325,438,4
34326,429,4
34327,413,4
34328,430,4
34329,440,4
34330,425,4
34331,426,4
34332,419,4
34333,427,4
34334,431,4
34335,439,4
34336,446,4
34337,431,4
34338,443,4
34339,429,4
34340,432,4
34341,456,4
34342,424,4
34343,412,4
34344,452,4
34345,433,4
34346,411,4
34347,423,4
34348,431,4
34349,416,4
34350,410,4
34351,435,4
34352,206,4
34353,222,4
34354,222,4
34355,217,4
34356,224,4
34357,226,4
34358,192,4
34359,232,4
34360,238,4
34361,246,4
34362,228,4
34363,203,4
34364,239,4
34365,229,4
34366,238,4
34367,230,4
34368,235,4
34369,218,4
34370,215,4
34371,423,4
34372,425,4
34373,415,4
34374,416,4
34375,415,4
34376,439,4
34377,413,4
34378,431,4
34379,415,4
34380,430,4
34381,441,4
34382,438,4
34383,421,4
34384,428,4
34385,420,4
34386,436,4
34387,424,4
34388,441,4
34389,414,4
34390,415,4
34391,433,4
34392,430,4
34393,447,4
34394,422,4
34395,418,4
34396,418,4
34397,422,4
34398,429,4
34399,405,4
34400,402,4
34401,437,4
34402,431,4
34403,433,4
34404,430,4
34405,407,4
34406,428,4
34407,418,4
34408,413,4
34409,431,4
34410,445,4
34411,443,4
34412,432,4
34413,425,4
34414,422,4
34415,414,4
34416,422,4
34417,436,4
34418,447,4
34419,415,4
34420,401,4
34421,419,4
34422,436,4
34423,450,4
34424,441,4
34425,440,4
34426,415,4
34427,415,4
34428,409,4
34429,417,4
34430,436,4
34431,444,4
34432,429,4
34433,422,4
34434,412,4
34435,424,4
34436,427,4
34437,407,4
34438,436,4
34439,420,4
34440,435,4
34441,425,4
34442,429,4
34443,417,4
34444,421,4
34445,433,4
34446,423,4
34447,412,4
34448,426,4
34449,430,4
34450,441,4
34451,439,4
34452,424,4
34453,418,4
34454,422,4
34455,419,4
34456,431,4
34457,437,4
34458,278,4
34459,258,4
34460,257,4
34461,258,4
34462,240,4
34463,249,4
34464,263,4
34465,267,4
34466,269,4
34467,254,4
34468,257,4
34469,260,4
34470,258,4
34471,271,4
34472,247,4
34473,249,4
34474,259,4
34475,247,4
34476,240,4
34477,245,4
34478,260,4
34479,271,4
34480,433,4
34481,444,4
34482,426,4
34483,428,4
34484,422,4
34485,423,4
34486,450,4
34487,428,4
34488,429,4
34489,411,4
34490,430,4
34491,433,4
34492,438,4
34493,433,4
34494,423,4
34495,423,4
34496,424,4
34497,426,4
34498,440,4
34499,438,4
34500,415,4
34501,439,4
34502,436,4
34503,413,4
34504,418,4
34505,418,4
34506,442,4
34507,407,4
34508,418,4
34509,426,4
34510,408,4
34511,426,4
34512,412,4
34513,415,4
34514,419,4
34515,423,4
34516,418,4
34517,426,4
34518,440,4
34519,435,4
34520,443,4
34521,424,4
34522,424,4
34523,427,4
34524,407,4
34525,437,4
34526,421,4
34527,424,4
34528,430,4
34529,416,4
34530,416,4
34531,430,4
34532,430,4
34533,452,4
34534,428,4
34535,431,4
34536,453,4
34537,429,4
34538,430,4
34539,390,4
34540,420,4
34541,427,4
34542,416,4
34543,212,4
34544,218,4
34545,221,4
34546,208,4
34547,191,4
34548,211,4
34549,205,4
34550,201,4
34551,206,4
34552,206,4
34553,207,4
34554,204,4
34555,227,4
34556,213,4
34557,213,4
34558,215,4
34559,193,4
34560,222,4
34561,249,4
34562,198,4
34563,202,4
34564,203,4
34565,213,4
34566,208,4
34567,204,4
34568,217,4
34569,430,4
34570,440,4
34571,427,4
34572,425,4
34573,420,4
34574,428,4
34575,412,4
34576,438,4
34577,433,4
34578,428,4
34579,420,4
34580,445,4
34581,418,4
34582,415,4
34583,421,4
34584,435,4
34585,442,4
34586,438,4
34587,409,4
34588,424,4
34589,419,4
34590,430,4
34591,421,4
34592,434,4
34593,420,4
34594,415,4
34595,441,4
34596,425,4
34597,436,4
34598,411,4
34599,414,4
34600,410,4
34601,416,4
34602,417,4
34603,416,4
34604,425,4
34605,413,4
34606,416,4
34607,428,4
34608,449,4
34609,431,4
34610,430,4
34611,422,4
34612,401,4
34613,423,4
34614,413,4
34615,437,4
34616,444,4
34617,414,4
34618,425,4
34619,409,4
34620,435,4
34621,440,4
34622,432,4
34623,429,4
34624,424,4
34625,431,4
34626,422,4
34627,421,4
34628,440,4
34629,434,4
34630,418,4
34631,447,4
34632,417,4
34633,448,4
34634,409,4
34635,423,4
34636,430,4
34637,429,4
34638,427,4
34639,440,4
34640,430,4
34641,431,4
34642,192,4
34643,209,4
34644,194,4
34645,213,4
34646,216,4
34647,200,4
34648,205,4
34649,203,4
34650,198,4
34651,197,4
34652,186,4
34653,191,4
34654,200,4
34655,216,4
34656,203,4
34657,213,4
34658,178,4
34659,215,4
34660,207,4
34661,212,4
34662,176,4
34663,420,4
34664,412,4
34665,434,4
34666,431,4
34667,436,4
34668,420,4
34669,435,4
34670,425,4
34671,439,4
34672,433,4
34673,416,4
34674,428,4
34675,408,4
34676,439,4
34677,433,4
34678,433,4
34679,436,4
34680,428,4
34681,407,4
34682,437,4
34683,416,4
34684,415,4
34685,434,4
34686,419,4
34687,427,4
34688,434,4
34689,433,4
34690,438,4
34691,418,4
34692,421,4
34693,429,4
34694,410,4
34695,415,4
34696,414,4
34697,400,4
34698,419,4
34699,425,4
34700,415,4
34701,424,4
34702,419,4
34703,397,4
34704,415,4
34705,429,4
34706,425,4
34707,427,4
34708,432,4
34709,428,4
34710,426,4
34711,420,4
34712,417,4
34713,426,4
34714,413,4
34715,433,4
34716,414,4
34717,442,4
34718,424,4
34719,439,4
34720,412,4
34721,445,4
34722,412,4
34723,424,4
34724,409,4
34725,425,4
34726,423,4
34727,398,4
34728,427,4
34729,431,4
34730,415,4
34731,206,4
34732,207,4
34733,229,4
34734,212,4
34735,203,4
34736,196,4
34737,189,4
34738,208,4
34739,211,4
34740,195,4
34741,192,4
34742,215,4
34743,221,4
34744,206,4
34745,216,4
34746,208,4
34747,241,4
34748,208,4
34749,226,4
34750,216,4
34751,418,4
34752,432,4
34753,424,4
34754,413,4
34755,426,4
34756,420,4
34757,424,4
34758,424,4
34759,422,4
34760,414,4
34761,440,4
34762,424,4
34763,428,4
34764,423,4
34765,420,4
34766,427,4
34767,442,4
34768,406,4
34769,412,4
34770,421,4
34771,416,4
34772,449,4
34773,421,4
34774,431,4
34775,422,4
34776,395,4
34777,420,4
34778,411,4
34779,429,4
34780,421,4
34781,416,4
34782,424,4
34783,420,4
34784,437,4
34785,432,4
34786,446,4
34787,434,4
34788,431,4
34789,432,4
34790,434,4
34791,403,4
34792,431,4
34793,406,4
34794,402,4
34795,412,4
34796,428,4
34797,409,4
34798,431,4
34799,445,4
34800,421,4
34801,427,4
34802,417,4
34803,410,4
34804,423,4
34805,416,4
34806,419,4
34807,416,4
34808,409,4
34809,424,4
34810,402,4
34811,431,4
34812,405,4
34813,418,4
34814,439,4
34815,434,4
34816,425,4
34817,451,4
34818,426,4
34819,438,4
34820,417,4
34821,390,4
34822,428,4
34823,430,4
34824,430,4
34825,408,4
34826,461,4
34827,412,4
34828,426,4
34829,428,4
34830,435,4
34831,417,4
34832,431,4
34833,444,4
34834,419,4
34835,419,4
34836,413,4
34837,428,4
34838,414,4
34839,433,4
34840,419,4
34841,422,4
34842,413,4
34843,451,4
34844,426,4
34845,411,4
34846,428,4
34847,405,4
34848,175,4
34849,188,4
34850,189,4
34851,193,4
34852,198,4
34853,180,4
34854,193,4
34855,192,4
34856,193,4
34857,165,4
34858,186,4
34859,179,4
34860,198,4
34861,184,4
34862,178,4
34863,179,4
34864,178,4
34865,184,4
34866,186,4
34867,180,4
34868,179,4
34869,414,4
34870,442,4
34871,422,4
34872,428,4
34873,430,4
34874,428,4
34875,419,4
34876,432,4
34877,442,4
34878,433,4
34879,430,4
34880,433,4
34881,426,4
34882,422,4
34883,448,4
34884,443,4
34885,419,4
34886,439,4
34887,431,4
34888,427,4
34889,443,4
34890,426,4
34891,428,4
34892,431,4
34893,410,4
34894,428,4
34895,408,4
34896,432,4
34897,432,4
34898,439,4
34899,433,4
34900,425,4
34901,438,4
34902,439,4
34903,418,4
34904,439,4
34905,407,4
34906,415,4
34907,430,4
34908,428,4
34909,440,4
34910,436,4
34911,420,4
34912,440,4
34913,432,4
34914,435,4
34915,435,4
34916,422,4
34917,437,4
34918,429,4
34919,436,4
34920,443,4
34921,424,4
34922,437,4
34923,421,4
34924,419,4
34925,425,4
34926,425,4
34927,431,4
34928,411,4
34929,432,4
34930,423,4
34931,402,4
34932,430,4
34933,442,4
34934,438,4
34935,425,4
34936,420,4
34937,435,4
34938,420,4
34939,424,4
34940,456,4
34941,443,4
34942,423,4
34943,433,4
34944,444,4
34945,431,4
34946,412,4
34947,429,4
34948,422,4
34949,423,4
34950,417,4
34951,412,4
34952,418,4
34953,434,4
34954,437,4
34955,451,4
34956,419,4
34957,416,4
34958,436,4
34959,407,4
34960,401,4
34961,435,4
34962,414,4
34963,417,4
34964,433,4
34965,426,4
34966,422,4
34967,204,4
34968,214,4
34969,214,4
34970,215,4
34971,227,4
34972,224,4
34973,217,4
34974,222,4
34975,242,4
34976,224,4
34977,237,4
34978,213,4
34979,218,4
34980,216,4
34981,225,4
34982,226,4
34983,227,4
34984,192,4
34985,209,4
34986,223,4
34987,242,4
34988,214,4
34989,247,4
34990,204,4
34991,223,4
34992,218,4
34993,419,4
34994,436,4
34995,424,4
34996,407,4
34997,401,4
34998,412,4
34999,433,4
35000,423,4
35001,428,4
35002,443,4
35003,423,4
35004,449,4
35005,433,4
35006,414,4
35007,411,4
35008,408,4
35009,425,4
35010,405,4
35011,446,4
35012,452,4
35013,406,4
35014,428,4
35015,401,4
35016,434,4
35017,436,4
35018,425,4
35019,429,4
35020,417,4
35021,426,4
35022,434,4
35023,423,4
35024,440,4
35025,417,4
35026,421,4
35027,400,4
35028,453,4
35029,401,4
35030,438,4
35031,430,4
35032,425,4
35033,414,4
35034,419,4
35035,420,4
35036,419,4
35037,399,4
35038,432,4
35039,433,4
35040,421,4
35041,424,4
35042,432,4
35043,408,4
35044,406,4
35045,425,4
35046,421,4
35047,420,4
35048,432,4
35049,420,4
35050,430,4
35051,446,4
35052,450,4
35053,435,4
35054,396,4
35055,433,4
35056,444,4
35057,428,4
35058,417,4
35059,420,4
35060,440,4
35061,419,4
35062,414,4
35063,417,4
35064,426,4
35065,422,4
35066,213,4
35067,227,4
35068,255,4
35069,234,4
35070,240,4
35071,215,4
35072,240,4
35073,250,4
35074,236,4
35075,218,4
35076,240,4
35077,242,4
35078,224,4
35079,245,4
35080,238,4
35081,208,4
35082,225,4
35083,228,4
35084,232,4
35085,232,4
35086,242,4
35087,242,4
35088,252,4
35089,236,4
35090,250,4
35091,243,4
35092,247,4
35093,251,4
35094,421,4
35095,424,4
35096,400,4
35097,438,4
35098,437,4
35099,427,4
35100,425,4
35101,430,4
35102,425,4
35103,424,4
35104,417,4
35105,408,4
35106,410,4
35107,424,4
35108,412,4
35109,414,4
35110,415,4
35111,422,4
35112,439,4
35113,399,4
35114,426,4
35115,414,4
35116,424,4
35117,418,4
35118,423,4
35119,406,4
35120,430,4
35121,426,4
35122,427,4
35123,437,4
35124,408,4
35125,412,4
35126,445,4
35127,432,4
35128,402,4
35129,423,4
35130,438,4
35131,450,4
35132,444,4
35133,420,4
35134,423,4
35135,403,4
35136,426,4
35137,427,4
35138,436,4
35139,399,4
35140,414,4
35141,422,4
35142,436,4
35143,420,4
35144,453,4
35145,412,4
35146,419,4
35147,412,4
35148,203,4
35149,212,4
35150,208,4
35151,195,4
35152,221,4
35153,222,4
35154,197,4
35155,243,4
35156,193,4
35157,206,4
35158,206,4
35159,192,4
35160,208,4
35161,204,4
35162,211,4
35163,206,4
35164,215,4
35165,213,4
35166,194,4
35167,202,4
35168,196,4
35169,226,4
35170,217,4
35171,210,4
35172,212,4
35173,204,4
35174,427,4
35175,416,4
35176,417,4
35177,432,4
35178,412,4
35179,417,4
35180,422,4
35181,407,4
35182,437,4
35183,433,4
35184,430,4
35185,420,4
35186,439,4
35187,430,4
35188,437,4
35189,438,4
35190,419,4
35191,414,4
35192,413,4
35193,426,4
35194,392,4
35195,412,4
35196,417,4
35197,418,4
35198,432,4
35199,408,4
35200,431,4
35201,418,4
35202,418,4
35203,446,4
35204,430,4
35205,416,4
35206,408,4
35207,448,4
35208,428,4
35209,420,4
35210,427,4
35211,420,4
35212,431,4
35213,405,4
35214,420,4
35215,412,4
35216,424,4
35217,414,4
35218,418,4
35219,418,4
35220,428,4
35221,420,4
35222,413,4
35223,430,4
35224,450,4
35225,421,4
35226,441,4
35227,406,4
35228,416,4
35229,441,4
35230,428,4
35231,416,4
35232,435,4
35233,413,4
35234,426,4
35235,436,4
35236,429,4
35237,455,4
35238,418,4
35239,433,4
35240,436,4
35241,231,4
35242,222,4
35243,248,4
35244,228,4
35245,241,4
35246,239,4
35247,235,4
35248,250,4
35249,238,4
35250,241,4
35251,238,4
35252,235,4
35253,229,4
35254,233,4
35255,241,4
35256,239,4
35257,241,4
35258,279,4
35259,228,4
35260,215,4
35261,229,4
35262,229,4
35263,239,4
35264,231,4
35265,242,4
35266,224,4
35267,241,4
35268,408,4
35269,425,4
35270,415,4
35271,421,4
35272,400,4
35273,435,4
35274,420,4
35275,424,4
35276,430,4
35277,416,4
35278,419,4
35279,404,4
35280,421,4
35281,444,4
35282,428,4
35283,407,4
35284,430,4
35285,440,4
35286,413,4
35287,422,4
35288,423,4
35289,426,4
35290,426,4
35291,433,4
35292,423,4
35293,440,4
35294,402,4
35295,411,4
35296,443,4
35297,419,4
35298,432,4
35299,423,4
35300,457,4
35301,425,4
35302,420,4
35303,440,4
35304,433,4
35305,415,4
35306,435,4
35307,427,4
35308,426,4
35309,430,4
35310,435,4
35311,427,4
35312,422,4
35313,450,4
35314,425,4
35315,441,4
35316,418,4
35317,415,4
35318,437,4
35319,422,4
35320,402,4
35321,423,4
35322,431,4
35323,417,4
35324,415,4
35325,427,4
35326,411,4
35327,429,4
35328,437,4
35329,441,4
35330,417,4
35331,446,4
35332,432,4
35333,417,4
35334,185,4
35335,182,4
35336,165,4
35337,207,4
35338,192,4
35339,198,4
35340,191,4
35341,172,4
35342,194,4
35343,201,4
35344,201,4
35345,203,4
35346,190,4
35347,161,4
35348,198,4
35349,191,4
35350,214,4
35351,213,4
35352,203,4
35353,408,4
35354,412,4
35355,431,4
35356,411,4
35357,436,4
35358,436,4
35359,444,4
35360,438,4
35361,420,4
35362,424,4
35363,415,4
35364,428,4
35365,399,4
35366,421,4
35367,433,4
35368,432,4
35369,435,4
35370,412,4
35371,410,4
35372,432,4
35373,414,4
35374,411,4
35375,428,4
35376,425,4
35377,454,4
35378,429,4
35379,427,4
35380,418,4
35381,435,4
35382,425,4
35383,419,4
35384,422,4
35385,421,4
35386,424,4
35387,452,4
35388,433,4
35389,423,4
35390,424,4
35391,408,4
35392,403,4
35393,434,4
35394,434,4
35395,430,4
35396,443,4
35397,428,4
35398,435,4
35399,424,4
35400,429,4
35401,415,4
35402,427,4
35403,415,4
35404,417,4
35405,444,4
35406,426,4
35407,410,4
35408,423,4
35409,433,4
35410,428,4
35411,431,4
35412,448,4
35413,437,4
35414,442,4
35415,430,4
35416,436,4
35417,417,4
35418,434,4
35419,444,4
35420,428,4
35421,420,4
35422,441,4
35423,416,4
35424,452,4
35425,429,4
35426,406,4
35427,430,4
35428,442,4
35429,439,4
35430,425,4
35431,427,4
35432,438,4
35433,402,4
35434,418,4
35435,417,4
35436,435,4
35437,414,4
35438,417,4
35439,210,4
35440,205,4
35441,228,4
35442,209,4
35443,222,4
35444,209,4
35445,215,4
35446,213,4
35447,193,4
35448,201,4
35449,200,4
35450,228,4
35451,230,4
35452,209,4
35453,220,4
35454,417,4
35455,428,4
35456,421,4
35457,419,4
35458,432,4
35459,429,4
35460,416,4
35461,446,4
35462,447,4
35463,426,4
35464,432,4
35465,453,4
35466,432,4
35467,409,4
35468,426,4
35469,421,4
35470,420,4
35471,430,4
35472,419,4
35473,435,4
35474,417,4
35475,412,4
35476,440,4
35477,422,4
35478,435,4
35479,414,4
35480,423,4
35481,433,4
35482,416,4
35483,431,4
35484,439,4
35485,429,4
35486,419,4
35487,418,4
35488,416,4
35489,414,4
35490,435,4
35491,414,4
35492,421,4
35493,427,4
35494,421,4
35495,417,4
35496,439,4
35497,418,4
35498,427,4
35499,419,4
35500,425,4
35501,409,4
35502,428,4
35503,421,4
35504,414,4
35505,411,4
35506,397,4
35507,433,4
35508,424,4
35509,427,4
35510,431,4
35511,444,4
35512,414,4
35513,418,4
35514,431,4
35515,434,4
35516,426,4
35517,401,4
35518,398,4
35519,424,4
35520,438,4
35521,442,4
35522,405,4
35523,431,4
35524,430,4
35525,419,4
35526,427,4
35527,422,4
35528,411,4
35529,418,4
35530,449,4
35531,428,4
35532,410,4
35533,412,4
35534,444,4
35535,419,4
35536,421,4
35537,435,4
35538,421,4
35539,419,4
35540,428,4
35541,417,4
35542,419,4
35543,444,4
35544,415,4
35545,422,4
35546,262,4
35547,195,4
35548,260,4
35549,243,4
35550,242,4
35551,242,4
35552,232,4
35553,225,4
35554,236,4
35555,235,4
35556,239,4
35557,233,4
35558,247,4
35559,247,4
35560,219,4
35561,216,4
35562,227,4
35563,221,4
35564,250,4
35565,229,4
35566,243,4
35567,423,4
35568,436,4
35569,420,4
35570,406,4
35571,417,4
35572,392,4
35573,407,4
35574,429,4
35575,427,4
35576,418,4
35577,423,4
35578,406,4
35579,433,4
35580,423,4
35581,431,4
35582,431,4
35583,428,4
35584,414,4
35585,428,4
35586,430,4
35587,417,4
35588,429,4
35589,408,4
35590,432,4
35591,429,4
35592,443,4
35593,448,4
35594,422,4
35595,431,4
35596,429,4
35597,422,4
35598,404,4
35599,411,4
35600,442,4
35601,424,4
35602,437,4
35603,442,4
35604,418,4
35605,408,4
35606,425,4
35607,409,4
35608,447,4
35609,439,4
35610,442,4
35611,404,4
35612,421,4
35613,426,4
35614,430,4
35615,421,4
35616,394,4
35617,431,4
35618,446,4
35619,449,4
35620,422,4
35621,426,4
35622,413,4
35623,426,4
35624,420,4
35625,419,4
35626,407,4
35627,443,4
35628,422,4
35629,419,4
35630,428,4
35631,418,4
35632,400,4
35633,441,4
35634,425,4
35635,434,4
35636,427,4
35637,436,4
35638,433,4
35639,398,4
35640,430,4
35641,414,4
35642,414,4
35643,405,4
35644,447,4
35645,423,4
35646,420,4
35647,416,4
35648,453,4
35649,437,4
35650,396,4
35651,441,4
35652,255,4
35653,274,4
35654,260,4
35655,245,4
35656,260,4
35657,269,4
35658,269,4
35659,262,4
35660,266,4
35661,267,4
35662,277,4
35663,282,4
35664,266,4
35665,250,4
35666,274,4
35667,433,4
35668,436,4
35669,413,4
35670,435,4
35671,429,4
35672,432,4
35673,416,4
35674,402,4
35675,409,4
35676,436,4
35677,446,4
35678,434,4
35679,410,4
35680,424,4
35681,429,4
35682,426,4
35683,427,4
35684,412,4
35685,407,4
35686,413,4
35687,410,4
35688,426,4
35689,428,4
35690,408,4
35691,424,4
35692,447,4
35693,427,4
35694,420,4
35695,435,4
35696,454,4
35697,427,4
35698,418,4
35699,426,4
35700,408,4
35701,421,4
35702,429,4
35703,432,4
35704,430,4
35705,404,4
35706,418,4
35707,417,4
35708,409,4
35709,415,4
35710,425,4
35711,442,4
35712,414,4
35713,411,4
35714,418,4
35715,429,4
35716,440,4
35717,424,4
35718,408,4
35719,410,4
35720,427,4
35721,437,4
35722,447,4
35723,411,4
35724,427,4
35725,413,4
35726,414,4
35727,413,4
35728,421,4
35729,414,4
35730,455,4
35731,419,4
35732,437,4
35733,417,4
35734,452,4
35735,429,4
35736,435,4
35737,418,4
35738,437,4
35739,429,4
35740,420,4
35741,412,4
35742,422,4
35743,421,4
35744,435,4
35745,422,4
35746,402,4
35747,433,4
35748,441,4
35749,405,4
35750,447,4
35751,442,4
35752,417,4
35753,412,4
35754,438,4
35755,409,4
35756,417,4
35757,409,4
35758,425,4
35759,443,4
35760,429,4
35761,437,4
35762,421,4
35763,182,4
35764,166,4
35765,180,4
35766,172,4
35767,179,4
35768,178,4
35769,177,4
35770,206,4
35771,202,4
35772,198,4
35773,203,4
35774,198,4
35775,181,4
35776,180,4
35777,184,4
35778,179,4
35779,169,4
35780,185,4
35781,162,4
35782,183,4
35783,169,4
35784,180,4
35785,183,4
35786,177,4
35787,161,4
35788,167,4
35789,187,4
35790,174,4
35791,432,4
35792,425,4
35793,423,4
35794,429,4
35795,417,4
35796,430,4
35797,420,4
35798,455,4
35799,411,4
35800,400,4
35801,438,4
35802,431,4
35803,438,4
35804,403,4
35805,425,4
35806,431,4
35807,430,4
35808,435,4
35809,430,4
35810,402,4
35811,439,4
35812,419,4
35813,427,4
35814,444,4
35815,425,4
35816,421,4
35817,411,4
35818,409,4
35819,411,4
35820,425,4
35821,451,4
35822,421,4
35823,425,4
35824,433,4
35825,417,4
35826,441,4
35827,419,4
35828,440,4
35829,432,4
35830,227,4
35831,219,4
35832,237,4
35833,225,4
35834,220,4
35835,245,4
35836,201,4
35837,244,4
35838,250,4
35839,215,4
35840,218,4
35841,213,4
35842,236,4
35843,218,4
35844,224,4
35845,234,4
35846,207,4
35847,207,4
35848,230,4
35849,221,4
35850,214,4
35851,226,4
35852,224,4
35853,215,4
35854,228,4
35855,214,4
35856,434,4
35857,423,4
35858,447,4
35859,409,4
35860,418,4
35861,436,4
35862,412,4
35863,425,4
35864,401,4
35865,412,4
35866,414,4
35867,423,4
35868,437,4
35869,422,4
35870,421,4
35871,415,4
35872,411,4
35873,437,4
35874,427,4
35875,421,4
35876,444,4
35877,392,4
35878,437,4
35879,406,4
35880,427,4
35881,437,4
35882,404,4
35883,440,4
35884,423,4
35885,415,4
35886,428,4
35887,431,4
35888,453,4
35889,423,4
35890,435,4
35891,426,4
35892,429,4
35893,422,4
35894,416,4
35895,430,4
35896,413,4
35897,401,4
35898,426,4
35899,415,4
35900,436,4
35901,393,4
35902,430,4
35903,431,4
35904,427,4
35905,437,4
35906,411,4
35907,449,4
35908,414,4
35909,433,4
35910,447,4
35911,422,4
35912,416,4
35913,435,4
35914,418,4
35915,415,4
35916,433,4
35917,434,4
35918,425,4
35919,426,4
35920,427,4
35921,423,4
35922,422,4
35923,409,4
35924,416,4
35925,425,4
35926,450,4
35927,411,4
35928,419,4
35929,409,4
35930,400,4
35931,442,4
35932,431,4
35933,441,4
35934,402,4
35935,433,4
35936,451,4
35937,437,4
35938,432,4
35939,416,4
35940,442,4
35941,417,4
35942,431,4
35943,413,4
35944,424,4
35945,437,4
35946,436,4
35947,425,4
35948,451,4
35949,422,4
35950,439,4
35951,418,4
35952,410,4
35953,227,4
35954,209,4
35955,233,4
35956,230,4
35957,237,4
35958,229,4
35959,226,4
35960,230,4
35961,243,4
35962,241,4
35963,245,4
35964,202,4
35965,242,4
35966,238,4
35967,254,4
35968,223,4
35969,226,4
35970,232,4
35971,200,4
35972,196,4
35973,233,4
35974,215,4
35975,409,4
35976,432,4
35977,406,4
35978,433,4
35979,415,4
35980,414,4
35981,429,4
35982,410,4
35983,446,4
35984,424,4
35985,425,4
35986,433,4
35987,438,4
35988,419,4
35989,433,4
35990,434,4
35991,443,4
35992,419,4
35993,434,4
35994,432,4
35995,430,4
35996,398,4
35997,440,4
35998,437,4
35999,433,4
36000,429,4
36001,425,4
36002,423,4
36003,434,4
36004,444,4
36005,427,4
36006,419,4
36007,414,4
36008,417,4
36009,451,4
36010,445,4
36011,437,4
36012,440,4
36013,419,4
36014,438,4
36015,439,4
36016,424,4
36017,411,4
36018,408,4
36019,430,4
36020,419,4
36021,429,4
36022,422,4
36023,412,4
36024,446,4
36025,412,4
36026,417,4
36027,425,4
36028,427,4
36029,406,4
36030,435,4
36031,433,4
36032,451,4
36033,428,4
36034,424,4
36035,414,4
36036,410,4
36037,423,4
36038,409,4
36039,435,4
36040,420,4
36041,440,4
36042,428,4
36043,429,4
36044,413,4
36045,433,4
36046,430,4
36047,402,4
36048,440,4
36049,435,4
36050,415,4
36051,436,4
36052,420,4
36053,417,4
36054,429,4
36055,437,4
36056,443,4
36057,199,4
36058,159,4
36059,157,4
36060,173,4
36061,167,4
36062,208,4
36063,182,4
36064,176,4
36065,172,4
36066,181,4
36067,153,4
36068,189,4
36069,195,4
36070,158,4
36071,185,4
36072,184,4
36073,185,4
36074,184,4
36075,165,4
36076,177,4
36077,189,4
36078,158,4
36079,180,4
36080,185,4
36081,174,4
36082,184,4
36083,179,4
36084,422,4
36085,420,4
36086,440,4
36087,424,4
36088,415,4
36089,410,4
36090,407,4
36091,408,4
36092,420,4
36093,423,4
36094,421,4
36095,415,4
36096,418,4
36097,433,4
36098,437,4
36099,445,4
36100,427,4
36101,442,4
36102,432,4
36103,426,4
36104,401,4
36105,423,4
36106,415,4
36107,421,4
36108,440,4
36109,430,4
36110,437,4
36111,432,4
36112,413,4
36113,448,4
36114,423,4
36115,437,4
36116,445,4
36117,409,4
36118,424,4
36119,433,4
36120,422,4
36121,458,4
36122,428,4
36123,432,4
36124,447,4
36125,408,4
36126,420,4
36127,413,4
36128,430,4
36129,445,4
36130,412,4
36131,408,4
36132,427,4
36133,441,4
36134,416,4
36135,413,4
36136,243,4
36137,222,4
36138,232,4
36139,241,4
36140,230,4
36141,224,4
36142,212,4
36143,218,4
36144,228,4
36145,239,4
36146,218,4
36147,217,4
36148,230,4
36149,215,4
36150,229,4
36151,214,4
36152,227,4
36153,220,4
36154,225,4
36155,234,4
36156,223,4
36157,229,4
36158,216,4
36159,418,4
36160,412,4
36161,424,4
36162,429,4
36163,430,4
36164,445,4
36165,431,4
36166,420,4
36167,453,4
36168,416,4
36169,427,4
36170,438,4
36171,432,4
36172,400,4
36173,433,4
36174,418,4
36175,416,4
36176,405,4
36177,427,4
36178,420,4
36179,429,4
36180,414,4
36181,468,4
36182,420,4
36183,439,4
36184,439,4
36185,437,4
36186,415,4
36187,448,4
36188,428,4
36189,430,4
36190,424,4
36191,425,4
36192,426,4
36193,407,4
36194,428,4
36195,435,4
36196,418,4
36197,424,4
36198,405,4
36199,438,4
36200,418,4
36201,428,4
36202,414,4
36203,408,4
36204,393,4
36205,450,4
36206,427,4
36207,408,4
36208,437,4
36209,443,4
36210,428,4
36211,432,4
36212,441,4
36213,432,4
36214,433,4
36215,407,4
36216,392,4
36217,435,4
36218,422,4
36219,420,4
36220,437,4
36221,414,4
36222,425,4
36223,426,4
36224,433,4
36225,429,4
36226,429,4
36227,420,4
36228,420,4
36229,429,4
36230,419,4
36231,415,4
36232,440,4
36233,417,4
36234,419,4
36235,440,4
36236,417,4
36237,429,4
36238,430,4
36239,424,4
36240,420,4
36241,411,4
36242,433,4
36243,438,4
36244,437,4
36245,429,4
36246,401,4
36247,434,4
36248,424,4
36249,418,4
36250,433,4
36251,428,4
36252,437,4
36253,429,4
36254,422,4
36255,421,4
36256,432,4
36257,409,4
36258,419,4
36259,399,4
36260,244,4
36261,247,4
36262,230,4
36263,226,4
36264,251,4
36265,231,4
36266,247,4
36267,239,4
36268,233,4
36269,246,4
36270,240,4
36271,257,4
36272,230,4
36273,223,4
36274,239,4
36275,245,4
36276,237,4
36277,261,4
36278,254,4
36279,233,4
36280,240,4
36281,218,4
36282,252,4
36283,231,4
36284,242,4
36285,236,4
36286,221,4
36287,249,4
36288,412,4
36289,419,4
36290,435,4
36291,413,4
36292,443,4
36293,413,4
36294,411,4
36295,426,4
36296,445,4
36297,425,4
36298,437,4
36299,409,4
36300,410,4
36301,406,4
36302,422,4
36303,444,4
36304,428,4
36305,417,4
36306,401,4
36307,421,4
36308,420,4
36309,430,4
36310,422,4
36311,433,4
36312,434,4
36313,424,4
36314,424,4
36315,425,4
36316,404,4
36317,434,4
36318,445,4
36319,426,4
36320,416,4
36321,425,4
36322,420,4
36323,425,4
36324,421,4
36325,399,4
36326,426,4
36327,452,4
36328,409,4
36329,438,4
36330,430,4
36331,414,4
36332,409,4
36333,428,4
36334,429,4
36335,407,4
36336,436,4
36337,419,4
36338,431,4
36339,433,4
36340,436,4
36341,413,4
36342,449,4
36343,414,4
36344,436,4
36345,419,4
36346,426,4
36347,424,4
36348,267,4
36349,274,4
36350,254,4
36351,251,4
36352,237,4
36353,264,4
36354,259,4
36355,263,4
36356,260,4
36357,271,4
36358,255,4
36359,266,4
36360,261,4
36361,250,4
36362,253,4
36363,272,4
36364,271,4
36365,270,4
36366,259,4
36367,398,4
36368,405,4
36369,422,4
36370,407,4
36371,439,4
36372,415,4
36373,422,4
36374,446,4
36375,437,4
36376,429,4
36377,428,4
36378,416,4
36379,434,4
36380,428,4
36381,423,4
36382,433,4
36383,433,4
36384,413,4
36385,436,4
36386,424,4
36387,426,4
36388,409,4
36389,410,4
36390,408,4
36391,454,4
36392,452,4
36393,405,4
36394,407,4
36395,419,4
36396,438,4
36397,433,4
36398,451,4
36399,421,4
36400,412,4
36401,425,4
36402,436,4
36403,426,4
36404,421,4
36405,440,4
36406,431,4
36407,424,4
36408,416,4
36409,422,4
36410,431,4
36411,416,4
36412,410,4
36413,419,4
36414,424,4
36415,441,4
36416,411,4
36417,428,4
36418,422,4
36419,422,4
36420,443,4
36421,426,4
36422,414,4
36423,436,4
36424,435,4
36425,413,4
36426,411,4
36427,430,4
36428,425,4
36429,419,4
36430,438,4
36431,418,4
36432,430,4
36433,439,4
36434,421,4
36435,403,4
36436,420,4
36437,427,4
36438,437,4
36439,419,4
36440,446,4
36441,409,4
36442,427,4
36443,422,4
36444,441,4
36445,407,4
36446,430,4
36447,422,4
36448,443,4
36449,415,4
36450,430,4
36451,415,4
36452,427,4
36453,421,4
36454,420,4
36455,401,4
36456,430,4
36457,412,4
36458,219,4
36459,214,4
36460,220,4
36461,239,4
36462,238,4
36463,241,4
36464,220,4
36465,235,4
36466,225,4
36467,244,4
36468,238,4
36469,225,4
36470,245,4
36471,239,4
36472,216,4
36473,213,4
36474,217,4
36475,252,4
36476,221,4
36477,255,4
36478,412,4
36479,411,4
36480,436,4
36481,436,4
36482,432,4
36483,433,4
36484,415,4
36485,435,4
36486,428,4
36487,421,4
36488,426,4
36489,438,4
36490,430,4
36491,399,4
36492,436,4
36493,435,4
36494,420,4
36495,426,4
36496,426,4
36497,401,4
36498,420,4
36499,421,4
36500,419,4
36501,407,4
36502,409,4
36503,441,4
36504,430,4
36505,423,4
36506,422,4
36507,437,4
36508,437,4
36509,415,4
36510,408,4
36511,429,4
36512,440,4
36513,433,4
36514,445,4
36515,423,4
36516,428,4
36517,424,4
36518,434,4
36519,416,4
36520,427,4
36521,445,4
36522,416,4
36523,401,4
36524,431,4
36525,452,4
36526,417,4
36527,440,4
36528,425,4
36529,413,4
36530,433,4
36531,408,4
36532,443,4
36533,426,4
36534,405,4
36535,447,4
36536,435,4
36537,429,4
36538,436,4
36539,395,4
36540,418,4
36541,455,4
36542,427,4
36543,169,4
36544,179,4
36545,164,4
36546,196,4
36547,172,4
36548,158,4
36549,179,4
36550,189,4
36551,185,4
36552,160,4
36553,166,4
36554,152,4
36555,186,4
36556,183,4
36557,184,4
36558,172,4
36559,154,4
36560,168,4
36561,190,4
36562,182,4
36563,156,4
36564,174,4
36565,184,4
36566,176,4
36567,160,4
36568,171,4
36569,168,4
36570,178,4
36571,180,4
36572,417,4
36573,433,4
36574,445,4
36575,462,4
36576,414,4
36577,426,4
36578,403,4
36579,419,4
36580,440,4
36581,398,4
36582,420,4
36583,425,4
36584,406,4
36585,430,4
36586,428,4
36587,418,4
36588,433,4
36589,415,4
36590,430,4
36591,425,4
36592,428,4
36593,422,4
36594,409,4
36595,408,4
36596,416,4
36597,418,4
36598,428,4
36599,425,4
36600,413,4
36601,422,4
36602,420,4
36603,425,4
36604,424,4
36605,441,4
36606,431,4
36607,415,4
36608,416,4
36609,420,4
36610,420,4
36611,419,4
36612,412,4
36613,428,4
36614,420,4
36615,414,4
36616,431,4
36617,435,4
36618,422,4
36619,446,4
36620,452,4
36621,431,4
36622,419,4
36623,428,4
36624,410,4
36625,415,4
36626,405,4
36627,417,4
36628,410,4
36629,432,4
36630,416,4
36631,428,4
36632,434,4
36633,439,4
36634,421,4
36635,429,4
36636,429,4
36637,440,4
36638,434,4
36639,441,4
36640,405,4
36641,417,4
36642,437,4
36643,432,4
36644,423,4
36645,419,4
36646,434,4
36647,401,4
36648,435,4
36649,426,4
36650,419,4
36651,431,4
36652,420,4
36653,425,4
36654,424,4
36655,434,4
36656,427,4
36657,402,4
36658,408,4
36659,412,4
36660,430,4
36661,432,4
36662,222,4
36663,190,4
36664,218,4
36665,179,4
36666,203,4
36667,205,4
36668,205,4
36669,199,4
36670,204,4
36671,188,4
36672,213,4
36673,205,4
36674,207,4
36675,199,4
36676,198,4
36677,209,4
36678,222,4
36679,186,4
36680,408,4
36681,428,4
36682,421,4
36683,426,4
36684,425,4
36685,432,4
36686,422,4
36687,411,4
36688,416,4
36689,423,4
36690,410,4
36691,425,4
36692,426,4
36693,421,4
36694,428,4
36695,406,4
36696,414,4
36697,411,4
36698,436,4
36699,453,4
36700,430,4
36701,412,4
36702,428,4
36703,419,4
36704,423,4
36705,422,4
36706,409,4
36707,436,4
36708,412,4
36709,426,4
36710,433,4
36711,415,4
36712,422,4
36713,419,4
36714,446,4
36715,436,4
36716,434,4
36717,452,4
36718,429,4
36719,421,4
36720,408,4
36721,417,4
36722,427,4
36723,436,4
36724,417,4
36725,444,4
36726,407,4
36727,420,4
36728,430,4
36729,427,4
36730,431,4
36731,427,4
36732,433,4
36733,422,4
36734,421,4
36735,415,4
36736,451,4
36737,424,4
36738,430,4
36739,422,4
36740,444,4
36741,425,4
36742,429,4
36743,415,4
36744,446,4
36745,428,4
36746,447,4
36747,418,4
36748,420,4
36749,419,4
36750,422,4
36751,433,4
36752,400,4
36753,424,4
36754,416,4
36755,414,4
36756,431,4
36757,182,4
36758,188,4
36759,183,4
36760,180,4
36761,171,4
36762,167,4
36763,185,4
36764,175,4
36765,183,4
36766,178,4
36767,154,4
36768,184,4
36769,171,4
36770,188,4
36771,156,4
36772,201,4
36773,418,4
36774,431,4
36775,416,4
36776,418,4
36777,433,4
36778,423,4
36779,423,4
36780,435,4
36781,427,4
36782,430,4
36783,418,4
36784,433,4
36785,426,4
36786,430,4
36787,429,4
36788,439,4
36789,431,4
36790,411,4
36791,418,4
36792,428,4
36793,430,4
36794,409,4
36795,413,4
36796,438,4
36797,449,4
36798,405,4
36799,428,4
36800,426,4
36801,437,4
36802,431,4
36803,435,4
36804,398,4
36805,425,4
36806,414,4
36807,414,4
36808,410,4
36809,428,4
36810,429,4
36811,433,4
36812,420,4
36813,442,4
36814,414,4
36815,408,4
36816,428,4
36817,417,4
36818,431,4
36819,417,4
36820,418,4
36821,417,4
36822,416,4
36823,425,4
36824,428,4
36825,416,4
36826,411,4
36827,431,4
36828,430,4
36829,434,4
36830,412,4
36831,415,4
36832,435,4
36833,436,4
36834,420,4
36835,414,4
36836,417,4
36837,413,4
36838,435,4
36839,434,4
36840,426,4
36841,417,4
36842,414,4
36843,418,4
36844,414,4
36845,428,4
36846,434,4
36847,190,4
36848,169,4
36849,173,4
36850,173,4
36851,192,4
36852,164,4
36853,180,4
36854,169,4
36855,178,4
36856,188,4
36857,176,4
36858,171,4
36859,189,4
36860,182,4
36861,186,4
36862,428,4
36863,410,4
36864,441,4
36865,423,4
36866,435,4
36867,421,4
36868,432,4
36869,437,4
36870,436,4
36871,426,4
36872,421,4
36873,408,4
36874,410,4
36875,438,4
36876,415,4
36877,435,4
36878,436,4
36879,430,4
36880,430,4
36881,411,4
36882,409,4
36883,417,4
36884,445,4
36885,441,4
36886,425,4
36887,441,4
36888,414,4
36889,421,4
36890,444,4
36891,450,4
36892,434,4
36893,406,4
36894,441,4
36895,422,4
36896,434,4
36897,426,4
36898,437,4
36899,426,4
36900,410,4
36901,405,4
36902,405,4
36903,432,4
36904,437,4
36905,394,4
36906,440,4
36907,429,4
36908,444,4
36909,413,4
36910,428,4
36911,428,4
36912,416,4
36913,410,4
36914,436,4
36915,428,4
36916,430,4
36917,441,4
36918,425,4
36919,429,4
36920,429,4
36921,430,4
36922,408,4
36923,425,4
36924,439,4
36925,423,4
36926,419,4
36927,437,4
36928,425,4
36929,417,4
36930,415,4
36931,424,4
36932,417,4
36933,436,4
36934,416,4
36935,428,4
36936,430,4
36937,433,4
36938,444,4
36939,409,4
36940,432,4
36941,432,4
36942,412,4
36943,428,4
36944,420,4
36945,442,4
36946,418,4
36947,422,4
36948,420,4
36949,415,4
36950,406,4
36951,415,4
36952,427,4
36953,428,4
36954,435,4
36955,438,4
36956,430,4
36957,435,4
36958,431,4
36959,412,4
36960,430,4
36961,425,4
36962,418,4
36963,425,4
36964,429,4
36965,423,4
36966,437,4
36967,429,4
36968,230,4
36969,234,4
36970,214,4
36971,214,4
36972,233,4
36973,210,4
36974,218,4
36975,213,4
36976,207,4
36977,225,4
36978,216,4
36979,208,4
36980,230,4
36981,203,4
36982,217,4
36983,230,4
36984,230,4
36985,224,4
36986,209,4
36987,221,4
36988,429,4
36989,420,4
36990,430,4
36991,407,4
36992,404,4
36993,417,4
36994,433,4
36995,435,4
36996,410,4
36997,443,4
36998,426,4
36999,406,4
37000,419,4
37001,437,4
37002,442,4
37003,425,4
37004,416,4
37005,439,4
37006,439,4
37007,410,4
37008,424,4
37009,434,4
37010,434,4
37011,422,4
37012,413,4
37013,444,4
37014,426,4
37015,423,4
37016,418,4
37017,423,4
37018,406,4
37019,437,4
37020,422,4
37021,400,4
37022,413,4
37023,436,4
37024,423,4
37025,416,4
37026,427,4
37027,421,4
37028,426,4
37029,429,4
37030,415,4
37031,418,4
37032,416,4
37033,417,4
37034,417,4
37035,422,4
37036,418,4
37037,427,4
37038,421,4
37039,417,4
37040,402,4
37041,414,4
37042,421,4
37043,436,4
37044,424,4
37045,407,4
37046,426,4
37047,420,4
37048,432,4
37049,407,4
37050,440,4
37051,430,4
37052,422,4
37053,406,4
37054,407,4
37055,433,4
37056,435,4
37057,437,4
37058,445,4
37059,434,4
37060,430,4
37061,454,4
37062,418,4
37063,216,4
37064,199,4
37065,225,4
37066,215,4
37067,210,4
37068,210,4
37069,208,4
37070,215,4
37071,200,4
37072,201,4
37073,204,4
37074,210,4
37075,212,4
37076,193,4
37077,211,4
37078,207,4
37079,227,4
37080,207,4
37081,229,4
37082,238,4
37083,231,4
37084,206,4
37085,224,4
37086,206,4
37087,208,4
37088,208,4
37089,219,4
37090,415,4
37091,425,4
37092,440,4
37093,412,4
37094,406,4
37095,417,4
37096,442,4
37097,433,4
37098,415,4
37099,412,4
37100,432,4
37101,411,4
37102,424,4
37103,436,4
37104,439,4
37105,410,4
37106,424,4
37107,422,4
37108,415,4
37109,416,4
37110,432,4
37111,416,4
37112,424,4
37113,431,4
37114,446,4
37115,429,4
37116,434,4
37117,428,4
37118,423,4
37119,422,4
37120,424,4
37121,399,4
37122,421,4
37123,430,4
37124,416,4
37125,442,4
37126,427,4
37127,423,4
37128,435,4
37129,432,4
37130,439,4
37131,441,4
37132,443,4
37133,430,4
37134,413,4
37135,422,4
37136,445,4
37137,428,4
37138,420,4
37139,418,4
37140,412,4
37141,436,4
37142,420,4
37143,413,4
37144,415,4
37145,394,4
37146,433,4
37147,422,4
37148,410,4
37149,442,4
37150,426,4
37151,398,4
37152,187,4
37153,166,4
37154,186,4
37155,185,4
37156,180,4
37157,163,4
37158,164,4
37159,178,4
37160,167,4
37161,193,4
37162,177,4
37163,166,4
37164,190,4
37165,156,4
37166,177,4
37167,185,4
37168,166,4
37169,173,4
37170,170,4
37171,412,4
37172,426,4
37173,435,4
37174,449,4
37175,434,4
37176,422,4
37177,438,4
37178,411,4
37179,419,4
37180,436,4
37181,417,4
37182,426,4
37183,417,4
37184,422,4
37185,424,4
37186,431,4
37187,427,4
37188,434,4
37189,430,4
37190,423,4
37191,418,4
37192,414,4
37193,392,4
37194,424,4
37195,411,4
37196,414,4
37197,421,4
37198,419,4
37199,432,4
37200,430,4
37201,435,4
37202,422,4
37203,416,4
37204,430,4
37205,434,4
37206,421,4
37207,415,4
37208,420,4
37209,444,4
37210,413,4
37211,413,4
37212,447,4
37213,423,4
37214,410,4
37215,408,4
37216,432,4
37217,429,4
37218,432,4
37219,415,4
37220,411,4
37221,431,4
37222,412,4
37223,423,4
37224,414,4
37225,445,4
37226,436,4
37227,457,4
37228,433,4
37229,429,4
37230,276,4
37231,249,4
37232,247,4
37233,276,4
37234,261,4
37235,268,4
37236,248,4
37237,262,4
37238,264,4
37239,279,4
37240,270,4
37241,251,4
37242,262,4
37243,281,4
37244,263,4
37245,279,4
37246,261,4
37247,272,4
37248,269,4
37249,267,4
37250,252,4
37251,249,4
37252,271,4
37253,268,4
37254,262,4
37255,257,4
37256,284,4
37257,437,4
37258,434,4
37259,444,4
37260,412,4
37261,428,4
37262,408,4
37263,420,4
37264,421,4
37265,417,4
37266,425,4
37267,451,4
37268,428,4
37269,437,4
37270,426,4
37271,405,4
37272,417,4
37273,419,4
37274,424,4
37275,432,4
37276,435,4
37277,429,4
37278,438,4
37279,417,4
37280,432,4
37281,431,4
37282,436,4
37283,416,4
37284,447,4
37285,416,4
37286,419,4
37287,434,4
37288,406,4
37289,414,4
37290,426,4
37291,403,4
37292,415,4
37293,426,4
37294,415,4
37295,446,4
37296,434,4
37297,430,4
37298,427,4
37299,434,4
37300,426,4
37301,413,4
37302,429,4
37303,416,4
37304,430,4
37305,429,4
37306,417,4
37307,450,4
37308,440,4
37309,424,4
37310,431,4
37311,429,4
37312,419,4
37313,432,4
37314,423,4
37315,408,4
37316,419,4
37317,419,4
37318,402,4
37319,441,4
37320,419,4
37321,420,4
37322,452,4
37323,413,4
37324,424,4
37325,406,4
37326,417,4
37327,419,4
37328,438,4
37329,415,4
37330,435,4
37331,457,4
37332,446,4
37333,391,4
37334,431,4
37335,444,4
37336,415,4
37337,424,4
37338,421,4
37339,436,4
37340,419,4
37341,448,4
37342,440,4
37343,406,4
37344,406,4
37345,428,4
37346,422,4
37347,424,4
37348,418,4
37349,412,4
37350,425,4
37351,431,4
37352,437,4
37353,439,4
37354,425,4
37355,429,4
37356,405,4
37357,434,4
37358,441,4
37359,433,4
37360,424,4
37361,414,4
37362,414,4
37363,423,4
37364,431,4
37365,400,4
37366,409,4
37367,436,4
37368,446,4
37369,177,4
37370,187,4
37371,178,4
37372,181,4
37373,166,4
37374,186,4
37375,171,4
37376,182,4
37377,188,4
37378,187,4
37379,170,4
37380,183,4
37381,173,4
37382,188,4
37383,189,4
37384,189,4
37385,197,4
37386,186,4
37387,198,4
37388,188,4
37389,171,4
37390,183,4
37391,193,4
37392,194,4
37393,175,4
37394,175,4
37395,433,4
37396,416,4
37397,423,4
37398,427,4
37399,424,4
37400,428,4
37401,412,4
37402,443,4
37403,417,4
37404,419,4
37405,416,4
37406,408,4
37407,437,4
37408,447,4
37409,410,4
37410,403,4
37411,427,4
37412,429,4
37413,400,4
37414,413,4
37415,441,4
37416,432,4
37417,441,4
37418,413,4
37419,425,4
37420,424,4
37421,438,4
37422,417,4
37423,419,4
37424,431,4
37425,434,4
37426,420,4
37427,428,4
37428,436,4
37429,429,4
37430,420,4
37431,429,4
37432,433,4
37433,426,4
37434,431,4
37435,211,4
37436,205,4
37437,210,4
37438,198,4
37439,194,4
37440,217,4
37441,173,4
37442,205,4
37443,196,4
37444,208,4
37445,185,4
37446,204,4
37447,207,4
37448,204,4
37449,189,4
37450,192,4
37451,433,4
37452,424,4
37453,401,4
37454,419,4
37455,439,4
37456,423,4
37457,409,4
37458,421,4
37459,425,4
37460,416,4
37461,441,4
37462,421,4
37463,422,4
37464,423,4
37465,403,4
37466,430,4
37467,418,4
37468,396,4
37469,407,4
37470,424,4
37471,440,4
37472,434,4
37473,432,4
37474,426,4
37475,430,4
37476,426,4
37477,416,4
37478,417,4
37479,425,4
37480,416,4
37481,405,4
37482,432,4
37483,430,4
37484,405,4
37485,410,4
37486,429,4
37487,411,4
37488,425,4
37489,435,4
37490,419,4
37491,433,4
37492,419,4
37493,421,4
37494,430,4
37495,433,4
37496,410,4
37497,409,4
37498,407,4
37499,445,4
37500,420,4
37501,417,4
37502,429,4
37503,405,4
37504,421,4
37505,425,4
37506,413,4
37507,411,4
37508,420,4
37509,419,4
37510,419,4
37511,407,4
37512,407,4
37513,440,4
37514,409,4
37515,423,4
37516,423,4
37517,419,4
37518,423,4
37519,421,4
37520,420,4
37521,438,4
37522,414,4
37523,417,4
37524,436,4
37525,418,4
37526,420,4
37527,418,4
37528,438,4
37529,436,4
37530,411,4
37531,442,4
37532,399,4
37533,405,4
37534,406,4
37535,412,4
37536,420,4
37537,412,4
37538,410,4
37539,431,4
37540,421,4
37541,434,4
37542,435,4
37543,426,4
37544,433,4
37545,422,4
37546,409,4
37547,407,4
37548,401,4
37549,433,4
37550,426,4
37551,389,4
37552,432,4
37553,425,4
37554,413,4
37555,413,4
37556,421,4
37557,438,4
37558,425,4
37559,253,4
37560,288,4
37561,273,4
37562,273,4
37563,274,4
37564,277,4
37565,267,4
37566,263,4
37567,264,4
37568,246,4
37569,235,4
37570,271,4
37571,284,4
37572,258,4
37573,279,4
37574,281,4
37575,256,4
37576,440,4
37577,433,4
37578,421,4
37579,431,4
37580,428,4
37581,401,4
37582,455,4
37583,412,4
37584,427,4
37585,447,4
37586,422,4
37587,416,4
37588,427,4
37589,421,4
37590,440,4
37591,415,4
37592,418,4
37593,424,4
37594,410,4
37595,418,4
37596,418,4
37597,410,4
37598,418,4
37599,434,4
37600,401,4
37601,437,4
37602,419,4
37603,429,4
37604,437,4
37605,414,4
37606,430,4
37607,409,4
37608,408,4
37609,422,4
37610,423,4
37611,437,4
37612,407,4
37613,432,4
37614,420,4
37615,423,4
37616,399,4
37617,422,4
37618,434,4
37619,421,4
37620,420,4
37621,447,4
37622,424,4
37623,403,4
37624,406,4
37625,442,4
37626,419,4
37627,434,4
37628,420,4
37629,430,4
37630,419,4
37631,423,4
37632,430,4
37633,410,4
37634,428,4
37635,427,4
37636,406,4
37637,457,4
37638,420,4
37639,412,4
37640,443,4
37641,410,4
37642,418,4
37643,427,4
37644,418,4
37645,431,4
37646,431,4
37647,416,4
37648,443,4
37649,421,4
37650,427,4
37651,420,4
37652,420,4
37653,424,4
37654,296,4
37655,278,4
37656,261,4
37657,274,4
37658,267,4
37659,285,4
37660,272,4
37661,256,4
37662,278,4
37663,264,4
37664,278,4
37665,285,4
37666,270,4
37667,272,4
37668,276,4
37669,266,4
37670,426,4
37671,428,4
37672,414,4
37673,439,4
37674,404,4
37675,435,4
37676,442,4
37677,434,4
37678,412,4
37679,435,4
37680,450,4
37681,423,4
37682,425,4
37683,434,4
37684,415,4
37685,407,4
37686,430,4
37687,425,4
37688,413,4
37689,430,4
37690,421,4
37691,430,4
37692,427,4
37693,427,4
37694,425,4
37695,404,4
37696,407,4
37697,447,4
37698,442,4
37699,422,4
37700,430,4
37701,405,4
37702,407,4
37703,390,4
37704,412,4
37705,417,4
37706,433,4
37707,422,4
37708,428,4
37709,421,4
37710,423,4
37711,421,4
37712,428,4
37713,392,4
37714,425,4
37715,423,4
37716,445,4
37717,428,4
37718,444,4
37719,416,4
37720,416,4
37721,445,4
37722,422,4
37723,415,4
37724,425,4
37725,427,4
37726,440,4
37727,415,4
37728,434,4
37729,446,4
37730,438,4
37731,447,4
37732,425,4
37733,432,4
37734,416,4
37735,455,4
37736,436,4
37737,428,4
37738,424,4
37739,399,4
37740,399,4
37741,412,4
37742,418,4
37743,433,4
37744,435,4
37745,254,4
37746,258,4
37747,252,4
37748,268,4
37749,246,4
37750,251,4
37751,257,4
37752,245,4
37753,237,4
37754,259,4
37755,281,4
37756,256,4
37757,263,4
37758,250,4
37759,259,4
37760,237,4
37761,241,4
37762,262,4
37763,252,4
37764,234,4
37765,249,4
37766,266,4
37767,247,4
37768,398,4
37769,446,4
37770,426,4
37771,445,4
37772,429,4
37773,417,4
37774,429,4
37775,429,4
37776,447,4
37777,440,4
37778,433,4
37779,430,4
37780,426,4
37781,418,4
37782,438,4
37783,420,4
37784,422,4
37785,426,4
37786,417,4
37787,420,4
37788,425,4
37789,424,4
37790,442,4
37791,407,4
37792,432,4
37793,419,4
37794,421,4
37795,396,4
37796,416,4
37797,431,4
37798,417,4
37799,419,4
37800,426,4
37801,445,4
37802,416,4
37803,425,4
37804,431,4
37805,441,4
37806,439,4
37807,434,4
37808,430,4
37809,459,4
37810,433,4
37811,428,4
37812,439,4
37813,432,4
37814,456,4
37815,418,4
37816,424,4
37817,409,4
37818,424,4
37819,411,4
37820,426,4
37821,417,4
37822,434,4
37823,419,4
37824,434,4
37825,422,4
37826,439,4
37827,424,4
37828,420,4
37829,403,4
37830,409,4
37831,434,4
37832,410,4
37833,436,4
37834,420,4
37835,425,4
37836,432,4
37837,438,4
37838,407,4
37839,408,4
37840,422,4
37841,439,4
37842,425,4
37843,439,4
37844,206,4
37845,219,4
37846,227,4
37847,213,4
37848,212,4
37849,216,4
37850,221,4
37851,212,4
37852,241,4
37853,229,4
37854,230,4
37855,230,4
37856,245,4
37857,250,4
37858,223,4
37859,232,4
37860,223,4
37861,237,4
37862,243,4
37863,226,4
37864,237,4
37865,421,4
37866,439,4
37867,414,4
37868,412,4
37869,432,4
37870,439,4
37871,433,4
37872,438,4
37873,415,4
37874,424,4
37875,406,4
37876,411,4
37877,442,4
37878,421,4
37879,447,4
37880,427,4
37881,422,4
37882,422,4
37883,437,4
37884,424,4
37885,426,4
37886,429,4
37887,409,4
37888,426,4
37889,424,4
37890,430,4
37891,437,4
37892,422,4
37893,431,4
37894,409,4
37895,449,4
37896,443,4
37897,421,4
37898,426,4
37899,399,4
37900,405,4
37901,429,4
37902,414,4
37903,413,4
37904,434,4
37905,445,4
37906,428,4
37907,440,4
37908,421,4
37909,432,4
37910,428,4
37911,430,4
37912,414,4
37913,396,4
37914,442,4
37915,422,4
37916,403,4
37917,425,4
37918,429,4
37919,426,4
37920,428,4
37921,426,4
37922,421,4
37923,427,4
37924,423,4
37925,427,4
37926,430,4
37927,432,4
37928,419,4
37929,433,4
37930,430,4
37931,440,4
37932,427,4
37933,437,4
37934,398,4
37935,412,4
37936,438,4
37937,429,4
37938,412,4
37939,427,4
37940,438,4
37941,184,4
37942,202,4
37943,225,4
37944,189,4
37945,188,4
37946,169,4
37947,194,4
37948,210,4
37949,192,4
37950,230,4
37951,240,4
37952,220,4
37953,190,4
37954,202,4
37955,192,4
37956,191,4
37957,203,4
37958,186,4
37959,176,4
37960,182,4
37961,202,4
37962,221,4
37963,210,4
37964,424,4
37965,434,4
37966,424,4
37967,438,4
37968,434,4
37969,396,4
37970,417,4
37971,433,4
37972,435,4
37973,419,4
37974,399,4
37975,428,4
37976,407,4
37977,415,4
37978,442,4
37979,420,4
37980,417,4
37981,423,4
37982,436,4
37983,422,4
37984,443,4
37985,414,4
37986,412,4
37987,431,4
37988,417,4
37989,431,4
37990,453,4
37991,410,4
37992,429,4
37993,436,4
37994,417,4
37995,425,4
37996,397,4
37997,425,4
37998,413,4
37999,413,4
38000,428,4
38001,424,4
38002,436,4
38003,413,4
38004,428,4
38005,418,4
38006,453,4
38007,409,4
38008,422,4
38009,409,4
38010,434,4
38011,434,4
38012,417,4
38013,410,4
38014,420,4
38015,417,4
38016,426,4
38017,444,4
38018,433,4
38019,434,4
38020,425,4
38021,457,4
38022,426,4
38023,434,4
38024,438,4
38025,424,4
38026,427,4
38027,418,4
38028,425,4
38029,443,4
38030,439,4
38031,433,4
38032,436,4
38033,425,4
38034,436,4
38035,423,4
38036,405,4
38037,447,4
38038,423,4
38039,438,4
38040,421,4
38041,393,4
38042,424,4
38043,403,4
38044,434,4
38045,422,4
38046,440,4
38047,428,4
38048,413,4
38049,433,4
38050,406,4
38051,421,4
38052,403,4
38053,429,4
38054,428,4
38055,427,4
38056,414,4
38057,441,4
38058,436,4
38059,428,4
38060,418,4
38061,421,4
38062,425,4
38063,197,4
38064,220,4
38065,225,4
38066,231,4
38067,206,4
38068,227,4
38069,227,4
38070,203,4
38071,198,4
38072,223,4
38073,204,4
38074,201,4
38075,220,4
38076,194,4
38077,205,4
38078,188,4
38079,200,4
38080,202,4
38081,201,4
38082,205,4
38083,186,4
38084,198,4
38085,226,4
38086,214,4
38087,204,4
38088,417,4
38089,434,4
38090,426,4
38091,412,4
38092,419,4
38093,410,4
38094,417,4
38095,433,4
38096,432,4
38097,437,4
38098,427,4
38099,407,4
38100,426,4
38101,411,4
38102,421,4
38103,448,4
38104,436,4
38105,443,4
38106,411,4
38107,445,4
38108,419,4
38109,444,4
38110,429,4
38111,433,4
38112,433,4
38113,426,4
38114,432,4
38115,413,4
38116,423,4
38117,434,4
38118,426,4
38119,421,4
38120,428,4
38121,409,4
38122,438,4
38123,400,4
38124,425,4
38125,434,4
38126,426,4
38127,419,4
38128,438,4
38129,417,4
38130,445,4
38131,422,4
38132,422,4
38133,434,4
38134,421,4
38135,426,4
38136,432,4
38137,410,4
38138,432,4
38139,405,4
38140,255,4
38141,251,4
38142,239,4
38143,275,4
38144,257,4
38145,247,4
38146,257,4
38147,285,4
38148,243,4
38149,263,4
38150,244,4
38151,261,4
38152,247,4
38153,253,4
38154,257,4
38155,271,4
38156,237,4
38157,275,4
38158,232,4
38159,259,4
38160,256,4
38161,253,4
38162,425,4
38163,431,4
38164,431,4
38165,423,4
38166,433,4
38167,422,4
38168,426,4
38169,439,4
38170,439,4
38171,438,4
38172,413,4
38173,430,4
38174,431,4
38175,446,4
38176,435,4
38177,417,4
38178,420,4
38179,394,4
38180,424,4
38181,421,4
38182,419,4
38183,416,4
38184,443,4
38185,393,4
38186,410,4
38187,454,4
38188,437,4
38189,429,4
38190,425,4
38191,418,4
38192,410,4
38193,429,4
38194,435,4
38195,417,4
38196,403,4
38197,433,4
38198,434,4
38199,435,4
38200,410,4
38201,424,4
38202,441,4
38203,428,4
38204,430,4
38205,420,4
38206,438,4
38207,448,4
38208,416,4
38209,434,4
38210,408,4
38211,432,4
38212,430,4
38213,411,4
38214,436,4
38215,413,4
38216,448,4
38217,427,4
38218,423,4
38219,417,4
38220,432,4
38221,429,4
38222,427,4
38223,416,4
38224,422,4
38225,416,4
38226,404,4
38227,423,4
38228,412,4
38229,449,4
38230,448,4
38231,429,4
38232,403,4
38233,430,4
38234,422,4
38235,438,4
38236,212,4
38237,191,4
38238,195,4
38239,195,4
38240,195,4
38241,181,4
38242,204,4
38243,201,4
38244,196,4
38245,203,4
38246,204,4
38247,214,4
38248,211,4
38249,212,4
38250,189,4
38251,186,4
38252,211,4
38253,220,4
38254,210,4
38255,204,4
38256,200,4
38257,234,4
38258,210,4
38259,197,4
38260,224,4
38261,221,4
38262,183,4
38263,185,4
38264,423,4
38265,440,4
38266,418,4
38267,413,4
38268,435,4
38269,402,4
38270,421,4
38271,412,4
38272,425,4
38273,414,4
38274,423,4
38275,430,4
38276,427,4
38277,419,4
38278,421,4
38279,452,4
38280,436,4
38281,422,4
38282,427,4
38283,430,4
38284,416,4
38285,425,4
38286,412,4
38287,413,4
38288,436,4
38289,437,4
38290,439,4
38291,424,4
38292,419,4
38293,425,4
38294,404,4
38295,442,4
38296,392,4
38297,437,4
38298,413,4
38299,425,4
38300,425,4
38301,429,4
38302,405,4
38303,419,4
38304,421,4
38305,450,4
38306,424,4
38307,410,4
38308,435,4
38309,422,4
38310,434,4
38311,437,4
38312,415,4
38313,420,4
38314,420,4
38315,436,4
38316,444,4
38317,445,4
38318,422,4
38319,443,4
38320,429,4
38321,421,4
38322,416,4
38323,431,4
38324,444,4
38325,440,4
38326,415,4
38327,429,4
38328,415,4
38329,428,4
38330,431,4
38331,429,4
38332,437,4
38333,416,4
38334,441,4
38335,421,4
38336,411,4
38337,437,4
38338,430,4
38339,437,4
38340,427,4
38341,399,4
38342,415,4
38343,426,4
38344,424,4
38345,447,4
38346,415,4
38347,260,4
38348,257,4
38349,221,4
38350,249,4
38351,251,4
38352,265,4
38353,229,4
38354,259,4
38355,254,4
38356,265,4
38357,242,4
38358,259,4
38359,236,4
38360,274,4
38361,244,4
38362,232,4
38363,239,4
38364,261,4
38365,249,4
38366,262,4
38367,269,4
38368,261,4
38369,261,4
38370,238,4
38371,240,4
38372,235,4
38373,250,4
38374,273,4
38375,422,4
38376,446,4
38377,406,4
38378,420,4
38379,414,4
38380,430,4
38381,429,4
38382,405,4
38383,415,4
38384,439,4
38385,437,4
38386,415,4
38387,416,4
38388,424,4
38389,414,4
38390,430,4
38391,423,4
38392,437,4
38393,422,4
38394,436,4
38395,419,4
38396,419,4
38397,424,4
38398,406,4
38399,424,4
38400,446,4
38401,433,4
38402,434,4
38403,412,4
38404,412,4
38405,417,4
38406,434,4
38407,411,4
38408,430,4
38409,443,4
38410,417,4
38411,414,4
38412,416,4
38413,423,4
38414,436,4
38415,437,4
38416,435,4
38417,402,4
38418,423,4
38419,414,4
38420,430,4
38421,436,4
38422,419,4
38423,448,4
38424,414,4
38425,431,4
38426,451,4
38427,436,4
38428,432,4
38429,423,4
38430,432,4
38431,418,4
38432,439,4
38433,416,4
38434,422,4
38435,415,4
38436,421,4
38437,420,4
38438,401,4
38439,425,4
38440,419,4
38441,409,4
38442,417,4
38443,429,4
38444,404,4
38445,423,4
38446,439,4
38447,420,4
38448,443,4
38449,438,4
38450,429,4
38451,425,4
38452,425,4
38453,431,4
38454,449,4
38455,431,4
38456,443,4
38457,193,4
38458,200,4
38459,207,4
38460,223,4
38461,185,4
38462,243,4
38463,207,4
38464,221,4
38465,206,4
38466,197,4
38467,227,4
38468,204,4
38469,198,4
38470,211,4
38471,214,4
38472,211,4
38473,212,4
38474,211,4
38475,221,4
38476,207,4
38477,199,4
38478,215,4
38479,177,4
38480,214,4
38481,443,4
38482,434,4
38483,406,4
38484,442,4
38485,418,4
38486,427,4
38487,440,4
38488,418,4
38489,427,4
38490,409,4
38491,423,4
38492,411,4
38493,431,4
38494,408,4
38495,424,4
38496,418,4
38497,416,4
38498,438,4
38499,412,4
38500,433,4
38501,420,4
38502,440,4
38503,435,4
38504,412,4
38505,415,4
38506,443,4
38507,403,4
38508,425,4
38509,450,4
38510,438,4
38511,437,4
38512,411,4
38513,435,4
38514,443,4
38515,421,4
38516,425,4
38517,437,4
38518,422,4
38519,407,4
38520,392,4
38521,429,4
38522,419,4
38523,392,4
38524,415,4
38525,420,4
38526,419,4
38527,439,4
38528,433,4
38529,423,4
38530,410,4
38531,433,4
38532,443,4
38533,446,4
38534,422,4
38535,432,4
38536,417,4
38537,415,4
38538,434,4
38539,410,4
38540,419,4
38541,439,4
38542,419,4
38543,413,4
38544,449,4
38545,432,4
38546,405,4
38547,429,4
38548,190,4
38549,201,4
38550,198,4
38551,191,4
38552,195,4
38553,196,4
38554,197,4
38555,187,4
38556,174,4
38557,189,4
38558,186,4
38559,191,4
38560,205,4
38561,209,4
38562,200,4
38563,202,4
38564,424,4
38565,420,4
38566,434,4
38567,437,4
38568,437,4
38569,423,4
38570,426,4
38571,448,4
38572,396,4
38573,437,4
38574,421,4
38575,421,4
38576,422,4
38577,403,4
38578,422,4
38579,440,4
38580,421,4
38581,423,4
38582,414,4
38583,425,4
38584,394,4
38585,415,4
38586,430,4
38587,409,4
38588,410,4
38589,419,4
38590,431,4
38591,437,4
38592,425,4
38593,421,4
38594,430,4
38595,422,4
38596,434,4
38597,443,4
38598,423,4
38599,411,4
38600,429,4
38601,413,4
38602,425,4
38603,424,4
38604,415,4
38605,440,4
38606,432,4
38607,439,4
38608,388,4
38609,428,4
38610,426,4
38611,413,4
38612,430,4
38613,413,4
38614,406,4
38615,434,4
38616,423,4
38617,405,4
38618,442,4
38619,426,4
38620,415,4
38621,405,4
38622,412,4
38623,405,4
38624,446,4
38625,449,4
38626,440,4
38627,405,4
38628,431,4
38629,453,4
38630,415,4
38631,424,4
38632,447,4
38633,429,4
38634,433,4
38635,417,4
38636,407,4
38637,431,4
38638,419,4
38639,417,4
38640,415,4
38641,435,4
38642,431,4
38643,448,4
38644,439,4
38645,427,4
38646,426,4
38647,438,4
38648,227,4
38649,240,4
38650,228,4
38651,234,4
38652,244,4
38653,207,4
38654,242,4
38655,243,4
38656,223,4
38657,227,4
38658,222,4
38659,219,4
38660,241,4
38661,209,4
38662,227,4
38663,210,4
38664,219,4
38665,212,4
38666,227,4
38667,232,4
38668,240,4
38669,226,4
38670,249,4
38671,220,4
38672,235,4
38673,242,4
38674,222,4
38675,233,4
38676,395,4
38677,439,4
38678,415,4
38679,444,4
38680,425,4
38681,437,4
38682,418,4
38683,463,4
38684,427,4
38685,453,4
38686,425,4
38687,421,4
38688,433,4
38689,440,4
38690,436,4
38691,432,4
38692,426,4
38693,435,4
38694,430,4
38695,423,4
38696,423,4
38697,442,4
38698,409,4
38699,436,4
38700,429,4
38701,410,4
38702,426,4
38703,442,4
38704,423,4
38705,431,4
38706,430,4
38707,435,4
38708,428,4
38709,435,4
38710,431,4
38711,433,4
38712,430,4
38713,413,4
38714,411,4
38715,421,4
38716,444,4
38717,423,4
38718,429,4
38719,401,4
38720,427,4
38721,426,4
38722,393,4
38723,428,4
38724,405,4
38725,416,4
38726,437,4
38727,427,4
38728,420,4
38729,419,4
38730,420,4
38731,427,4
38732,411,4
38733,438,4
38734,411,4
38735,404,4
38736,437,4
38737,420,4
38738,426,4
38739,433,4
38740,416,4
38741,427,4
38742,433,4
38743,445,4
38744,419,4
38745,419,4
38746,432,4
38747,428,4
38748,423,4
38749,444,4
38750,405,4
38751,408,4
38752,405,4
38753,439,4
38754,431,4
38755,409,4
38756,424,4
38757,425,4
38758,398,4
38759,427,4
38760,411,4
38761,433,4
38762,411,4
38763,179,4
38764,192,4
38765,188,4
38766,182,4
38767,175,4
38768,158,4
38769,171,4
38770,174,4
38771,173,4
38772,158,4
38773,181,4
38774,162,4
38775,195,4
38776,178,4
38777,188,4
38778,188,4
38779,201,4
38780,178,4
38781,172,4
38782,172,4
38783,194,4
38784,160,4
38785,166,4
38786,179,4
38787,174,4
38788,188,4
38789,160,4
38790,175,4
38791,423,4
38792,412,4
38793,436,4
38794,424,4
38795,423,4
38796,415,4
38797,421,4
38798,413,4
38799,435,4
38800,421,4
38801,409,4
38802,432,4
38803,407,4
38804,413,4
38805,409,4
38806,427,4
38807,424,4
38808,411,4
38809,415,4
38810,421,4
38811,433,4
38812,425,4
38813,428,4
38814,430,4
38815,425,4
38816,428,4
38817,423,4
38818,443,4
38819,431,4
38820,447,4
38821,440,4
38822,423,4
38823,423,4
38824,405,4
38825,412,4
38826,437,4
38827,437,4
38828,401,4
38829,441,4
38830,439,4
38831,438,4
38832,431,4
38833,431,4
38834,423,4
38835,417,4
38836,439,4
38837,422,4
38838,379,4
38839,432,4
38840,412,4
38841,427,4
38842,445,4
38843,250,4
38844,233,4
38845,240,4
38846,234,4
38847,234,4
38848,236,4
38849,212,4
38850,209,4
38851,237,4
38852,228,4
38853,227,4
38854,219,4
38855,220,4
38856,240,4
38857,215,4
38858,225,4
38859,215,4
38860,406,4
38861,426,4
38862,434,4
38863,412,4
38864,416,4
38865,411,4
38866,427,4
38867,419,4
38868,400,4
38869,421,4
38870,437,4
38871,439,4
38872,440,4
38873,413,4
38874,411,4
38875,417,4
38876,437,4
38877,436,4
38878,425,4
38879,438,4
38880,432,4
38881,419,4
38882,421,4
38883,410,4
38884,424,4
38885,418,4
38886,413,4
38887,416,4
38888,443,4
38889,419,4
38890,444,4
38891,426,4
38892,422,4
38893,431,4
38894,396,4
38895,450,4
38896,436,4
38897,427,4
38898,435,4
38899,426,4
38900,420,4
38901,414,4
38902,420,4
38903,428,4
38904,429,4
38905,442,4
38906,421,4
38907,417,4
38908,410,4
38909,430,4
38910,443,4
38911,420,4
38912,418,4
38913,435,4
38914,412,4
38915,444,4
38916,424,4
38917,430,4
38918,425,4
38919,395,4
38920,424,4
38921,420,4
38922,430,4
38923,439,4
38924,431,4
38925,417,4
38926,445,4
38927,426,4
38928,440,4
38929,436,4
38930,413,4
38931,438,4
38932,435,4
38933,426,4
38934,420,4
38935,435,4
38936,437,4
38937,420,4
38938,432,4
38939,421,4
38940,418,4
38941,276,4
38942,280,4
38943,277,4
38944,269,4
38945,257,4
38946,267,4
38947,275,4
38948,296,4
38949,259,4
38950,269,4
38951,269,4
38952,244,4
38953,263,4
38954,256,4
38955,266,4
38956,289,4
38957,278,4
38958,273,4
38959,294,4
38960,287,4
38961,261,4
38962,249,4
38963,243,4
38964,260,4
38965,264,4
38966,289,4
38967,285,4
38968,436,4
38969,419,4
38970,423,4
38971,420,4
38972,451,4
38973,417,4
38974,415,4
38975,432,4
38976,413,4
38977,432,4
38978,428,4
38979,416,4
38980,421,4
38981,415,4
38982,437,4
38983,423,4
38984,422,4
38985,435,4
38986,433,4
38987,428,4
38988,438,4
38989,423,4
38990,414,4
38991,427,4
38992,425,4
38993,442,4
38994,422,4
38995,444,4
38996,410,4
38997,422,4
38998,421,4
38999,421,4
39000,437,4
39001,424,4
39002,424,4
39003,409,4
39004,440,4
39005,443,4
39006,410,4
39007,444,4
39008,408,4
39009,423,4
39010,424,4
39011,421,4
39012,438,4
39013,434,4
39014,405,4
39015,443,4
39016,445,4
39017,433,4
39018,421,4
39019,428,4
39020,422,4
39021,437,4
39022,403,4
39023,430,4
39024,439,4
39025,422,4
39026,432,4
39027,404,4
39028,414,4
39029,430,4
39030,430,4
39031,418,4
39032,429,4
39033,424,4
39034,403,4
39035,422,4
39036,434,4
39037,441,4
39038,422,4
39039,430,4
39040,427,4
39041,431,4
39042,417,4
39043,424,4
39044,432,4
39045,430,4
39046,432,4
39047,435,4
39048,427,4
39049,429,4
39050,418,4
39051,435,4
39052,412,4
39053,432,4
39054,427,4
39055,416,4
39056,417,4
39057,428,4
39058,422,4
39059,420,4
39060,430,4
39061,405,4
39062,426,4
39063,421,4
39064,410,4
39065,421,4
39066,409,4
39067,207,4
39068,202,4
39069,203,4
39070,199,4
39071,168,4
39072,179,4
39073,204,4
39074,217,4
39075,198,4
39076,210,4
39077,183,4
39078,186,4
39079,201,4
39080,184,4
39081,174,4
39082,202,4
39083,185,4
39084,170,4
39085,207,4
39086,199,4
39087,202,4
39088,202,4
39089,437,4
39090,431,4
39091,407,4
39092,412,4
39093,437,4
39094,432,4
39095,423,4
39096,405,4
39097,415,4
39098,421,4
39099,416,4
39100,435,4
39101,434,4
39102,425,4
39103,429,4
39104,414,4
39105,435,4
39106,430,4
39107,424,4
39108,416,4
39109,426,4
39110,421,4
39111,435,4
39112,445,4
39113,433,4
39114,421,4
39115,442,4
39116,420,4
39117,428,4
39118,420,4
39119,425,4
39120,404,4
39121,411,4
39122,424,4
39123,429,4
39124,423,4
39125,435,4
39126,400,4
39127,431,4
39128,441,4
39129,434,4
39130,433,4
39131,437,4
39132,410,4
39133,410,4
39134,421,4
39135,424,4
39136,427,4
39137,411,4
39138,422,4
39139,437,4
39140,421,4
39141,406,4
39142,406,4
39143,437,4
39144,443,4
39145,416,4
39146,435,4
39147,433,4
39148,408,4
39149,220,4
39150,223,4
39151,211,4
39152,210,4
39153,217,4
39154,205,4
39155,229,4
39156,214,4
39157,209,4
39158,213,4
39159,226,4
39160,213,4
39161,209,4
39162,195,4
39163,217,4
39164,211,4
39165,200,4
39166,220,4
39167,201,4
39168,207,4
39169,220,4
39170,220,4
39171,215,4
39172,211,4
39173,209,4
39174,204,4
39175,422,4
39176,438,4
39177,412,4
39178,394,4
39179,416,4
39180,443,4
39181,420,4
39182,425,4
39183,426,4
39184,417,4
39185,441,4
39186,422,4
39187,438,4
39188,426,4
39189,426,4
39190,413,4
39191,437,4
39192,423,4
39193,427,4
39194,445,4
39195,428,4
39196,427,4
39197,437,4
39198,433,4
39199,419,4
39200,418,4
39201,426,4
39202,410,4
39203,445,4
39204,417,4
39205,432,4
39206,433,4
39207,446,4
39208,429,4
39209,420,4
39210,425,4
39211,415,4
39212,441,4
39213,421,4
39214,446,4
39215,417,4
39216,456,4
39217,417,4
39218,416,4
39219,417,4
39220,417,4
39221,429,4
39222,415,4
39223,411,4
39224,414,4
39225,449,4
39226,411,4
39227,427,4
39228,414,4
39229,431,4
39230,427,4
39231,445,4
39232,420,4
39233,430,4
39234,438,4
39235,421,4
39236,428,4
39237,407,4
39238,430,4
39239,427,4
39240,416,4
39241,410,4
39242,422,4
39243,411,4
39244,426,4
39245,432,4
39246,404,4
39247,415,4
39248,279,4
39249,267,4
39250,243,4
39251,254,4
39252,238,4
39253,273,4
39254,259,4
39255,261,4
39256,274,4
39257,257,4
39258,263,4
39259,273,4
39260,250,4
39261,245,4
39262,281,4
39263,251,4
39264,231,4
39265,251,4
39266,252,4
39267,284,4
39268,266,4
39269,257,4
39270,251,4
39271,268,4
39272,272,4
39273,266,4
39274,436,4
39275,444,4
39276,426,4
39277,419,4
39278,420,4
39279,440,4
39280,434,4
39281,427,4
39282,419,4
39283,415,4
39284,425,4
39285,413,4
39286,422,4
39287,439,4
39288,423,4
39289,422,4
39290,427,4
39291,437,4
39292,447,4
39293,411,4
39294,439,4
39295,435,4
39296,410,4
39297,413,4
39298,436,4
39299,432,4
39300,431,4
39301,436,4
39302,430,4
39303,400,4
39304,416,4
39305,413,4
39306,433,4
39307,419,4
39308,431,4
39309,427,4
39310,411,4
39311,436,4
39312,439,4
39313,436,4
39314,428,4
39315,424,4
39316,418,4
39317,440,4
39318,444,4
39319,417,4
39320,412,4
39321,412,4
39322,413,4
39323,429,4
39324,409,4
39325,418,4
39326,419,4
39327,427,4
39328,423,4
39329,430,4
39330,424,4
39331,245,4
39332,266,4
39333,245,4
39334,246,4
39335,272,4
39336,241,4
39337,261,4
39338,258,4
39339,232,4
39340,245,4
39341,251,4
39342,254,4
39343,233,4
39344,233,4
39345,254,4
39346,231,4
39347,239,4
39348,226,4
39349,233,4
39350,240,4
39351,241,4
39352,245,4
39353,241,4
39354,254,4
39355,258,4
39356,235,4
39357,223,4
39358,248,4
39359,437,4
39360,416,4
39361,421,4
39362,437,4
39363,438,4
39364,431,4
39365,425,4
39366,419,4
39367,428,4
39368,426,4
39369,433,4
39370,430,4
39371,408,4
39372,423,4
39373,441,4
39374,396,4
39375,409,4
39376,413,4
39377,433,4
39378,419,4
39379,426,4
39380,431,4
39381,431,4
39382,417,4
39383,421,4
39384,423,4
39385,445,4
39386,422,4
39387,432,4
39388,434,4
39389,438,4
39390,436,4
39391,426,4
39392,431,4
39393,455,4
39394,416,4
39395,419,4
39396,411,4
39397,427,4
39398,419,4
39399,412,4
39400,427,4
39401,428,4
39402,425,4
39403,425,4
39404,426,4
39405,412,4
39406,422,4
39407,410,4
39408,418,4
39409,439,4
39410,423,4
39411,432,4
39412,426,4
39413,420,4
39414,413,4
39415,420,4
39416,427,4
39417,432,4
39418,426,4
39419,433,4
39420,407,4
39421,435,4
39422,411,4
39423,437,4
39424,431,4
39425,403,4
39426,434,4
39427,437,4
39428,440,4
39429,416,4
39430,427,4
39431,433,4
39432,434,4
39433,430,4
39434,420,4
39435,437,4
39436,437,4
39437,423,4
39438,416,4
39439,416,4
39440,441,4
39441,436,4
39442,425,4
39443,423,4
39444,404,4
39445,424,4
39446,411,4
39447,427,4
39448,439,4
39449,413,4
39450,428,4
39451,437,4
39452,428,4
39453,419,4
39454,425,4
39455,436,4
39456,428,4
39457,425,4
39458,439,4
39459,431,4
39460,411,4
39461,433,4
39462,436,4
39463,410,4
39464,398,4
39465,412,4
39466,424,4
39467,266,4
39468,243,4
39469,261,4
39470,219,4
39471,256,4
39472,249,4
39473,279,4
39474,231,4
39475,254,4
39476,231,4
39477,247,4
39478,234,4
39479,282,4
39480,250,4
39481,251,4
39482,254,4
39483,240,4
39484,267,4
39485,262,4
39486,265,4
39487,239,4
39488,268,4
39489,266,4
39490,251,4
39491,265,4
39492,257,4
39493,235,4
39494,252,4
39495,419,4
39496,426,4
39497,437,4
39498,405,4
39499,420,4
39500,423,4
39501,434,4
39502,435,4
39503,429,4
39504,419,4
39505,424,4
39506,409,4
39507,408,4
39508,418,4
39509,437,4
39510,426,4
39511,436,4
39512,440,4
39513,429,4
39514,413,4
39515,435,4
39516,411,4
39517,419,4
39518,441,4
39519,425,4
39520,431,4
39521,401,4
39522,421,4
39523,428,4
39524,426,4
39525,434,4
39526,417,4
39527,439,4
39528,419,4
39529,425,4
39530,413,4
39531,432,4
39532,416,4
39533,428,4
39534,435,4
39535,436,4
39536,456,4
39537,425,4
39538,421,4
39539,417,4
39540,432,4
39541,423,4
39542,415,4
39543,414,4
39544,440,4
39545,436,4
39546,441,4
39547,408,4
39548,421,4
39549,414,4
39550,427,4
39551,416,4
39552,442,4
39553,178,4
39554,205,4
39555,193,4
39556,193,4
39557,203,4
39558,183,4
39559,193,4
39560,186,4
39561,173,4
39562,175,4
39563,180,4
39564,188,4
39565,192,4
39566,189,4
39567,189,4
39568,179,4
39569,156,4
39570,192,4
39571,173,4
39572,208,4
39573,187,4
39574,442,4
39575,412,4
39576,439,4
39577,434,4
39578,430,4
39579,412,4
39580,417,4
39581,433,4
39582,417,4
39583,415,4
39584,419,4
39585,431,4
39586,442,4
39587,430,4
39588,440,4
39589,423,4
39590,449,4
39591,441,4
39592,436,4
39593,430,4
39594,430,4
39595,407,4
39596,407,4
39597,433,4
39598,426,4
39599,432,4
39600,423,4
39601,430,4
39602,419,4
39603,429,4
39604,454,4
39605,439,4
39606,418,4
39607,413,4
39608,429,4
39609,421,4
39610,417,4
39611,449,4
39612,401,4
39613,434,4
39614,448,4
39615,411,4
39616,420,4
39617,421,4
39618,444,4
39619,425,4
39620,450,4
39621,435,4
39622,421,4
39623,411,4
39624,413,4
39625,433,4
39626,456,4
39627,419,4
39628,417,4
39629,433,4
39630,423,4
39631,419,4
39632,444,4
39633,443,4
39634,428,4
39635,417,4
39636,430,4
39637,437,4
39638,441,4
39639,438,4
39640,394,4
39641,431,4
39642,434,4
39643,436,4
39644,429,4
39645,426,4
39646,421,4
39647,415,4
39648,417,4
39649,442,4
39650,246,4
39651,247,4
39652,230,4
39653,244,4
39654,259,4
39655,239,4
39656,247,4
39657,231,4
39658,232,4
39659,241,4
39660,229,4
39661,228,4
39662,235,4
39663,240,4
39664,230,4
39665,239,4
39666,224,4
39667,239,4
39668,214,4
39669,438,4
39670,406,4
39671,444,4
39672,430,4
39673,432,4
39674,420,4
39675,432,4
39676,427,4
39677,411,4
39678,434,4
39679,415,4
39680,453,4
39681,416,4
39682,406,4
39683,445,4
39684,434,4
39685,430,4
39686,418,4
39687,426,4
39688,423,4
39689,436,4
39690,418,4
39691,419,4
39692,434,4
39693,441,4
39694,420,4
39695,433,4
39696,437,4
39697,414,4
39698,422,4
39699,404,4
39700,436,4
39701,420,4
39702,419,4
39703,424,4
39704,423,4
39705,453,4
39706,430,4
39707,433,4
39708,425,4
39709,426,4
39710,433,4
39711,425,4
39712,442,4
39713,415,4
39714,440,4
39715,439,4
39716,450,4
39717,404,4
39718,438,4
39719,417,4
39720,436,4
39721,436,4
39722,415,4
39723,434,4
39724,421,4
39725,417,4
39726,402,4
39727,442,4
39728,424,4
39729,412,4
39730,429,4
39731,209,4
39732,197,4
39733,197,4
39734,221,4
39735,211,4
39736,200,4
39737,204,4
39738,204,4
39739,188,4
39740,219,4
39741,204,4
39742,206,4
39743,215,4
39744,223,4
39745,210,4
39746,195,4
39747,205,4
39748,424,4
39749,403,4
39750,431,4
39751,433,4
39752,426,4
39753,415,4
39754,428,4
39755,437,4
39756,422,4
39757,435,4
39758,430,4
39759,402,4
39760,419,4
39761,431,4
39762,427,4
39763,436,4
39764,428,4
39765,433,4
39766,421,4
39767,429,4
39768,413,4
39769,435,4
39770,428,4
39771,410,4
39772,422,4
39773,455,4
39774,423,4
39775,421,4
39776,416,4
39777,412,4
39778,413,4
39779,449,4
39780,429,4
39781,408,4
39782,425,4
39783,437,4
39784,430,4
39785,408,4
39786,433,4
39787,425,4
39788,428,4
39789,447,4
39790,425,4
39791,417,4
39792,404,4
39793,417,4
39794,416,4
39795,402,4
39796,433,4
39797,431,4
39798,425,4
39799,413,4
39800,426,4
39801,432,4
39802,419,4
39803,424,4
39804,429,4
39805,423,4
39806,427,4
39807,411,4
39808,432,4
39809,418,4
39810,408,4
39811,428,4
39812,429,4
39813,430,4
39814,430,4
39815,430,4
39816,443,4
39817,435,4
39818,436,4
39819,432,4
39820,435,4
39821,420,4
39822,433,4
39823,439,4
39824,422,4
39825,441,4
39826,421,4
39827,431,4
39828,413,4
39829,435,4
39830,440,4
39831,425,4
39832,409,4
39833,274,4
39834,263,4
39835,275,4
39836,284,4
39837,279,4
39838,255,4
39839,270,4
39840,276,4
39841,290,4
39842,272,4
39843,280,4
39844,276,4
39845,267,4
39846,268,4
39847,271,4
39848,289,4
39849,264,4
39850,272,4
39851,418,4
39852,441,4
39853,430,4
39854,441,4
39855,393,4
39856,436,4
39857,414,4
39858,418,4
39859,423,4
39860,425,4
39861,425,4
39862,416,4
39863,424,4
39864,424,4
39865,405,4
39866,429,4
39867,425,4
39868,427,4
39869,419,4
39870,425,4
39871,399,4
39872,419,4
39873,420,4
39874,424,4
39875,425,4
39876,436,4
39877,412,4
39878,434,4
39879,449,4
39880,419,4
39881,434,4
39882,442,4
39883,442,4
39884,422,4
39885,438,4
39886,435,4
39887,439,4
39888,433,4
39889,439,4
39890,422,4
39891,419,4
39892,399,4
39893,420,4
39894,421,4
39895,403,4
39896,426,4
39897,438,4
39898,414,4
39899,447,4
39900,424,4
39901,414,4
39902,432,4
39903,434,4
39904,423,4
39905,428,4
39906,425,4
39907,417,4
39908,429,4
39909,417,4
39910,434,4
39911,453,4
39912,438,4
39913,423,4
39914,429,4
39915,439,4
39916,424,4
39917,432,4
39918,434,4
39919,428,4
39920,427,4
39921,438,4
39922,446,4
39923,424,4
39924,440,4
39925,407,4
39926,431,4
39927,399,4
39928,416,4
39929,413,4
39930,445,4
39931,422,4
39932,424,4
39933,422,4
39934,191,4
39935,212,4
39936,210,4
39937,199,4
39938,225,4
39939,225,4
39940,194,4
39941,200,4
39942,214,4
39943,203,4
39944,206,4
39945,197,4
39946,197,4
39947,202,4
39948,210,4
39949,211,4
39950,199,4
39951,195,4
39952,194,4
39953,221,4
39954,234,4
39955,214,4
39956,178,4
39957,216,4
39958,223,4
39959,201,4
39960,436,4
39961,438,4
39962,440,4
39963,418,4
39964,426,4
39965,427,4
39966,441,4
39967,420,4
39968,436,4
39969,428,4
39970,437,4
39971,434,4
39972,417,4
39973,428,4
39974,417,4
39975,425,4
39976,446,4
39977,420,4
39978,418,4
39979,423,4
39980,433,4
39981,433,4
39982,429,4
39983,415,4
39984,422,4
39985,442,4
39986,407,4
39987,428,4
39988,422,4
39989,431,4
39990,427,4
39991,407,4
39992,432,4
39993,413,4
39994,411,4
39995,426,4
39996,420,4
39997,415,4
39998,420,4
39999,416,4
40000,423,5
40001,434,5
40002,423,5
40003,422,5
40004,436,5
40005,417,5
40006,413,5
40007,433,5
40008,427,5
40009,427,5
40010,421,5
40011,432,5
40012,409,5
40013,402,5
40014,420,5
40015,433,5
40016,440,5
40017,432,5
40018,414,5
40019,414,5
40020,440,5
40021,436,5
40022,432,5
40023,436,5
40024,427,5
40025,423,5
40026,423,5
40027,433,5
40028,428,5
40029,401,5
40030,662,5
40031,658,5
40032,655,5
40033,668,5
40034,642,5
40035,638,5
40036,657,5
40037,642,5
40038,671,5
40039,643,5
40040,643,5
40041,646,5
40042,648,5
40043,647,5
40044,648,5
40045,647,5
40046,633,5
40047,657,5
40048,646,5
40049,649,5
40050,637,5
40051,633,5
40052,650,5
40053,670,5
40054,670,5
40055,640,5
40056,642,5
40057,427,5
40058,393,5
40059,418,5
40060,428,5
40061,422,5
40062,402,5
40063,403,5
40064,408,5
40065,424,5
40066,415,5
40067,444,5
40068,409,5
40069,440,5
40070,411,5
40071,455,5
40072,433,5
40073,398,5
40074,440,5
40075,419,5
40076,436,5
40077,425,5
40078,421,5
40079,422,5
40080,411,5
40081,420,5
40082,409,5
40083,419,5
40084,427,5
40085,438,5
40086,443,5
40087,425,5
40088,411,5
40089,424,5
40090,423,5
40091,441,5
40092,436,5
40093,428,5
40094,443,5
40095,419,5
40096,433,5
40097,419,5
40098,419,5
40099,400,5
40100,423,5
40101,430,5
40102,437,5
40103,425,5
40104,432,5
40105,429,5
40106,438,5
40107,431,5
40108,447,5
40109,428,5
40110,414,5
40111,440,5
40112,433,5
40113,431,5
40114,406,5
40115,443,5
40116,437,5
40117,429,5
40118,391,5
40119,421,5
40120,448,5
40121,431,5
40122,410,5
40123,418,5
40124,420,5
40125,439,5
40126,407,5
40127,438,5
40128,434,5
40129,452,5
40130,431,5
40131,410,5
40132,424,5
40133,413,5
40134,430,5
40135,446,5
40136,415,5
40137,436,5
40138,418,5
40139,406,5
40140,444,5
40141,428,5
40142,431,5
40143,435,5
40144,405,5
40145,422,5
40146,405,5
40147,419,5
40148,439,5
40149,430,5
40150,418,5
40151,425,5
40152,423,5
40153,429,5
40154,417,5
40155,424,5
40156,427,5
40157,430,5
40158,428,5
40159,405,5
40160,410,5
40161,432,5
40162,422,5
40163,420,5
40164,422,5
40165,422,5
40166,634,5
40167,676,5
40168,654,5
40169,656,5
40170,657,5
40171,667,5
40172,664,5
40173,655,5
40174,645,5
40175,670,5
40176,656,5
40177,663,5
40178,643,5
40179,663,5
40180,638,5
40181,651,5
40182,657,5
40183,676,5
40184,663,5
40185,442,5
40186,431,5
40187,412,5
40188,412,5
40189,434,5
40190,413,5
40191,406,5
40192,413,5
40193,428,5
40194,415,5
40195,440,5
40196,430,5
40197,427,5
40198,430,5
40199,432,5
40200,440,5
40201,433,5
40202,420,5
40203,434,5
40204,409,5
40205,435,5
40206,428,5
40207,399,5
40208,449,5
40209,409,5
40210,432,5
40211,442,5
40212,394,5
40213,428,5
40214,436,5
40215,438,5
40216,440,5
40217,436,5
40218,421,5
40219,431,5
40220,449,5
40221,440,5
40222,417,5
40223,438,5
40224,441,5
40225,414,5
40226,425,5
40227,422,5
40228,436,5
40229,420,5
40230,417,5
40231,438,5
40232,411,5
40233,427,5
40234,416,5
40235,438,5
40236,418,5
40237,425,5
40238,396,5
40239,425,5
40240,423,5
40241,426,5
40242,441,5
40243,432,5
40244,430,5
40245,416,5
40246,451,5
40247,403,5
40248,411,5
40249,416,5
40250,427,5
40251,426,5
40252,416,5
40253,427,5
40254,439,5
40255,426,5
40256,410,5
40257,424,5
40258,415,5
40259,408,5
40260,649,5
40261,637,5
40262,644,5
40263,653,5
40264,652,5
40265,663,5
40266,628,5
40267,646,5
40268,660,5
40269,628,5
40270,646,5
40271,651,5
40272,635,5
40273,640,5
40274,634,5
40275,652,5
40276,618,5
40277,639,5
40278,416,5
40279,436,5
40280,406,5
40281,441,5
40282,434,5
40283,438,5
40284,420,5
40285,420,5
40286,416,5
40287,432,5
40288,421,5
40289,415,5
40290,421,5
40291,429,5
40292,410,5
40293,414,5
40294,441,5
40295,414,5
40296,442,5
40297,419,5
40298,409,5
40299,441,5
40300,419,5
40301,426,5
40302,406,5
40303,425,5
40304,424,5
40305,400,5
40306,413,5
40307,412,5
40308,406,5
40309,416,5
40310,431,5
40311,417,5
40312,439,5
40313,421,5
40314,429,5
40315,431,5
40316,443,5
40317,416,5
40318,430,5
40319,414,5
40320,446,5
40321,413,5
40322,430,5
40323,444,5
40324,411,5
40325,432,5
40326,413,5
40327,453,5
40328,402,5
40329,407,5
40330,412,5
40331,412,5
40332,431,5
40333,447,5
40334,439,5
40335,428,5
40336,425,5
40337,418,5
40338,430,5
40339,422,5
40340,427,5
40341,416,5
40342,411,5
40343,425,5
40344,425,5
40345,418,5
40346,416,5
40347,432,5
40348,430,5
40349,448,5
40350,442,5
40351,411,5
40352,423,5
40353,409,5
40354,403,5
40355,451,5
40356,443,5
40357,417,5
40358,440,5
40359,442,5
40360,402,5
40361,435,5
40362,419,5
40363,430,5
40364,461,5
40365,647,5
40366,627,5
40367,646,5
40368,605,5
40369,635,5
40370,635,5
40371,637,5
40372,622,5
40373,633,5
40374,639,5
40375,601,5
40376,625,5
40377,618,5
40378,636,5
40379,645,5
40380,418,5
40381,412,5
40382,426,5
40383,411,5
40384,422,5
40385,421,5
40386,432,5
40387,429,5
40388,427,5
40389,445,5
40390,428,5
40391,420,5
40392,421,5
40393,416,5
40394,413,5
40395,408,5
40396,439,5
40397,416,5
40398,429,5
40399,421,5
40400,427,5
40401,414,5
40402,418,5
40403,435,5
40404,431,5
40405,436,5
40406,422,5
40407,408,5
40408,431,5
40409,428,5
40410,428,5
40411,408,5
40412,417,5
40413,414,5
40414,430,5
40415,430,5
40416,424,5
40417,437,5
40418,443,5
40419,429,5
40420,433,5
40421,419,5
40422,416,5
40423,437,5
40424,415,5
40425,433,5
40426,446,5
40427,433,5
40428,424,5
40429,409,5
40430,427,5
40431,437,5
40432,423,5
40433,437,5
40434,429,5
40435,428,5
40436,421,5
40437,607,5
40438,619,5
40439,619,5
40440,631,5
40441,624,5
40442,637,5
40443,627,5
40444,618,5
40445,614,5
40446,617,5
40447,626,5
40448,620,5
40449,611,5
40450,636,5
40451,626,5
40452,627,5
40453,614,5
40454,612,5
40455,622,5
40456,600,5
40457,633,5
40458,616,5
40459,621,5
40460,629,5
40461,621,5
40462,610,5
40463,642,5
40464,606,5
40465,398,5
40466,435,5
40467,407,5
40468,440,5
40469,430,5
40470,428,5
40471,418,5
40472,415,5
40473,420,5
40474,414,5
40475,439,5
40476,416,5
40477,431,5
40478,437,5
40479,414,5
40480,430,5
40481,414,5
40482,423,5
40483,419,5
40484,417,5
40485,427,5
40486,410,5
40487,436,5
40488,412,5
40489,410,5
40490,422,5
40491,421,5
40492,429,5
40493,426,5
40494,405,5
40495,437,5
40496,422,5
40497,428,5
40498,451,5
40499,440,5
40500,409,5
40501,439,5
40502,420,5
40503,423,5
40504,411,5
40505,430,5
40506,439,5
40507,443,5
40508,420,5
40509,433,5
40510,424,5
40511,436,5
40512,425,5
40513,415,5
40514,441,5
40515,426,5
40516,421,5
40517,427,5
40518,416,5
40519,430,5
40520,423,5
40521,415,5
40522,454,5
40523,413,5
40524,429,5
40525,426,5
40526,413,5
40527,421,5
40528,409,5
40529,450,5
40530,422,5
40531,423,5
40532,448,5
40533,415,5
40534,441,5
40535,432,5
40536,606,5
40537,625,5
40538,635,5
40539,630,5
40540,630,5
40541,622,5
40542,621,5
40543,626,5
40544,653,5
40545,619,5
40546,624,5
40547,630,5
40548,612,5
40549,635,5
40550,614,5
40551,617,5
40552,616,5
40553,610,5
40554,645,5
40555,636,5
40556,436,5
40557,435,5
40558,423,5
40559,425,5
40560,437,5
40561,445,5
40562,410,5
40563,455,5
40564,409,5
40565,419,5
40566,426,5
40567,427,5
40568,449,5
40569,437,5
40570,430,5
40571,437,5
40572,429,5
40573,417,5
40574,431,5
40575,426,5
40576,415,5
40577,440,5
40578,424,5
40579,412,5
40580,413,5
40581,431,5
40582,438,5
40583,431,5
40584,431,5
40585,415,5
40586,426,5
40587,421,5
40588,423,5
40589,424,5
40590,417,5
40591,434,5
40592,413,5
40593,409,5
40594,416,5
40595,436,5
40596,429,5
40597,404,5
40598,432,5
40599,424,5
40600,409,5
40601,427,5
40602,410,5
40603,421,5
40604,421,5
40605,434,5
40606,425,5
40607,433,5
40608,411,5
40609,424,5
40610,431,5
40611,440,5
40612,411,5
40613,415,5
40614,431,5
40615,444,5
40616,428,5
40617,412,5
40618,412,5
40619,427,5
40620,429,5
40621,422,5
40622,412,5
40623,438,5
40624,421,5
40625,431,5
40626,404,5
40627,439,5
40628,417,5
40629,441,5
40630,432,5
40631,408,5
40632,428,5
40633,445,5
40634,418,5
40635,445,5
40636,430,5
40637,441,5
40638,427,5
40639,424,5
40640,606,5
40641,593,5
40642,581,5
40643,589,5
40644,577,5
40645,585,5
40646,599,5
40647,582,5
40648,574,5
40649,573,5
40650,585,5
40651,574,5
40652,567,5
40653,570,5
40654,598,5
40655,582,5
40656,585,5
40657,573,5
40658,577,5
40659,577,5
40660,581,5
40661,564,5
40662,597,5
40663,584,5
40664,587,5
40665,595,5
40666,594,5
40667,577,5
40668,591,5
40669,432,5
40670,429,5
40671,438,5
40672,435,5
40673,434,5
40674,441,5
40675,425,5
40676,426,5
40677,435,5
40678,423,5
40679,431,5
40680,418,5
40681,398,5
40682,432,5
40683,406,5
40684,417,5
40685,435,5
40686,435,5
40687,439,5
40688,401,5
40689,429,5
40690,422,5
40691,437,5
40692,443,5
40693,409,5
40694,425,5
40695,435,5
40696,421,5
40697,446,5
40698,420,5
40699,421,5
40700,412,5
40701,427,5
40702,389,5
40703,422,5
40704,440,5
40705,408,5
40706,406,5
40707,438,5
40708,440,5
40709,409,5
40710,446,5
40711,430,5
40712,438,5
40713,415,5
40714,443,5
40715,422,5
40716,421,5
40717,431,5
40718,420,5
40719,407,5
40720,427,5
40721,421,5
40722,416,5
40723,440,5
40724,454,5
40725,414,5
40726,427,5
40727,420,5
40728,452,5
40729,431,5
40730,436,5
40731,439,5
40732,427,5
40733,423,5
40734,443,5
40735,434,5
40736,415,5
40737,416,5
40738,420,5
40739,439,5
40740,443,5
40741,451,5
40742,416,5
40743,427,5
40744,420,5
40745,423,5
40746,436,5
40747,424,5
40748,441,5
40749,419,5
40750,434,5
40751,420,5
40752,403,5
40753,413,5
40754,426,5
40755,448,5
40756,419,5
40757,423,5
40758,583,5
40759,570,5
40760,571,5
40761,578,5
40762,572,5
40763,556,5
40764,569,5
40765,585,5
40766,585,5
40767,593,5
40768,592,5
40769,566,5
40770,568,5
40771,569,5
40772,575,5
40773,570,5
40774,423,5
40775,415,5
40776,434,5
40777,414,5
40778,413,5
40779,431,5
40780,434,5
40781,422,5
40782,435,5
40783,435,5
40784,448,5
40785,434,5
40786,445,5
40787,426,5
40788,442,5
40789,442,5
40790,423,5
40791,417,5
40792,419,5
40793,430,5
40794,411,5
40795,420,5
40796,439,5
40797,433,5
40798,397,5
40799,409,5
40800,418,5
40801,407,5
40802,410,5
40803,431,5
40804,449,5
40805,448,5
40806,406,5
40807,421,5
40808,415,5
40809,427,5
40810,409,5
40811,418,5
40812,415,5
40813,431,5
40814,419,5
40815,421,5
40816,431,5
40817,445,5
40818,450,5
40819,430,5
40820,424,5
40821,441,5
40822,439,5
40823,436,5
40824,406,5
40825,439,5
40826,429,5
40827,414,5
40828,417,5
40829,432,5
40830,395,5
40831,423,5
40832,417,5
40833,416,5
40834,420,5
40835,407,5
40836,438,5
40837,399,5
40838,427,5
40839,415,5
40840,449,5
40841,425,5
40842,400,5
40843,432,5
40844,412,5
40845,437,5
40846,432,5
40847,443,5
40848,427,5
40849,435,5
40850,426,5
40851,418,5
40852,438,5
40853,410,5
40854,634,5
40855,628,5
40856,645,5
40857,623,5
40858,630,5
40859,635,5
40860,653,5
40861,628,5
40862,630,5
40863,618,5
40864,623,5
40865,640,5
40866,635,5
40867,635,5
40868,656,5
40869,615,5
40870,662,5
40871,649,5
40872,631,5
40873,639,5
40874,626,5
40875,638,5
40876,660,5
40877,627,5
40878,632,5
40879,626,5
40880,628,5
40881,420,5
40882,412,5
40883,422,5
40884,426,5
40885,420,5
40886,397,5
40887,423,5
40888,424,5
40889,448,5
40890,425,5
40891,436,5
40892,420,5
40893,441,5
40894,414,5
40895,431,5
40896,435,5
40897,433,5
40898,451,5
40899,418,5
40900,426,5
40901,447,5
40902,423,5
40903,425,5
40904,425,5
40905,410,5
40906,434,5
40907,432,5
40908,424,5
40909,446,5
40910,420,5
40911,404,5
40912,448,5
40913,437,5
40914,433,5
40915,421,5
40916,429,5
40917,410,5
40918,422,5
40919,414,5
40920,428,5
40921,436,5
40922,412,5
40923,434,5
40924,427,5
40925,433,5
40926,422,5
40927,433,5
40928,417,5
40929,405,5
40930,408,5
40931,419,5
40932,406,5
40933,444,5
40934,424,5
40935,436,5
40936,434,5
40937,425,5
40938,467,5
40939,677,5
40940,659,5
40941,631,5
40942,659,5
40943,621,5
40944,659,5
40945,611,5
40946,638,5
40947,656,5
40948,646,5
40949,624,5
40950,644,5
40951,646,5
40952,644,5
40953,637,5
40954,652,5
40955,656,5
40956,640,5
40957,660,5
40958,640,5
40959,636,5
40960,658,5
40961,658,5
40962,634,5
40963,633,5
40964,663,5
40965,641,5
40966,642,5
40967,422,5
40968,441,5
40969,451,5
40970,426,5
40971,454,5
40972,418,5
40973,422,5
40974,433,5
40975,415,5
40976,433,5
40977,419,5
40978,406,5
40979,404,5
40980,421,5
40981,430,5
40982,409,5
40983,427,5
40984,427,5
40985,423,5
40986,414,5
40987,428,5
40988,423,5
40989,437,5
40990,409,5
40991,426,5
40992,410,5
40993,422,5
40994,412,5
40995,414,5
40996,425,5
40997,418,5
40998,443,5
40999,439,5
41000,433,5
41001,432,5
41002,450,5
41003,430,5
41004,404,5
41005,423,5
41006,412,5
41007,408,5
41008,430,5
41009,400,5
41010,426,5
41011,405,5
41012,423,5
41013,434,5
41014,417,5
41015,411,5
41016,421,5
41017,432,5
41018,429,5
41019,424,5
41020,415,5
41021,420,5
41022,433,5
41023,423,5
41024,428,5
41025,421,5
41026,411,5
41027,449,5
41028,434,5
41029,428,5
41030,423,5
41031,442,5
41032,415,5
41033,433,5
41034,425,5
41035,422,5
41036,422,5
41037,441,5
41038,403,5
41039,445,5
41040,437,5
41041,425,5
41042,422,5
41043,425,5
41044,431,5
41045,440,5
41046,431,5
41047,428,5
41048,425,5
41049,403,5
41050,405,5
41051,684,5
41052,676,5
41053,680,5
41054,680,5
41055,678,5
41056,681,5
41057,660,5
41058,677,5
41059,676,5
41060,686,5
41061,627,5
41062,699,5
41063,681,5
41064,674,5
41065,659,5
41066,667,5
41067,675,5
41068,691,5
41069,689,5
41070,432,5
41071,434,5
41072,427,5
41073,413,5
41074,416,5
41075,437,5
41076,433,5
41077,418,5
41078,416,5
41079,433,5
41080,421,5
41081,416,5
41082,429,5
41083,433,5
41084,412,5
41085,421,5
41086,434,5
41087,444,5
41088,429,5
41089,419,5
41090,415,5
41091,425,5
41092,425,5
41093,399,5
41094,405,5
41095,398,5
41096,425,5
41097,438,5
41098,436,5
41099,410,5
41100,401,5
41101,431,5
41102,414,5
41103,427,5
41104,407,5
41105,426,5
41106,423,5
41107,396,5
41108,444,5
41109,421,5
41110,422,5
41111,431,5
41112,424,5
41113,429,5
41114,411,5
41115,423,5
41116,402,5
41117,422,5
41118,442,5
41119,407,5
41120,421,5
41121,400,5
41122,425,5
41123,431,5
41124,430,5
41125,418,5
41126,399,5
41127,410,5
41128,440,5
41129,436,5
41130,424,5
41131,427,5
41132,413,5
41133,440,5
41134,416,5
41135,430,5
41136,409,5
41137,423,5
41138,440,5
41139,414,5
41140,434,5
41141,412,5
41142,414,5
41143,425,5
41144,437,5
41145,421,5
41146,432,5
41147,439,5
41148,416,5
41149,407,5
41150,421,5
41151,440,5
41152,415,5
41153,437,5
41154,422,5
41155,446,5
41156,452,5
41157,437,5
41158,405,5
41159,396,5
41160,426,5
41161,436,5
41162,671,5
41163,656,5
41164,647,5
41165,676,5
41166,687,5
41167,657,5
41168,675,5
41169,696,5
41170,663,5
41171,663,5
41172,672,5
41173,662,5
41174,681,5
41175,660,5
41176,665,5
41177,648,5
41178,662,5
41179,653,5
41180,669,5
41181,645,5
41182,677,5
41183,655,5
41184,687,5
41185,682,5
41186,672,5
41187,647,5
41188,658,5
41189,414,5
41190,416,5
41191,444,5
41192,423,5
41193,417,5
41194,416,5
41195,419,5
41196,431,5
41197,405,5
41198,426,5
41199,430,5
41200,421,5
41201,451,5
41202,411,5
41203,420,5
41204,400,5
41205,419,5
41206,439,5
41207,418,5
41208,415,5
41209,440,5
41210,427,5
41211,427,5
41212,412,5
41213,413,5
41214,422,5
41215,402,5
41216,435,5
41217,432,5
41218,430,5
41219,409,5
41220,433,5
41221,415,5
41222,440,5
41223,421,5
41224,426,5
41225,433,5
41226,429,5
41227,387,5
41228,404,5
41229,416,5
41230,430,5
41231,446,5
41232,421,5
41233,435,5
41234,433,5
41235,409,5
41236,425,5
41237,418,5
41238,414,5
41239,445,5
41240,430,5
41241,415,5
41242,418,5
41243,427,5
41244,429,5
41245,402,5
41246,441,5
41247,427,5
41248,414,5
41249,454,5
41250,430,5
41251,444,5
41252,440,5
41253,449,5
41254,438,5
41255,436,5
41256,434,5
41257,442,5
41258,418,5
41259,625,5
41260,613,5
41261,631,5
41262,616,5
41263,617,5
41264,597,5
41265,644,5
41266,605,5
41267,625,5
41268,627,5
41269,637,5
41270,614,5
41271,603,5
41272,631,5
41273,634,5
41274,624,5
41275,620,5
41276,619,5
41277,606,5
41278,593,5
41279,640,5
41280,425,5
41281,435,5
41282,421,5
41283,421,5
41284,419,5
41285,423,5
41286,439,5
41287,427,5
41288,445,5
41289,411,5
41290,423,5
41291,424,5
41292,434,5
41293,417,5
41294,439,5
41295,433,5
41296,444,5
41297,419,5
41298,405,5
41299,437,5
41300,432,5
41301,429,5
41302,418,5
41303,444,5
41304,420,5
41305,445,5
41306,436,5
41307,434,5
41308,431,5
41309,434,5
41310,418,5
41311,411,5
41312,445,5
41313,418,5
41314,422,5
41315,409,5
41316,432,5
41317,412,5
41318,430,5
41319,421,5
41320,428,5
41321,445,5
41322,411,5
41323,419,5
41324,416,5
41325,431,5
41326,430,5
41327,422,5
41328,439,5
41329,425,5
41330,418,5
41331,441,5
41332,422,5
41333,423,5
41334,424,5
41335,428,5
41336,439,5
41337,436,5
41338,432,5
41339,413,5
41340,425,5
41341,423,5
41342,432,5
41343,423,5
41344,442,5
41345,433,5
41346,432,5
41347,413,5
41348,416,5
41349,419,5
41350,425,5
41351,439,5
41352,416,5
41353,406,5
41354,442,5
41355,419,5
41356,424,5
41357,437,5
41358,439,5
41359,414,5
41360,632,5
41361,646,5
41362,630,5
41363,642,5
41364,631,5
41365,642,5
41366,645,5
41367,650,5
41368,635,5
41369,624,5
41370,632,5
41371,633,5
41372,629,5
41373,638,5
41374,636,5
41375,633,5
41376,656,5
41377,619,5
41378,634,5
41379,629,5
41380,607,5
41381,417,5
41382,408,5
41383,435,5
41384,410,5
41385,408,5
41386,423,5
41387,421,5
41388,420,5
41389,412,5
41390,436,5
41391,423,5
41392,437,5
41393,413,5
41394,417,5
41395,415,5
41396,425,5
41397,417,5
41398,438,5
41399,398,5
41400,416,5
41401,447,5
41402,424,5
41403,421,5
41404,418,5
41405,422,5
41406,431,5
41407,431,5
41408,411,5
41409,411,5
41410,437,5
41411,419,5
41412,424,5
41413,426,5
41414,443,5
41415,441,5
41416,429,5
41417,417,5
41418,453,5
41419,433,5
41420,441,5
41421,422,5
41422,411,5
41423,431,5
41424,425,5
41425,445,5
41426,424,5
41427,420,5
41428,440,5
41429,420,5
41430,422,5
41431,406,5
41432,439,5
41433,423,5
41434,411,5
41435,439,5
41436,422,5
41437,447,5
41438,440,5
41439,411,5
41440,434,5
41441,438,5
41442,405,5
41443,422,5
41444,419,5
41445,438,5
41446,414,5
41447,428,5
41448,448,5
41449,401,5
41450,426,5
41451,427,5
41452,395,5
41453,405,5
41454,435,5
41455,424,5
41456,427,5
41457,423,5
41458,440,5
41459,677,5
41460,662,5
41461,620,5
41462,648,5
41463,666,5
41464,643,5
41465,666,5
41466,645,5
41467,634,5
41468,657,5
41469,654,5
41470,641,5
41471,664,5
41472,626,5
41473,661,5
41474,642,5
41475,670,5
41476,658,5
41477,644,5
41478,637,5
41479,629,5
41480,424,5
41481,426,5
41482,438,5
41483,416,5
41484,429,5
41485,421,5
41486,443,5
41487,423,5
41488,416,5
41489,411,5
41490,420,5
41491,422,5
41492,423,5
41493,430,5
41494,421,5
41495,415,5
41496,420,5
41497,422,5
41498,418,5
41499,406,5
41500,440,5
41501,438,5
41502,419,5
41503,414,5
41504,427,5
41505,420,5
41506,433,5
41507,401,5
41508,429,5
41509,444,5
41510,420,5
41511,432,5
41512,410,5
41513,418,5
41514,414,5
41515,443,5
41516,449,5
41517,419,5
41518,441,5
41519,432,5
41520,420,5
41521,444,5
41522,418,5
41523,417,5
41524,413,5
41525,436,5
41526,414,5
41527,423,5
41528,421,5
41529,419,5
41530,422,5
41531,420,5
41532,444,5
41533,430,5
41534,426,5
41535,420,5
41536,410,5
41537,417,5
41538,425,5
41539,424,5
41540,667,5
41541,683,5
41542,660,5
41543,683,5
41544,663,5
41545,668,5
41546,664,5
41547,682,5
41548,656,5
41549,675,5
41550,687,5
41551,664,5
41552,631,5
41553,652,5
41554,660,5
41555,670,5
41556,681,5
41557,664,5
41558,660,5
41559,674,5
41560,664,5
41561,666,5
41562,660,5
41563,685,5
41564,668,5
41565,680,5
41566,429,5
41567,438,5
41568,435,5
41569,435,5
41570,431,5
41571,407,5
41572,406,5
41573,413,5
41574,439,5
41575,433,5
41576,421,5
41577,443,5
41578,437,5
41579,431,5
41580,434,5
41581,432,5
41582,410,5
41583,426,5
41584,432,5
41585,425,5
41586,416,5
41587,404,5
41588,415,5
41589,436,5
41590,432,5
41591,406,5
41592,434,5
41593,409,5
41594,423,5
41595,435,5
41596,421,5
41597,408,5
41598,394,5
41599,414,5
41600,421,5
41601,422,5
41602,435,5
41603,420,5
41604,420,5
41605,426,5
41606,408,5
41607,448,5
41608,436,5
41609,417,5
41610,412,5
41611,413,5
41612,432,5
41613,413,5
41614,422,5
41615,405,5
41616,431,5
41617,432,5
41618,423,5
41619,427,5
41620,435,5
41621,427,5
41622,434,5
41623,411,5
41624,430,5
41625,427,5
41626,439,5
41627,425,5
41628,424,5
41629,418,5
41630,443,5
41631,397,5
41632,431,5
41633,425,5
41634,632,5
41635,630,5
41636,633,5
41637,640,5
41638,624,5
41639,636,5
41640,638,5
41641,623,5
41642,640,5
41643,638,5
41644,624,5
41645,620,5
41646,624,5
41647,636,5
41648,633,5
41649,651,5
41650,630,5
41651,623,5
41652,642,5
41653,622,5
41654,625,5
41655,625,5
41656,598,5
41657,641,5
41658,645,5
41659,645,5
41660,448,5
41661,443,5
41662,421,5
41663,438,5
41664,424,5
41665,420,5
41666,416,5
41667,422,5
41668,429,5
41669,444,5
41670,434,5
41671,416,5
41672,412,5
41673,432,5
41674,436,5
41675,440,5
41676,422,5
41677,431,5
41678,435,5
41679,409,5
41680,428,5
41681,436,5
41682,431,5
41683,424,5
41684,456,5
41685,448,5
41686,425,5
41687,423,5
41688,433,5
41689,424,5
41690,440,5
41691,410,5
41692,422,5
41693,433,5
41694,437,5
41695,407,5
41696,414,5
41697,405,5
41698,415,5
41699,410,5
41700,423,5
41701,425,5
41702,439,5
41703,412,5
41704,402,5
41705,434,5
41706,420,5
41707,413,5
41708,432,5
41709,401,5
41710,415,5
41711,396,5
41712,428,5
41713,444,5
41714,418,5
41715,416,5
41716,446,5
41717,433,5
41718,454,5
41719,427,5
41720,428,5
41721,442,5
41722,423,5
41723,428,5
41724,396,5
41725,446,5
41726,430,5
41727,424,5
41728,436,5
41729,411,5
41730,418,5
41731,432,5
41732,426,5
41733,430,5
41734,428,5
41735,433,5
41736,409,5
41737,440,5
41738,661,5
41739,668,5
41740,660,5
41741,664,5
41742,670,5
41743,676,5
41744,678,5
41745,672,5
41746,660,5
41747,672,5
41748,670,5
41749,668,5
41750,674,5
41751,652,5
41752,643,5
41753,682,5
41754,666,5
41755,672,5
41756,657,5
41757,440,5
41758,429,5
41759,423,5
41760,428,5
41761,404,5
41762,429,5
41763,443,5
41764,429,5
41765,427,5
41766,421,5
41767,438,5
41768,440,5
41769,420,5
41770,429,5
41771,428,5
41772,430,5
41773,416,5
41774,439,5
41775,432,5
41776,439,5
41777,412,5
41778,412,5
41779,450,5
41780,439,5
41781,415,5
41782,435,5
41783,419,5
41784,405,5
41785,400,5
41786,425,5
41787,444,5
41788,443,5
41789,440,5
41790,435,5
41791,429,5
41792,439,5
41793,401,5
41794,437,5
41795,412,5
41796,414,5
41797,433,5
41798,436,5
41799,418,5
41800,421,5
41801,427,5
41802,450,5
41803,422,5
41804,422,5
41805,427,5
41806,423,5
41807,434,5
41808,443,5
41809,422,5
41810,415,5
41811,449,5
41812,426,5
41813,405,5
41814,447,5
41815,439,5
41816,444,5
41817,442,5
41818,457,5
41819,413,5
41820,415,5
41821,419,5
41822,419,5
41823,426,5
41824,419,5
41825,411,5
41826,415,5
41827,421,5
41828,439,5
41829,418,5
41830,435,5
41831,409,5
41832,387,5
41833,423,5
41834,418,5
41835,414,5
41836,413,5
41837,417,5
41838,413,5
41839,414,5
41840,409,5
41841,399,5
41842,398,5
41843,455,5
41844,424,5
41845,443,5
41846,423,5
41847,423,5
41848,429,5
41849,433,5
41850,410,5
41851,420,5
41852,429,5
41853,402,5
41854,441,5
41855,669,5
41856,631,5
41857,646,5
41858,658,5
41859,666,5
41860,675,5
41861,649,5
41862,684,5
41863,656,5
41864,654,5
41865,663,5
41866,660,5
41867,659,5
41868,680,5
41869,659,5
41870,645,5
41871,646,5
41872,674,5
41873,665,5
41874,406,5
41875,406,5
41876,425,5
41877,432,5
41878,417,5
41879,405,5
41880,411,5
41881,445,5
41882,431,5
41883,437,5
41884,439,5
41885,417,5
41886,421,5
41887,423,5
41888,430,5
41889,438,5
41890,447,5
41891,435,5
41892,435,5
41893,448,5
41894,423,5
41895,439,5
41896,432,5
41897,432,5
41898,422,5
41899,408,5
41900,418,5
41901,424,5
41902,414,5
41903,415,5
41904,419,5
41905,409,5
41906,418,5
41907,434,5
41908,442,5
41909,450,5
41910,420,5
41911,439,5
41912,429,5
41913,422,5
41914,430,5
41915,438,5
41916,419,5
41917,419,5
41918,420,5
41919,417,5
41920,439,5
41921,416,5
41922,418,5
41923,429,5
41924,428,5
41925,420,5
41926,445,5
41927,417,5
41928,423,5
41929,402,5
41930,421,5
41931,409,5
41932,414,5
41933,402,5
41934,414,5
41935,424,5
41936,422,5
41937,420,5
41938,421,5
41939,419,5
41940,425,5
41941,657,5
41942,661,5
41943,656,5
41944,653,5
41945,667,5
41946,665,5
41947,658,5
41948,672,5
41949,659,5
41950,656,5
41951,657,5
41952,660,5
41953,647,5
41954,636,5
41955,661,5
41956,668,5
41957,646,5
41958,671,5
41959,638,5
41960,651,5
41961,679,5
41962,662,5
41963,654,5
41964,661,5
41965,672,5
41966,641,5
41967,674,5
41968,652,5
41969,434,5
41970,418,5
41971,445,5
41972,425,5
41973,409,5
41974,431,5
41975,441,5
41976,439,5
41977,426,5
41978,435,5
41979,420,5
41980,432,5
41981,429,5
41982,390,5
41983,413,5
41984,427,5
41985,427,5
41986,425,5
41987,426,5
41988,439,5
41989,429,5
41990,397,5
41991,448,5
41992,402,5
41993,436,5
41994,406,5
41995,442,5
41996,422,5
41997,430,5
41998,401,5
41999,434,5
42000,436,5
42001,427,5
42002,422,5
42003,415,5
42004,420,5
42005,439,5
42006,415,5
42007,403,5
42008,413,5
42009,432,5
42010,421,5
42011,432,5
42012,401,5
42013,389,5
42014,428,5
42015,437,5
42016,404,5
42017,431,5
42018,439,5
42019,425,5
42020,436,5
42021,427,5
42022,422,5
42023,435,5
42024,448,5
42025,418,5
42026,424,5
42027,413,5
42028,427,5
42029,423,5
42030,439,5
42031,666,5
42032,659,5
42033,662,5
42034,641,5
42035,638,5
42036,655,5
42037,650,5
42038,673,5
42039,626,5
42040,657,5
42041,657,5
42042,640,5
42043,638,5
42044,645,5
42045,630,5
42046,667,5
42047,682,5
42048,645,5
42049,642,5
42050,634,5
42051,636,5
42052,642,5
42053,664,5
42054,463,5
42055,416,5
42056,414,5
42057,411,5
42058,430,5
42059,429,5
42060,426,5
42061,420,5
42062,441,5
42063,434,5
42064,434,5
42065,429,5
42066,423,5
42067,416,5
42068,431,5
42069,430,5
42070,432,5
42071,406,5
42072,429,5
42073,421,5
42074,414,5
42075,434,5
42076,427,5
42077,453,5
42078,431,5
42079,421,5
42080,424,5
42081,411,5
42082,440,5
42083,429,5
42084,429,5
42085,412,5
42086,434,5
42087,414,5
42088,418,5
42089,427,5
42090,418,5
42091,415,5
42092,424,5
42093,437,5
42094,436,5
42095,433,5
42096,431,5
42097,419,5
42098,438,5
42099,404,5
42100,457,5
42101,415,5
42102,411,5
42103,432,5
42104,422,5
42105,425,5
42106,400,5
42107,429,5
42108,420,5
42109,420,5
42110,423,5
42111,406,5
42112,418,5
42113,443,5
42114,429,5
42115,442,5
42116,411,5
42117,428,5
42118,412,5
42119,450,5
42120,412,5
42121,437,5
42122,420,5
42123,439,5
42124,409,5
42125,419,5
42126,433,5
42127,424,5
42128,427,5
42129,420,5
42130,423,5
42131,422,5
42132,416,5
42133,449,5
42134,445,5
42135,442,5
42136,434,5
42137,437,5
42138,417,5
42139,412,5
42140,441,5
42141,431,5
42142,441,5
42143,431,5
42144,417,5
42145,411,5
42146,432,5
42147,435,5
42148,432,5
42149,414,5
42150,428,5
42151,429,5
42152,418,5
42153,442,5
42154,424,5
42155,444,5
42156,430,5
42157,424,5
42158,427,5
42159,401,5
42160,426,5
42161,398,5
42162,625,5
42163,636,5
42164,627,5
42165,649,5
42166,631,5
42167,639,5
42168,630,5
42169,636,5
42170,628,5
42171,639,5
42172,645,5
42173,633,5
42174,648,5
42175,628,5
42176,647,5
42177,435,5
42178,423,5
42179,434,5
42180,434,5
42181,437,5
42182,400,5
42183,412,5
42184,422,5
42185,429,5
42186,433,5
42187,420,5
42188,435,5
42189,400,5
42190,409,5
42191,419,5
42192,450,5
42193,436,5
42194,420,5
42195,445,5
42196,413,5
42197,416,5
42198,428,5
42199,426,5
42200,433,5
42201,427,5
42202,440,5
42203,435,5
42204,417,5
42205,411,5
42206,438,5
42207,412,5
42208,438,5
42209,422,5
42210,433,5
42211,418,5
42212,431,5
42213,439,5
42214,420,5
42215,414,5
42216,415,5
42217,397,5
42218,415,5
42219,440,5
42220,405,5
42221,419,5
42222,427,5
42223,426,5
42224,415,5
42225,441,5
42226,434,5
42227,413,5
42228,423,5
42229,418,5
42230,431,5
42231,443,5
42232,431,5
42233,444,5
42234,424,5
42235,406,5
42236,416,5
42237,434,5
42238,424,5
42239,426,5
42240,420,5
42241,418,5
42242,439,5
42243,447,5
42244,419,5
42245,417,5
42246,435,5
42247,444,5
42248,438,5
42249,448,5
42250,439,5
42251,435,5
42252,440,5
42253,431,5
42254,427,5
42255,432,5
42256,432,5
42257,417,5
42258,432,5
42259,427,5
42260,431,5
42261,426,5
42262,430,5
42263,429,5
42264,412,5
42265,417,5
42266,408,5
42267,678,5
42268,661,5
42269,665,5
42270,661,5
42271,649,5
42272,659,5
42273,661,5
42274,640,5
42275,667,5
42276,665,5
42277,657,5
42278,678,5
42279,665,5
42280,672,5
42281,665,5
42282,666,5
42283,635,5
42284,654,5
42285,660,5
42286,648,5
42287,658,5
42288,672,5
42289,661,5
42290,645,5
42291,667,5
42292,402,5
42293,432,5
42294,419,5
42295,448,5
42296,408,5
42297,425,5
42298,412,5
42299,420,5
42300,424,5
42301,439,5
42302,424,5
42303,425,5
42304,412,5
42305,410,5
42306,437,5
42307,446,5
42308,426,5
42309,423,5
42310,437,5
42311,429,5
42312,396,5
42313,437,5
42314,409,5
42315,425,5
42316,420,5
42317,417,5
42318,426,5
42319,436,5
42320,425,5
42321,442,5
42322,443,5
42323,443,5
42324,424,5
42325,419,5
42326,425,5
42327,439,5
42328,438,5
42329,394,5
42330,429,5
42331,397,5
42332,425,5
42333,419,5
42334,415,5
42335,435,5
42336,615,5
42337,623,5
42338,612,5
42339,624,5
42340,634,5
42341,612,5
42342,630,5
42343,623,5
42344,623,5
42345,619,5
42346,632,5
42347,631,5
42348,621,5
42349,625,5
42350,632,5
42351,629,5
42352,619,5
42353,637,5
42354,633,5
42355,648,5
42356,604,5
42357,631,5
42358,637,5
42359,437,5
42360,422,5
42361,409,5
42362,443,5
42363,419,5
42364,421,5
42365,450,5
42366,410,5
42367,435,5
42368,416,5
42369,416,5
42370,427,5
42371,433,5
42372,436,5
42373,438,5
42374,417,5
42375,411,5
42376,421,5
42377,429,5
42378,423,5
42379,381,5
42380,403,5
42381,422,5
42382,435,5
42383,414,5
42384,434,5
42385,407,5
42386,428,5
42387,428,5
42388,431,5
42389,413,5
42390,406,5
42391,434,5
42392,407,5
42393,416,5
42394,442,5
42395,427,5
42396,429,5
42397,432,5
42398,432,5
42399,425,5
42400,428,5
42401,419,5
42402,429,5
42403,441,5
42404,445,5
42405,429,5
42406,439,5
42407,408,5
42408,432,5
42409,423,5
42410,411,5
42411,414,5
42412,415,5
42413,429,5
42414,412,5
42415,434,5
42416,437,5
42417,424,5
42418,423,5
42419,427,5
42420,419,5
42421,443,5
42422,400,5
42423,420,5
42424,406,5
42425,432,5
42426,428,5
42427,434,5
42428,427,5
42429,430,5
42430,415,5
42431,427,5
42432,416,5
42433,432,5
42434,414,5
42435,419,5
42436,424,5
42437,443,5
42438,425,5
42439,630,5
42440,622,5
42441,602,5
42442,610,5
42443,612,5
42444,570,5
42445,585,5
42446,611,5
42447,611,5
42448,607,5
42449,592,5
42450,634,5
42451,612,5
42452,617,5
42453,616,5
42454,607,5
42455,606,5
42456,436,5
42457,419,5
42458,437,5
42459,427,5
42460,432,5
42461,427,5
42462,414,5
42463,423,5
42464,440,5
42465,433,5
42466,438,5
42467,436,5
42468,418,5
42469,406,5
42470,435,5
42471,423,5
42472,433,5
42473,442,5
42474,421,5
42475,416,5
42476,413,5
42477,425,5
42478,408,5
42479,429,5
42480,430,5
42481,430,5
42482,405,5
42483,439,5
42484,427,5
42485,420,5
42486,433,5
42487,433,5
42488,411,5
42489,424,5
42490,418,5
42491,420,5
42492,431,5
42493,415,5
42494,432,5
42495,414,5
42496,439,5
42497,417,5
42498,453,5
42499,435,5
42500,423,5
42501,425,5
42502,454,5
42503,436,5
42504,422,5
42505,429,5
42506,432,5
42507,435,5
42508,413,5
42509,445,5
42510,442,5
42511,414,5
42512,425,5
42513,426,5
42514,427,5
42515,434,5
42516,421,5
42517,430,5
42518,433,5
42519,431,5
42520,431,5
42521,432,5
42522,428,5
42523,402,5
42524,413,5
42525,409,5
42526,412,5
42527,413,5
42528,437,5
42529,441,5
42530,433,5
42531,413,5
42532,601,5
42533,604,5
42534,603,5
42535,628,5
42536,595,5
42537,616,5
42538,596,5
42539,618,5
42540,607,5
42541,598,5
42542,605,5
42543,618,5
42544,592,5
42545,604,5
42546,610,5
42547,595,5
42548,600,5
42549,629,5
42550,596,5
42551,605,5
42552,618,5
42553,611,5
42554,605,5
42555,621,5
42556,587,5
42557,620,5
42558,600,5
42559,581,5
42560,638,5
42561,425,5
42562,434,5
42563,438,5
42564,414,5
42565,422,5
42566,425,5
42567,417,5
42568,439,5
42569,441,5
42570,423,5
42571,431,5
42572,435,5
42573,428,5
42574,418,5
42575,395,5
42576,426,5
42577,435,5
42578,414,5
42579,427,5
42580,430,5
42581,430,5
42582,426,5
42583,413,5
42584,439,5
42585,424,5
42586,419,5
42587,405,5
42588,430,5
42589,454,5
42590,422,5
42591,419,5
42592,425,5
42593,424,5
42594,421,5
42595,450,5
42596,426,5
42597,409,5
42598,411,5
42599,439,5
42600,431,5
42601,437,5
42602,401,5
42603,417,5
42604,430,5
42605,426,5
42606,420,5
42607,427,5
42608,422,5
42609,452,5
42610,441,5
42611,443,5
42612,447,5
42613,431,5
42614,414,5
42615,422,5
42616,429,5
42617,427,5
42618,409,5
42619,429,5
42620,412,5
42621,448,5
42622,434,5
42623,423,5
42624,426,5
42625,446,5
42626,407,5
42627,419,5
42628,431,5
42629,400,5
42630,423,5
42631,420,5
42632,455,5
42633,423,5
42634,413,5
42635,414,5
42636,393,5
42637,445,5
42638,426,5
42639,423,5
42640,436,5
42641,432,5
42642,425,5
42643,413,5
42644,418,5
42645,426,5
42646,433,5
42647,409,5
42648,424,5
42649,441,5
42650,410,5
42651,434,5
42652,409,5
42653,419,5
42654,401,5
42655,429,5
42656,416,5
42657,401,5
42658,427,5
42659,438,5
42660,430,5
42661,429,5
42662,638,5
42663,620,5
42664,630,5
42665,655,5
42666,631,5
42667,619,5
42668,633,5
42669,624,5
42670,628,5
42671,638,5
42672,622,5
42673,595,5
42674,627,5
42675,635,5
42676,650,5
42677,642,5
42678,625,5
42679,635,5
42680,626,5
42681,640,5
42682,627,5
42683,638,5
42684,649,5
42685,456,5
42686,407,5
42687,403,5
42688,414,5
42689,424,5
42690,419,5
42691,440,5
42692,415,5
42693,412,5
42694,441,5
42695,432,5
42696,429,5
42697,412,5
42698,438,5
42699,422,5
42700,404,5
42701,416,5
42702,421,5
42703,422,5
42704,419,5
42705,427,5
42706,442,5
42707,431,5
42708,439,5
42709,429,5
42710,421,5
42711,423,5
42712,435,5
42713,431,5
42714,441,5
42715,425,5
42716,408,5
42717,423,5
42718,407,5
42719,423,5
42720,411,5
42721,424,5
42722,427,5
42723,424,5
42724,422,5
42725,420,5
42726,439,5
42727,428,5
42728,407,5
42729,427,5
42730,443,5
42731,419,5
42732,420,5
42733,433,5
42734,654,5
42735,650,5
42736,646,5
42737,673,5
42738,675,5
42739,658,5
42740,651,5
42741,675,5
42742,663,5
42743,641,5
42744,669,5
42745,668,5
42746,681,5
42747,675,5
42748,675,5
42749,654,5
42750,648,5
42751,671,5
42752,665,5
42753,433,5
42754,427,5
42755,442,5
42756,420,5
42757,426,5
42758,417,5
42759,415,5
42760,441,5
42761,424,5
42762,455,5
42763,409,5
42764,426,5
42765,427,5
42766,440,5
42767,414,5
42768,418,5
42769,408,5
42770,443,5
42771,404,5
42772,426,5
42773,455,5
42774,439,5
42775,440,5
42776,446,5
42777,427,5
42778,427,5
42779,425,5
42780,424,5
42781,418,5
42782,442,5
42783,419,5
42784,422,5
42785,409,5
42786,435,5
42787,444,5
42788,398,5
42789,444,5
42790,434,5
42791,440,5
42792,429,5
42793,432,5
42794,429,5
42795,413,5
42796,424,5
42797,419,5
42798,438,5
42799,422,5
42800,447,5
42801,428,5
42802,409,5
42803,437,5
42804,428,5
42805,434,5
42806,463,5
42807,439,5
42808,438,5
42809,421,5
42810,426,5
42811,421,5
42812,409,5
42813,420,5
42814,439,5
42815,430,5
42816,411,5
42817,424,5
42818,416,5
42819,431,5
42820,417,5
42821,418,5
42822,410,5
42823,445,5
42824,424,5
42825,424,5
42826,429,5
42827,430,5
42828,417,5
42829,428,5
42830,426,5
42831,437,5
42832,434,5
42833,425,5
42834,425,5
42835,422,5
42836,426,5
42837,425,5
42838,641,5
42839,622,5
42840,632,5
42841,657,5
42842,631,5
42843,638,5
42844,642,5
42845,637,5
42846,633,5
42847,650,5
42848,627,5
42849,615,5
42850,655,5
42851,624,5
42852,648,5
42853,635,5
42854,443,5
42855,422,5
42856,419,5
42857,436,5
42858,440,5
42859,444,5
42860,395,5
42861,401,5
42862,412,5
42863,412,5
42864,419,5
42865,426,5
42866,427,5
42867,432,5
42868,417,5
42869,424,5
42870,424,5
42871,425,5
42872,419,5
42873,428,5
42874,413,5
42875,446,5
42876,414,5
42877,430,5
42878,421,5
42879,419,5
42880,407,5
42881,418,5
42882,422,5
42883,418,5
42884,433,5
42885,445,5
42886,424,5
42887,431,5
42888,440,5
42889,412,5
42890,446,5
42891,409,5
42892,425,5
42893,433,5
42894,444,5
42895,425,5
42896,426,5
42897,445,5
42898,407,5
42899,413,5
42900,428,5
42901,424,5
42902,419,5
42903,433,5
42904,419,5
42905,437,5
42906,415,5
42907,450,5
42908,411,5
42909,459,5
42910,421,5
42911,434,5
42912,437,5
42913,427,5
42914,438,5
42915,418,5
42916,410,5
42917,426,5
42918,434,5
42919,418,5
42920,428,5
42921,409,5
42922,428,5
42923,420,5
42924,427,5
42925,426,5
42926,414,5
42927,427,5
42928,419,5
42929,436,5
42930,436,5
42931,427,5
42932,426,5
42933,434,5
42934,436,5
42935,444,5
42936,604,5
42937,592,5
42938,619,5
42939,626,5
42940,608,5
42941,606,5
42942,626,5
42943,594,5
42944,603,5
42945,599,5
42946,607,5
42947,619,5
42948,592,5
42949,619,5
42950,597,5
42951,612,5
42952,580,5
42953,582,5
42954,605,5
42955,622,5
42956,438,5
42957,406,5
42958,438,5
42959,431,5
42960,430,5
42961,452,5
42962,418,5
42963,437,5
42964,425,5
42965,445,5
42966,429,5
42967,419,5
42968,417,5
42969,428,5
42970,415,5
42971,390,5
42972,441,5
42973,439,5
42974,425,5
42975,434,5
42976,434,5
42977,426,5
42978,404,5
42979,429,5
42980,422,5
42981,449,5
42982,433,5
42983,433,5
42984,443,5
42985,426,5
42986,449,5
42987,413,5
42988,424,5
42989,441,5
42990,410,5
42991,421,5
42992,431,5
42993,431,5
42994,417,5
42995,442,5
42996,413,5
42997,428,5
42998,417,5
42999,403,5
43000,417,5
43001,421,5
43002,409,5
43003,440,5
43004,427,5
43005,429,5
43006,424,5
43007,424,5
43008,432,5
43009,419,5
43010,398,5
43011,403,5
43012,429,5
43013,422,5
43014,457,5
43015,436,5
43016,430,5
43017,406,5
43018,417,5
43019,437,5
43020,427,5
43021,414,5
43022,411,5
43023,431,5
43024,417,5
43025,419,5
43026,423,5
43027,442,5
43028,422,5
43029,442,5
43030,420,5
43031,408,5
43032,422,5
43033,425,5
43034,406,5
43035,413,5
43036,432,5
43037,419,5
43038,435,5
43039,408,5
43040,415,5
43041,434,5
43042,426,5
43043,405,5
43044,428,5
43045,442,5
43046,423,5
43047,418,5
43048,437,5
43049,578,5
43050,592,5
43051,582,5
43052,573,5
43053,578,5
43054,558,5
43055,595,5
43056,593,5
43057,588,5
43058,578,5
43059,595,5
43060,593,5
43061,595,5
43062,590,5
43063,583,5
43064,583,5
43065,561,5
43066,571,5
43067,591,5
43068,443,5
43069,435,5
43070,422,5
43071,415,5
43072,433,5
43073,427,5
43074,415,5
43075,428,5
43076,434,5
43077,406,5
43078,424,5
43079,440,5
43080,437,5
43081,425,5
43082,413,5
43083,408,5
43084,436,5
43085,419,5
43086,433,5
43087,439,5
43088,416,5
43089,421,5
43090,439,5
43091,423,5
43092,432,5
43093,421,5
43094,411,5
43095,431,5
43096,443,5
43097,430,5
43098,432,5
43099,433,5
43100,414,5
43101,420,5
43102,415,5
43103,436,5
43104,428,5
43105,436,5
43106,444,5
43107,407,5
43108,416,5
43109,420,5
43110,426,5
43111,431,5
43112,419,5
43113,417,5
43114,436,5
43115,432,5
43116,429,5
43117,399,5
43118,439,5
43119,427,5
43120,423,5
43121,415,5
43122,417,5
43123,414,5
43124,401,5
43125,415,5
43126,406,5
43127,424,5
43128,411,5
43129,434,5
43130,405,5
43131,439,5
43132,435,5
43133,412,5
43134,424,5
43135,415,5
43136,432,5
43137,447,5
43138,439,5
43139,417,5
43140,426,5
43141,443,5
43142,431,5
43143,437,5
43144,433,5
43145,426,5
43146,424,5
43147,410,5
43148,416,5
43149,414,5
43150,421,5
43151,426,5
43152,424,5
43153,428,5
43154,433,5
43155,615,5
43156,629,5
43157,634,5
43158,625,5
43159,614,5
43160,632,5
43161,626,5
43162,628,5
43163,639,5
43164,629,5
43165,639,5
43166,618,5
43167,615,5
43168,634,5
43169,608,5
43170,643,5
43171,636,5
43172,621,5
43173,635,5
43174,628,5
43175,605,5
43176,610,5
43177,624,5
43178,622,5
43179,636,5
43180,624,5
43181,605,5
43182,614,5
43183,434,5
43184,403,5
43185,408,5
43186,421,5
43187,436,5
43188,422,5
43189,431,5
43190,425,5
43191,423,5
43192,417,5
43193,435,5
43194,410,5
43195,422,5
43196,439,5
43197,416,5
43198,406,5
43199,400,5
43200,423,5
43201,436,5
43202,426,5
43203,411,5
43204,419,5
43205,438,5
43206,412,5
43207,394,5
43208,403,5
43209,425,5
43210,413,5
43211,426,5
43212,432,5
43213,433,5
43214,430,5
43215,449,5
43216,444,5
43217,414,5
43218,433,5
43219,432,5
43220,412,5
43221,418,5
43222,405,5
43223,418,5
43224,433,5
43225,438,5
43226,452,5
43227,434,5
43228,430,5
43229,447,5
43230,444,5
43231,418,5
43232,424,5
43233,433,5
43234,409,5
43235,430,5
43236,430,5
43237,434,5
43238,435,5
43239,421,5
43240,430,5
43241,420,5
43242,437,5
43243,427,5
43244,437,5
43245,403,5
43246,410,5
43247,429,5
43248,410,5
43249,437,5
43250,437,5
43251,431,5
43252,671,5
43253,671,5
43254,686,5
43255,682,5
43256,665,5
43257,680,5
43258,693,5
43259,682,5
43260,670,5
43261,672,5
43262,670,5
43263,670,5
43264,660,5
43265,676,5
43266,656,5
43267,684,5
43268,671,5
43269,691,5
43270,663,5
43271,673,5
43272,676,5
43273,661,5
43274,681,5
43275,411,5
43276,430,5
43277,443,5
43278,432,5
43279,420,5
43280,439,5
43281,453,5
43282,428,5
43283,417,5
43284,426,5
43285,410,5
43286,439,5
43287,429,5
43288,419,5
43289,431,5
43290,419,5
43291,423,5
43292,425,5
43293,447,5
43294,411,5
43295,434,5
43296,417,5
43297,446,5
43298,414,5
43299,414,5
43300,414,5
43301,429,5
43302,436,5
43303,412,5
43304,430,5
43305,429,5
43306,447,5
43307,453,5
43308,438,5
43309,433,5
43310,431,5
43311,416,5
43312,411,5
43313,406,5
43314,427,5
43315,416,5
43316,435,5
43317,412,5
43318,428,5
43319,416,5
43320,408,5
43321,415,5
43322,417,5
43323,425,5
43324,418,5
43325,414,5
43326,415,5
43327,380,5
43328,420,5
43329,425,5
43330,420,5
43331,610,5
43332,619,5
43333,620,5
43334,620,5
43335,600,5
43336,597,5
43337,601,5
43338,615,5
43339,612,5
43340,599,5
43341,621,5
43342,594,5
43343,602,5
43344,610,5
43345,618,5
43346,622,5
43347,611,5
43348,593,5
43349,620,5
43350,595,5
43351,602,5
43352,596,5
43353,607,5
43354,596,5
43355,613,5
43356,613,5
43357,617,5
43358,611,5
43359,610,5
43360,413,5
43361,417,5
43362,424,5
43363,425,5
43364,421,5
43365,432,5
43366,453,5
43367,430,5
43368,417,5
43369,434,5
43370,418,5
43371,429,5
43372,431,5
43373,428,5
43374,418,5
43375,426,5
43376,419,5
43377,419,5
43378,405,5
43379,424,5
43380,451,5
43381,395,5
43382,398,5
43383,426,5
43384,434,5
43385,409,5
43386,428,5
43387,423,5
43388,418,5
43389,430,5
43390,413,5
43391,437,5
43392,402,5
43393,424,5
43394,426,5
43395,423,5
43396,419,5
43397,433,5
43398,420,5
43399,407,5
43400,399,5
43401,412,5
43402,416,5
43403,448,5
43404,425,5
43405,423,5
43406,421,5
43407,409,5
43408,438,5
43409,404,5
43410,423,5
43411,399,5
43412,418,5
43413,397,5
43414,415,5
43415,436,5
43416,407,5
43417,418,5
43418,436,5
43419,451,5
43420,428,5
43421,419,5
43422,421,5
43423,417,5
43424,422,5
43425,461,5
43426,436,5
43427,432,5
43428,429,5
43429,426,5
43430,427,5
43431,445,5
43432,427,5
43433,422,5
43434,412,5
43435,427,5
43436,418,5
43437,423,5
43438,571,5
43439,583,5
43440,575,5
43441,567,5
43442,598,5
43443,565,5
43444,573,5
43445,587,5
43446,595,5
43447,582,5
43448,581,5
43449,567,5
43450,574,5
43451,562,5
43452,581,5
43453,588,5
43454,587,5
43455,561,5
43456,590,5
43457,598,5
43458,420,5
43459,444,5
43460,420,5
43461,406,5
43462,423,5
43463,421,5
43464,438,5
43465,413,5
43466,430,5
43467,404,5
43468,418,5
43469,420,5
43470,419,5
43471,406,5
43472,418,5
43473,425,5
43474,438,5
43475,416,5
43476,413,5
43477,452,5
43478,399,5
43479,416,5
43480,412,5
43481,405,5
43482,424,5
43483,438,5
43484,437,5
43485,432,5
43486,439,5
43487,422,5
43488,425,5
43489,428,5
43490,440,5
43491,420,5
43492,439,5
43493,444,5
43494,429,5
43495,435,5
43496,411,5
43497,432,5
43498,432,5
43499,428,5
43500,421,5
43501,424,5
43502,424,5
43503,425,5
43504,421,5
43505,420,5
43506,433,5
43507,426,5
43508,411,5
43509,432,5
43510,414,5
43511,448,5
43512,413,5
43513,448,5
43514,430,5
43515,420,5
43516,416,5
43517,432,5
43518,421,5
43519,416,5
43520,418,5
43521,425,5
43522,426,5
43523,440,5
43524,422,5
43525,432,5
43526,420,5
43527,414,5
43528,416,5
43529,387,5
43530,425,5
43531,420,5
43532,422,5
43533,418,5
43534,426,5
43535,441,5
43536,433,5
43537,415,5
43538,443,5
43539,454,5
43540,425,5
43541,424,5
43542,435,5
43543,433,5
43544,420,5
43545,419,5
43546,420,5
43547,440,5
43548,421,5
43549,425,5
43550,437,5
43551,440,5
43552,414,5
43553,410,5
43554,429,5
43555,426,5
43556,434,5
43557,408,5
43558,421,5
43559,428,5
43560,413,5
43561,431,5
43562,439,5
43563,413,5
43564,435,5
43565,424,5
43566,658,5
43567,660,5
43568,676,5
43569,660,5
43570,661,5
43571,678,5
43572,675,5
43573,660,5
43574,688,5
43575,676,5
43576,684,5
43577,687,5
43578,659,5
43579,657,5
43580,644,5
43581,683,5
43582,646,5
43583,669,5
43584,652,5
43585,664,5
43586,665,5
43587,687,5
43588,673,5
43589,460,5
43590,427,5
43591,429,5
43592,412,5
43593,417,5
43594,408,5
43595,424,5
43596,416,5
43597,420,5
43598,410,5
43599,416,5
43600,425,5
43601,401,5
43602,447,5
43603,441,5
43604,453,5
43605,413,5
43606,419,5
43607,450,5
43608,446,5
43609,419,5
43610,411,5
43611,447,5
43612,416,5
43613,433,5
43614,432,5
43615,421,5
43616,410,5
43617,438,5
43618,409,5
43619,407,5
43620,426,5
43621,409,5
43622,429,5
43623,443,5
43624,438,5
43625,446,5
43626,435,5
43627,421,5
43628,409,5
43629,411,5
43630,433,5
43631,434,5
43632,417,5
43633,423,5
43634,433,5
43635,420,5
43636,447,5
43637,429,5
43638,434,5
43639,424,5
43640,430,5
43641,407,5
43642,425,5
43643,416,5
43644,698,5
43645,670,5
43646,666,5
43647,673,5
43648,672,5
43649,668,5
43650,676,5
43651,675,5
43652,669,5
43653,686,5
43654,649,5
43655,663,5
43656,663,5
43657,668,5
43658,664,5
43659,661,5
43660,683,5
43661,656,5
43662,431,5
43663,419,5
43664,430,5
43665,441,5
43666,387,5
43667,415,5
43668,415,5
43669,423,5
43670,436,5
43671,447,5
43672,436,5
43673,423,5
43674,419,5
43675,443,5
43676,407,5
43677,430,5
43678,439,5
43679,421,5
43680,429,5
43681,409,5
43682,431,5
43683,426,5
43684,432,5
43685,420,5
43686,412,5
43687,438,5
43688,439,5
43689,432,5
43690,430,5
43691,396,5
43692,439,5
43693,431,5
43694,440,5
43695,411,5
43696,433,5
43697,432,5
43698,384,5
43699,424,5
43700,417,5
43701,426,5
43702,430,5
43703,431,5
43704,414,5
43705,445,5
43706,420,5
43707,416,5
43708,410,5
43709,409,5
43710,408,5
43711,429,5
43712,432,5
43713,415,5
43714,411,5
43715,422,5
43716,426,5
43717,428,5
43718,413,5
43719,423,5
43720,444,5
43721,411,5
43722,425,5
43723,431,5
43724,413,5
43725,432,5
43726,409,5
43727,433,5
43728,426,5
43729,408,5
43730,433,5
43731,414,5
43732,423,5
43733,433,5
43734,413,5
43735,419,5
43736,439,5
43737,633,5
43738,675,5
43739,641,5
43740,650,5
43741,662,5
43742,665,5
43743,662,5
43744,659,5
43745,653,5
43746,677,5
43747,667,5
43748,672,5
43749,653,5
43750,630,5
43751,670,5
43752,662,5
43753,660,5
43754,418,5
43755,421,5
43756,418,5
43757,426,5
43758,411,5
43759,434,5
43760,449,5
43761,418,5
43762,406,5
43763,424,5
43764,429,5
43765,430,5
43766,444,5
43767,435,5
43768,403,5
43769,410,5
43770,430,5
43771,420,5
43772,443,5
43773,414,5
43774,437,5
43775,417,5
43776,428,5
43777,415,5
43778,432,5
43779,438,5
43780,428,5
43781,448,5
43782,416,5
43783,426,5
43784,435,5
43785,414,5
43786,426,5
43787,433,5
43788,436,5
43789,439,5
43790,415,5
43791,428,5
43792,409,5
43793,416,5
43794,423,5
43795,439,5
43796,431,5
43797,425,5
43798,430,5
43799,431,5
43800,429,5
43801,418,5
43802,414,5
43803,422,5
43804,415,5
43805,432,5
43806,443,5
43807,432,5
43808,403,5
43809,417,5
43810,425,5
43811,408,5
43812,425,5
43813,431,5
43814,442,5
43815,447,5
43816,411,5
43817,424,5
43818,424,5
43819,416,5
43820,426,5
43821,424,5
43822,432,5
43823,441,5
43824,427,5
43825,419,5
43826,413,5
43827,450,5
43828,436,5
43829,430,5
43830,423,5
43831,444,5
43832,423,5
43833,404,5
43834,428,5
43835,410,5
43836,428,5
43837,441,5
43838,405,5
43839,414,5
43840,435,5
43841,419,5
43842,430,5
43843,430,5
43844,436,5
43845,417,5
43846,394,5
43847,430,5
43848,406,5
43849,436,5
43850,424,5
43851,421,5
43852,433,5
43853,556,5
43854,575,5
43855,583,5
43856,580,5
43857,571,5
43858,572,5
43859,596,5
43860,588,5
43861,569,5
43862,593,5
43863,586,5
43864,583,5
43865,584,5
43866,564,5
43867,595,5
43868,589,5
43869,580,5
43870,580,5
43871,576,5
43872,570,5
43873,584,5
43874,568,5
43875,579,5
43876,426,5
43877,430,5
43878,436,5
43879,430,5
43880,433,5
43881,402,5
43882,431,5
43883,426,5
43884,429,5
43885,419,5
43886,439,5
43887,428,5
43888,416,5
43889,418,5
43890,436,5
43891,424,5
43892,425,5
43893,423,5
43894,437,5
43895,431,5
43896,411,5
43897,413,5
43898,425,5
43899,417,5
43900,433,5
43901,421,5
43902,407,5
43903,418,5
43904,434,5
43905,437,5
43906,425,5
43907,417,5
43908,411,5
43909,421,5
43910,422,5
43911,422,5
43912,411,5
43913,429,5
43914,426,5
43915,422,5
43916,425,5
43917,431,5
43918,432,5
43919,440,5
43920,440,5
43921,431,5
43922,423,5
43923,417,5
43924,435,5
43925,411,5
43926,426,5
43927,414,5
43928,437,5
43929,435,5
43930,425,5
43931,460,5
43932,416,5
43933,430,5
43934,432,5
43935,428,5
43936,422,5
43937,426,5
43938,613,5
43939,592,5
43940,600,5
43941,573,5
43942,590,5
43943,619,5
43944,586,5
43945,585,5
43946,613,5
43947,585,5
43948,583,5
43949,600,5
43950,620,5
43951,603,5
43952,593,5
43953,608,5
43954,590,5
43955,586,5
43956,610,5
43957,608,5
43958,587,5
43959,604,5
43960,441,5
43961,423,5
43962,427,5
43963,411,5
43964,425,5
43965,418,5
43966,423,5
43967,409,5
43968,441,5
43969,438,5
43970,441,5
43971,425,5
43972,421,5
43973,429,5
43974,429,5
43975,443,5
43976,427,5
43977,426,5
43978,435,5
43979,403,5
43980,443,5
43981,434,5
43982,431,5
43983,433,5
43984,436,5
43985,457,5
43986,421,5
43987,439,5
43988,430,5
43989,416,5
43990,439,5
43991,430,5
43992,430,5
43993,428,5
43994,431,5
43995,436,5
43996,420,5
43997,425,5
43998,438,5
43999,414,5
44000,429,5
44001,435,5
44002,419,5
44003,431,5
44004,419,5
44005,418,5
44006,433,5
44007,422,5
44008,418,5
44009,440,5
44010,416,5
44011,448,5
44012,438,5
44013,446,5
44014,417,5
44015,433,5
44016,428,5
44017,436,5
44018,418,5
44019,438,5
44020,433,5
44021,423,5
44022,407,5
44023,437,5
44024,423,5
44025,415,5
44026,420,5
44027,433,5
44028,423,5
44029,427,5
44030,428,5
44031,413,5
44032,432,5
44033,433,5
44034,450,5
44035,433,5
44036,429,5
44037,405,5
44038,433,5
44039,447,5
44040,419,5
44041,407,5
44042,618,5
44043,636,5
44044,622,5
44045,618,5
44046,630,5
44047,629,5
44048,643,5
44049,622,5
44050,628,5
44051,602,5
44052,620,5
44053,630,5
44054,624,5
44055,600,5
44056,634,5
44057,633,5
44058,616,5
44059,635,5
44060,611,5
44061,618,5
44062,643,5
44063,441,5
44064,433,5
44065,418,5
44066,430,5
44067,431,5
44068,404,5
44069,412,5
44070,438,5
44071,394,5
44072,426,5
44073,424,5
44074,415,5
44075,425,5
44076,425,5
44077,427,5
44078,423,5
44079,432,5
44080,434,5
44081,415,5
44082,437,5
44083,423,5
44084,400,5
44085,420,5
44086,424,5
44087,408,5
44088,424,5
44089,421,5
44090,429,5
44091,420,5
44092,423,5
44093,437,5
44094,429,5
44095,428,5
44096,421,5
44097,413,5
44098,432,5
44099,413,5
44100,430,5
44101,424,5
44102,409,5
44103,420,5
44104,396,5
44105,433,5
44106,427,5
44107,426,5
44108,416,5
44109,424,5
44110,432,5
44111,430,5
44112,412,5
44113,417,5
44114,433,5
44115,422,5
44116,447,5
44117,413,5
44118,423,5
44119,421,5
44120,422,5
44121,413,5
44122,403,5
44123,432,5
44124,443,5
44125,419,5
44126,428,5
44127,423,5
44128,423,5
44129,418,5
44130,433,5
44131,428,5
44132,417,5
44133,434,5
44134,442,5
44135,439,5
44136,423,5
44137,415,5
44138,415,5
44139,419,5
44140,420,5
44141,435,5
44142,640,5
44143,662,5
44144,656,5
44145,654,5
44146,669,5
44147,655,5
44148,661,5
44149,673,5
44150,659,5
44151,678,5
44152,653,5
44153,628,5
44154,669,5
44155,666,5
44156,675,5
44157,668,5
44158,681,5
44159,666,5
44160,675,5
44161,673,5
44162,418,5
44163,420,5
44164,422,5
44165,451,5
44166,418,5
44167,430,5
44168,426,5
44169,428,5
44170,426,5
44171,421,5
44172,412,5
44173,414,5
44174,434,5
44175,431,5
44176,428,5
44177,447,5
44178,454,5
44179,414,5
44180,442,5
44181,411,5
44182,420,5
44183,427,5
44184,435,5
44185,410,5
44186,426,5
44187,426,5
44188,407,5
44189,430,5
44190,424,5
44191,432,5
44192,419,5
44193,421,5
44194,452,5
44195,416,5
44196,423,5
44197,419,5
44198,427,5
44199,429,5
44200,422,5
44201,428,5
44202,403,5
44203,439,5
44204,386,5
44205,434,5
44206,467,5
44207,432,5
44208,433,5
44209,426,5
44210,415,5
44211,434,5
44212,408,5
44213,411,5
44214,420,5
44215,431,5
44216,410,5
44217,433,5
44218,430,5
44219,426,5
44220,405,5
44221,436,5
44222,422,5
44223,424,5
44224,419,5
44225,406,5
44226,413,5
44227,436,5
44228,444,5
44229,432,5
44230,434,5
44231,445,5
44232,445,5
44233,432,5
44234,418,5
44235,401,5
44236,426,5
44237,427,5
44238,456,5
44239,433,5
44240,427,5
44241,414,5
44242,426,5
44243,440,5
44244,423,5
44245,410,5
44246,415,5
44247,409,5
44248,417,5
44249,411,5
44250,432,5
44251,433,5
44252,443,5
44253,424,5
44254,424,5
44255,429,5
44256,418,5
44257,411,5
44258,414,5
44259,432,5
44260,436,5
44261,683,5
44262,642,5
44263,641,5
44264,631,5
44265,656,5
44266,661,5
44267,647,5
44268,636,5
44269,678,5
44270,659,5
44271,639,5
44272,650,5
44273,682,5
44274,666,5
44275,650,5
44276,643,5
44277,671,5
44278,637,5
44279,660,5
44280,660,5
44281,667,5
44282,661,5
44283,432,5
44284,429,5
44285,429,5
44286,447,5
44287,425,5
44288,435,5
44289,420,5
44290,413,5
44291,419,5
44292,422,5
44293,412,5
44294,407,5
44295,439,5
44296,418,5
44297,422,5
44298,418,5
44299,397,5
44300,437,5
44301,413,5
44302,428,5
44303,436,5
44304,411,5
44305,420,5
44306,418,5
44307,420,5
44308,434,5
44309,442,5
44310,421,5
44311,428,5
44312,409,5
44313,455,5
44314,431,5
44315,435,5
44316,419,5
44317,438,5
44318,427,5
44319,437,5
44320,414,5
44321,427,5
44322,401,5
44323,432,5
44324,432,5
44325,403,5
44326,411,5
44327,415,5
44328,431,5
44329,391,5
44330,448,5
44331,416,5
44332,461,5
44333,643,5
44334,615,5
44335,624,5
44336,643,5
44337,627,5
44338,631,5
44339,613,5
44340,638,5
44341,661,5
44342,634,5
44343,649,5
44344,630,5
44345,655,5
44346,637,5
44347,646,5
44348,634,5
44349,639,5
44350,627,5
44351,444,5
44352,426,5
44353,415,5
44354,422,5
44355,430,5
44356,433,5
44357,418,5
44358,433,5
44359,425,5
44360,415,5
44361,420,5
44362,417,5
44363,448,5
44364,426,5
44365,434,5
44366,439,5
44367,426,5
44368,436,5
44369,425,5
44370,424,5
44371,421,5
44372,420,5
44373,431,5
44374,412,5
44375,411,5
44376,436,5
44377,439,5
44378,445,5
44379,420,5
44380,404,5
44381,402,5
44382,441,5
44383,435,5
44384,431,5
44385,433,5
44386,433,5
44387,448,5
44388,412,5
44389,414,5
44390,431,5
44391,434,5
44392,411,5
44393,435,5
44394,420,5
44395,431,5
44396,409,5
44397,402,5
44398,432,5
44399,449,5
44400,426,5
44401,431,5
44402,422,5
44403,416,5
44404,415,5
44405,415,5
44406,401,5
44407,426,5
44408,406,5
44409,432,5
44410,435,5
44411,418,5
44412,429,5
44413,434,5
44414,443,5
44415,420,5
44416,408,5
44417,414,5
44418,405,5
44419,431,5
44420,386,5
44421,413,5
44422,425,5
44423,412,5
44424,415,5
44425,435,5
44426,412,5
44427,420,5
44428,436,5
44429,421,5
44430,454,5
44431,438,5
44432,439,5
44433,408,5
44434,424,5
44435,422,5
44436,420,5
44437,419,5
44438,423,5
44439,396,5
44440,414,5
44441,445,5
44442,419,5
44443,417,5
44444,424,5
44445,425,5
44446,398,5
44447,427,5
44448,432,5
44449,432,5
44450,414,5
44451,443,5
44452,442,5
44453,441,5
44454,434,5
44455,421,5
44456,425,5
44457,442,5
44458,398,5
44459,416,5
44460,431,5
44461,422,5
44462,420,5
44463,445,5
44464,435,5
44465,437,5
44466,416,5
44467,632,5
44468,644,5
44469,644,5
44470,661,5
44471,643,5
44472,659,5
44473,647,5
44474,636,5
44475,629,5
44476,648,5
44477,634,5
44478,637,5
44479,629,5
44480,639,5
44481,646,5
44482,634,5
44483,630,5
44484,640,5
44485,644,5
44486,639,5
44487,662,5
44488,640,5
44489,645,5
44490,436,5
44491,430,5
44492,413,5
44493,415,5
44494,412,5
44495,409,5
44496,428,5
44497,440,5
44498,434,5
44499,433,5
44500,445,5
44501,431,5
44502,432,5
44503,426,5
44504,438,5
44505,448,5
44506,420,5
44507,438,5
44508,425,5
44509,401,5
44510,408,5
44511,430,5
44512,437,5
44513,432,5
44514,434,5
44515,456,5
44516,431,5
44517,422,5
44518,423,5
44519,445,5
44520,410,5
44521,440,5
44522,425,5
44523,415,5
44524,408,5
44525,443,5
44526,415,5
44527,426,5
44528,413,5
44529,449,5
44530,426,5
44531,409,5
44532,420,5
44533,442,5
44534,413,5
44535,421,5
44536,439,5
44537,429,5
44538,410,5
44539,428,5
44540,423,5
44541,426,5
44542,436,5
44543,428,5
44544,424,5
44545,423,5
44546,438,5
44547,416,5
44548,399,5
44549,422,5
44550,430,5
44551,420,5
44552,419,5
44553,421,5
44554,425,5
44555,409,5
44556,433,5
44557,393,5
44558,431,5
44559,429,5
44560,431,5
44561,402,5
44562,429,5
44563,418,5
44564,444,5
44565,429,5
44566,633,5
44567,627,5
44568,640,5
44569,657,5
44570,661,5
44571,649,5
44572,648,5
44573,643,5
44574,647,5
44575,662,5
44576,643,5
44577,655,5
44578,641,5
44579,659,5
44580,654,5
44581,659,5
44582,670,5
44583,394,5
44584,434,5
44585,431,5
44586,430,5
44587,428,5
44588,428,5
44589,429,5
44590,436,5
44591,435,5
44592,425,5
44593,423,5
44594,425,5
44595,420,5
44596,446,5
44597,410,5
44598,434,5
44599,434,5
44600,440,5
44601,421,5
44602,441,5
44603,438,5
44604,416,5
44605,412,5
44606,427,5
44607,410,5
44608,390,5
44609,419,5
44610,451,5
44611,420,5
44612,430,5
44613,433,5
44614,425,5
44615,421,5
44616,440,5
44617,425,5
44618,424,5
44619,435,5
44620,413,5
44621,410,5
44622,406,5
44623,432,5
44624,423,5
44625,435,5
44626,426,5
44627,409,5
44628,421,5
44629,436,5
44630,422,5
44631,439,5
44632,580,5
44633,594,5
44634,564,5
44635,582,5
44636,581,5
44637,568,5
44638,599,5
44639,578,5
44640,576,5
44641,601,5
44642,587,5
44643,595,5
44644,565,5
44645,576,5
44646,610,5
44647,595,5
44648,572,5
44649,588,5
44650,573,5
44651,602,5
44652,558,5
44653,588,5
44654,588,5
44655,572,5
44656,582,5
44657,590,5
44658,564,5
44659,410,5
44660,423,5
44661,415,5
44662,419,5
44663,425,5
44664,414,5
44665,425,5
44666,429,5
44667,434,5
44668,410,5
44669,417,5
44670,432,5
44671,407,5
44672,426,5
44673,425,5
44674,394,5
44675,419,5
44676,429,5
44677,422,5
44678,419,5
44679,427,5
44680,437,5
44681,431,5
44682,416,5
44683,407,5
44684,431,5
44685,411,5
44686,419,5
44687,427,5
44688,439,5
44689,440,5
44690,426,5
44691,419,5
44692,411,5
44693,449,5
44694,422,5
44695,433,5
44696,427,5
44697,419,5
44698,419,5
44699,408,5
44700,418,5
44701,414,5
44702,410,5
44703,426,5
44704,431,5
44705,423,5
44706,436,5
44707,429,5
44708,447,5
44709,412,5
44710,408,5
44711,432,5
44712,422,5
44713,409,5
44714,413,5
44715,434,5
44716,436,5
44717,434,5
44718,426,5
44719,422,5
44720,423,5
44721,428,5
44722,427,5
44723,413,5
44724,437,5
44725,426,5
44726,398,5
44727,410,5
44728,420,5
44729,428,5
44730,425,5
44731,417,5
44732,440,5
44733,434,5
44734,425,5
44735,406,5
44736,421,5
44737,420,5
44738,405,5
44739,431,5
44740,427,5
44741,413,5
44742,428,5
44743,437,5
44744,431,5
44745,418,5
44746,454,5
44747,430,5
44748,417,5
44749,622,5
44750,581,5
44751,588,5
44752,596,5
44753,614,5
44754,594,5
44755,601,5
44756,591,5
44757,611,5
44758,608,5
44759,585,5
44760,602,5
44761,605,5
44762,600,5
44763,601,5
44764,594,5
44765,612,5
44766,593,5
44767,614,5
44768,602,5
44769,596,5
44770,601,5
44771,603,5
44772,598,5
44773,420,5
44774,413,5
44775,442,5
44776,415,5
44777,410,5
44778,430,5
44779,402,5
44780,425,5
44781,412,5
44782,430,5
44783,423,5
44784,414,5
44785,423,5
44786,430,5
44787,420,5
44788,421,5
44789,436,5
44790,430,5
44791,419,5
44792,426,5
44793,421,5
44794,437,5
44795,405,5
44796,432,5
44797,431,5
44798,416,5
44799,414,5
44800,424,5
44801,418,5
44802,420,5
44803,429,5
44804,416,5
44805,423,5
44806,416,5
44807,432,5
44808,448,5
44809,441,5
44810,413,5
44811,419,5
44812,424,5
44813,400,5
44814,424,5
44815,431,5
44816,425,5
44817,424,5
44818,417,5
44819,421,5
44820,419,5
44821,413,5
44822,436,5
44823,444,5
44824,418,5
44825,413,5
44826,416,5
44827,413,5
44828,419,5
44829,428,5
44830,439,5
44831,406,5
44832,436,5
44833,425,5
44834,399,5
44835,410,5
44836,650,5
44837,634,5
44838,639,5
44839,642,5
44840,658,5
44841,629,5
44842,652,5
44843,659,5
44844,632,5
44845,653,5
44846,638,5
44847,636,5
44848,640,5
44849,647,5
44850,635,5
44851,655,5
44852,639,5
44853,619,5
44854,643,5
44855,628,5
44856,641,5
44857,648,5
44858,417,5
44859,404,5
44860,413,5
44861,441,5
44862,427,5
44863,435,5
44864,445,5
44865,450,5
44866,428,5
44867,422,5
44868,417,5
44869,426,5
44870,431,5
44871,433,5
44872,413,5
44873,413,5
44874,422,5
44875,425,5
44876,444,5
44877,397,5
44878,418,5
44879,435,5
44880,413,5
44881,425,5
44882,437,5
44883,433,5
44884,433,5
44885,423,5
44886,426,5
44887,427,5
44888,419,5
44889,435,5
44890,409,5
44891,417,5
44892,435,5
44893,401,5
44894,427,5
44895,438,5
44896,416,5
44897,430,5
44898,426,5
44899,433,5
44900,425,5
44901,439,5
44902,429,5
44903,435,5
44904,435,5
44905,441,5
44906,413,5
44907,410,5
44908,438,5
44909,427,5
44910,447,5
44911,399,5
44912,424,5
44913,425,5
44914,436,5
44915,448,5
44916,425,5
44917,430,5
44918,404,5
44919,428,5
44920,429,5
44921,418,5
44922,429,5
44923,428,5
44924,444,5
44925,416,5
44926,414,5
44927,415,5
44928,420,5
44929,406,5
44930,422,5
44931,425,5
44932,443,5
44933,424,5
44934,440,5
44935,435,5
44936,427,5
44937,423,5
44938,431,5
44939,433,5
44940,419,5
44941,432,5
44942,424,5
44943,432,5
44944,445,5
44945,421,5
44946,401,5
44947,424,5
44948,412,5
44949,428,5
44950,413,5
44951,674,5
44952,694,5
44953,697,5
44954,679,5
44955,664,5
44956,685,5
44957,669,5
44958,657,5
44959,698,5
44960,675,5
44961,681,5
44962,671,5
44963,681,5
44964,665,5
44965,673,5
44966,686,5
44967,673,5
44968,665,5
44969,686,5
44970,671,5
44971,670,5
44972,661,5
44973,693,5
44974,688,5
44975,422,5
44976,415,5
44977,433,5
44978,430,5
44979,420,5
44980,424,5
44981,432,5
44982,428,5
44983,429,5
44984,428,5
44985,434,5
44986,418,5
44987,427,5
44988,416,5
44989,417,5
44990,448,5
44991,408,5
44992,433,5
44993,458,5
44994,446,5
44995,432,5
44996,448,5
44997,430,5
44998,421,5
44999,425,5
45000,438,5
45001,424,5
45002,417,5
45003,402,5
45004,423,5
45005,413,5
45006,436,5
45007,422,5
45008,437,5
45009,455,5
45010,423,5
45011,427,5
45012,429,5
45013,422,5
45014,426,5
45015,421,5
45016,441,5
45017,422,5
45018,410,5
45019,411,5
45020,415,5
45021,420,5
45022,436,5
45023,435,5
45024,436,5
45025,425,5
45026,437,5
45027,422,5
45028,403,5
45029,436,5
45030,417,5
45031,628,5
45032,626,5
45033,637,5
45034,632,5
45035,628,5
45036,650,5
45037,629,5
45038,628,5
45039,640,5
45040,645,5
45041,641,5
45042,623,5
45043,635,5
45044,632,5
45045,628,5
45046,619,5
45047,633,5
45048,644,5
45049,650,5
45050,644,5
45051,625,5
45052,619,5
45053,613,5
45054,643,5
45055,435,5
45056,418,5
45057,416,5
45058,440,5
45059,437,5
45060,441,5
45061,432,5
45062,433,5
45063,400,5
45064,421,5
45065,449,5
45066,418,5
45067,428,5
45068,444,5
45069,435,5
45070,413,5
45071,411,5
45072,444,5
45073,434,5
45074,429,5
45075,431,5
45076,421,5
45077,414,5
45078,430,5
45079,418,5
45080,418,5
45081,421,5
45082,434,5
45083,417,5
45084,416,5
45085,414,5
45086,423,5
45087,437,5
45088,423,5
45089,425,5
45090,427,5
45091,421,5
45092,414,5
45093,420,5
45094,418,5
45095,424,5
45096,420,5
45097,428,5
45098,424,5
45099,418,5
45100,423,5
45101,419,5
45102,436,5
45103,415,5
45104,442,5
45105,408,5
45106,458,5
45107,420,5
45108,409,5
45109,417,5
45110,421,5
45111,418,5
45112,429,5
45113,428,5
45114,463,5
45115,426,5
45116,409,5
45117,423,5
45118,427,5
45119,419,5
45120,433,5
45121,434,5
45122,417,5
45123,421,5
45124,402,5
45125,415,5
45126,422,5
45127,427,5
45128,423,5
45129,415,5
45130,438,5
45131,437,5
45132,438,5
45133,444,5
45134,413,5
45135,430,5
45136,436,5
45137,452,5
45138,443,5
45139,422,5
45140,406,5
45141,410,5
45142,433,5
45143,426,5
45144,417,5
45145,401,5
45146,436,5
45147,411,5
45148,442,5
45149,413,5
45150,420,5
45151,417,5
45152,433,5
45153,643,5
45154,649,5
45155,647,5
45156,641,5
45157,652,5
45158,655,5
45159,660,5
45160,659,5
45161,660,5
45162,630,5
45163,651,5
45164,641,5
45165,652,5
45166,653,5
45167,654,5
45168,632,5
45169,680,5
45170,679,5
45171,644,5
45172,412,5
45173,459,5
45174,438,5
45175,434,5
45176,410,5
45177,444,5
45178,415,5
45179,423,5
45180,442,5
45181,420,5
45182,428,5
45183,439,5
45184,410,5
45185,439,5
45186,444,5
45187,424,5
45188,440,5
45189,416,5
45190,407,5
45191,401,5
45192,431,5
45193,430,5
45194,418,5
45195,439,5
45196,417,5
45197,410,5
45198,414,5
45199,442,5
45200,435,5
45201,423,5
45202,422,5
45203,418,5
45204,396,5
45205,406,5
45206,423,5
45207,432,5
45208,421,5
45209,406,5
45210,445,5
45211,409,5
45212,425,5
45213,427,5
45214,453,5
45215,414,5
45216,426,5
45217,427,5
45218,411,5
45219,429,5
45220,420,5
45221,421,5
45222,416,5
45223,439,5
45224,423,5
45225,415,5
45226,399,5
45227,448,5
45228,426,5
45229,440,5
45230,440,5
45231,429,5
45232,436,5
45233,440,5
45234,413,5
45235,436,5
45236,428,5
45237,414,5
45238,435,5
45239,413,5
45240,432,5
45241,428,5
45242,417,5
45243,448,5
45244,435,5
45245,415,5
45246,440,5
45247,421,5
45248,420,5
45249,436,5
45250,433,5
45251,422,5
45252,694,5
45253,665,5
45254,692,5
45255,666,5
45256,679,5
45257,670,5
45258,684,5
45259,650,5
45260,662,5
45261,682,5
45262,685,5
45263,667,5
45264,688,5
45265,666,5
45266,681,5
45267,673,5
45268,657,5
45269,696,5
45270,668,5
45271,666,5
45272,670,5
45273,669,5
45274,677,5
45275,669,5
45276,668,5
45277,680,5
45278,425,5
45279,431,5
45280,422,5
45281,429,5
45282,407,5
45283,438,5
45284,420,5
45285,422,5
45286,432,5
45287,428,5
45288,433,5
45289,441,5
45290,422,5
45291,425,5
45292,457,5
45293,419,5
45294,417,5
45295,434,5
45296,436,5
45297,435,5
45298,417,5
45299,423,5
45300,430,5
45301,423,5
45302,431,5
45303,409,5
45304,421,5
45305,429,5
45306,412,5
45307,428,5
45308,421,5
45309,426,5
45310,437,5
45311,457,5
45312,426,5
45313,423,5
45314,448,5
45315,439,5
45316,446,5
45317,428,5
45318,435,5
45319,426,5
45320,426,5
45321,426,5
45322,430,5
45323,426,5
45324,442,5
45325,432,5
45326,427,5
45327,427,5
45328,420,5
45329,412,5
45330,437,5
45331,437,5
45332,412,5
45333,412,5
45334,433,5
45335,421,5
45336,413,5
45337,406,5
45338,419,5
45339,427,5
45340,422,5
45341,409,5
45342,418,5
45343,432,5
45344,444,5
45345,426,5
45346,437,5
45347,434,5
45348,418,5
45349,436,5
45350,438,5
45351,419,5
45352,425,5
45353,418,5
45354,410,5
45355,437,5
45356,444,5
45357,424,5
45358,419,5
45359,656,5
45360,658,5
45361,633,5
45362,645,5
45363,667,5
45364,665,5
45365,632,5
45366,627,5
45367,648,5
45368,652,5
45369,652,5
45370,650,5
45371,647,5
45372,638,5
45373,636,5
45374,653,5
45375,635,5
45376,624,5
45377,645,5
45378,647,5
45379,667,5
45380,644,5
45381,628,5
45382,658,5
45383,643,5
45384,642,5
45385,630,5
45386,650,5
45387,427,5
45388,426,5
45389,436,5
45390,438,5
45391,429,5
45392,431,5
45393,429,5
45394,445,5
45395,414,5
45396,412,5
45397,411,5
45398,431,5
45399,424,5
45400,451,5
45401,430,5
45402,443,5
45403,409,5
45404,429,5
45405,431,5
45406,433,5
45407,422,5
45408,437,5
45409,431,5
45410,426,5
45411,420,5
45412,407,5
45413,402,5
45414,417,5
45415,423,5
45416,417,5
45417,429,5
45418,435,5
45419,410,5
45420,432,5
45421,425,5
45422,404,5
45423,436,5
45424,414,5
45425,456,5
45426,439,5
45427,423,5
45428,425,5
45429,408,5
45430,446,5
45431,415,5
45432,426,5
45433,417,5
45434,431,5
45435,425,5
45436,417,5
45437,431,5
45438,443,5
45439,426,5
45440,399,5
45441,430,5
45442,407,5
45443,409,5
45444,407,5
45445,433,5
45446,408,5
45447,437,5
45448,435,5
45449,415,5
45450,431,5
45451,603,5
45452,582,5
45453,604,5
45454,591,5
45455,581,5
45456,599,5
45457,580,5
45458,606,5
45459,575,5
45460,605,5
45461,592,5
45462,598,5
45463,584,5
45464,594,5
45465,559,5
45466,592,5
45467,573,5
45468,598,5
45469,583,5
45470,583,5
45471,575,5
45472,591,5
45473,579,5
45474,588,5
45475,585,5
45476,577,5
45477,584,5
45478,418,5
45479,437,5
45480,439,5
45481,409,5
45482,427,5
45483,422,5
45484,414,5
45485,427,5
45486,431,5
45487,393,5
45488,437,5
45489,434,5
45490,425,5
45491,414,5
45492,431,5
45493,417,5
45494,440,5
45495,436,5
45496,425,5
45497,415,5
45498,431,5
45499,435,5
45500,438,5
45501,393,5
45502,417,5
45503,408,5
45504,438,5
45505,441,5
45506,416,5
45507,458,5
45508,442,5
45509,427,5
45510,443,5
45511,417,5
45512,422,5
45513,431,5
45514,417,5
45515,410,5
45516,414,5
45517,423,5
45518,431,5
45519,421,5
45520,405,5
45521,431,5
45522,440,5
45523,417,5
45524,445,5
45525,435,5
45526,412,5
45527,417,5
45528,421,5
45529,423,5
45530,396,5
45531,416,5
45532,418,5
45533,448,5
45534,428,5
45535,415,5
45536,420,5
45537,430,5
45538,420,5
45539,418,5
45540,418,5
45541,431,5
45542,408,5
45543,412,5
45544,414,5
45545,412,5
45546,415,5
45547,436,5
45548,437,5
45549,428,5
45550,428,5
45551,417,5
45552,400,5
45553,427,5
45554,429,5
45555,417,5
45556,591,5
45557,588,5
45558,606,5
45559,605,5
45560,618,5
45561,594,5
45562,600,5
45563,604,5
45564,597,5
45565,614,5
45566,619,5
45567,590,5
45568,598,5
45569,620,5
45570,608,5
45571,605,5
45572,608,5
45573,612,5
45574,430,5
45575,428,5
45576,425,5
45577,441,5
45578,422,5
45579,425,5
45580,444,5
45581,429,5
45582,424,5
45583,433,5
45584,428,5
45585,416,5
45586,428,5
45587,415,5
45588,447,5
45589,428,5
45590,414,5
45591,420,5
45592,434,5
45593,412,5
45594,458,5
45595,408,5
45596,436,5
45597,419,5
45598,415,5
45599,431,5
45600,410,5
45601,425,5
45602,445,5
45603,422,5
45604,436,5
45605,411,5
45606,420,5
45607,433,5
45608,395,5
45609,432,5
45610,424,5
45611,421,5
45612,442,5
45613,407,5
45614,430,5
45615,435,5
45616,416,5
45617,400,5
45618,429,5
45619,435,5
45620,443,5
45621,405,5
45622,422,5
45623,451,5
45624,428,5
45625,429,5
45626,432,5
45627,425,5
45628,422,5
45629,423,5
45630,442,5
45631,434,5
45632,429,5
45633,402,5
45634,419,5
45635,450,5
45636,415,5
45637,426,5
45638,424,5
45639,408,5
45640,414,5
45641,406,5
45642,405,5
45643,431,5
45644,416,5
45645,447,5
45646,435,5
45647,424,5
45648,434,5
45649,399,5
45650,424,5
45651,438,5
45652,409,5
45653,433,5
45654,428,5
45655,406,5
45656,444,5
45657,439,5
45658,432,5
45659,409,5
45660,415,5
45661,424,5
45662,442,5
45663,422,5
45664,427,5
45665,579,5
45666,609,5
45667,575,5
45668,590,5
45669,603,5
45670,581,5
45671,584,5
45672,577,5
45673,571,5
45674,573,5
45675,607,5
45676,568,5
45677,579,5
45678,571,5
45679,578,5
45680,584,5
45681,589,5
45682,605,5
45683,599,5
45684,596,5
45685,434,5
45686,404,5
45687,426,5
45688,441,5
45689,448,5
45690,440,5
45691,419,5
45692,434,5
45693,415,5
45694,442,5
45695,414,5
45696,413,5
45697,439,5
45698,425,5
45699,434,5
45700,427,5
45701,415,5
45702,433,5
45703,438,5
45704,404,5
45705,415,5
45706,410,5
45707,446,5
45708,438,5
45709,421,5
45710,438,5
45711,409,5
45712,429,5
45713,436,5
45714,419,5
45715,425,5
45716,431,5
45717,439,5
45718,407,5
45719,423,5
45720,414,5
45721,432,5
45722,421,5
45723,435,5
45724,409,5
45725,419,5
45726,449,5
45727,423,5
45728,438,5
45729,412,5
45730,407,5
45731,442,5
45732,435,5
45733,420,5
45734,445,5
45735,418,5
45736,415,5
45737,425,5
45738,422,5
45739,411,5
45740,424,5
45741,428,5
45742,435,5
45743,457,5
45744,666,5
45745,639,5
45746,684,5
45747,652,5
45748,656,5
45749,644,5
45750,652,5
45751,651,5
45752,660,5
45753,663,5
45754,647,5
45755,666,5
45756,645,5
45757,665,5
45758,644,5
45759,638,5
45760,648,5
45761,649,5
45762,640,5
45763,647,5
45764,645,5
45765,652,5
45766,658,5
45767,651,5
45768,640,5
45769,647,5
45770,664,5
45771,644,5
45772,413,5
45773,407,5
45774,417,5
45775,435,5
45776,416,5
45777,425,5
45778,419,5
45779,418,5
45780,441,5
45781,423,5
45782,410,5
45783,407,5
45784,412,5
45785,411,5
45786,435,5
45787,423,5
45788,426,5
45789,422,5
45790,423,5
45791,436,5
45792,437,5
45793,446,5
45794,414,5
45795,420,5
45796,427,5
45797,444,5
45798,417,5
45799,436,5
45800,426,5
45801,412,5
45802,424,5
45803,432,5
45804,390,5
45805,436,5
45806,407,5
45807,422,5
45808,424,5
45809,392,5
45810,418,5
45811,430,5
45812,447,5
45813,435,5
45814,436,5
45815,399,5
45816,421,5
45817,447,5
45818,437,5
45819,419,5
45820,426,5
45821,437,5
45822,436,5
45823,423,5
45824,422,5
45825,430,5
45826,437,5
45827,420,5
45828,403,5
45829,424,5
45830,410,5
45831,448,5
45832,414,5
45833,424,5
45834,416,5
45835,419,5
45836,435,5
45837,438,5
45838,433,5
45839,437,5
45840,419,5
45841,412,5
45842,416,5
45843,430,5
45844,440,5
45845,410,5
45846,421,5
45847,422,5
45848,416,5
45849,432,5
45850,437,5
45851,454,5
45852,449,5
45853,434,5
45854,419,5
45855,614,5
45856,582,5
45857,614,5
45858,610,5
45859,607,5
45860,597,5
45861,615,5
45862,594,5
45863,619,5
45864,613,5
45865,611,5
45866,594,5
45867,598,5
45868,588,5
45869,616,5
45870,606,5
45871,599,5
45872,604,5
45873,619,5
45874,592,5
45875,601,5
45876,587,5
45877,593,5
45878,603,5
45879,438,5
45880,433,5
45881,437,5
45882,433,5
45883,413,5
45884,445,5
45885,434,5
45886,447,5
45887,445,5
45888,424,5
45889,419,5
45890,398,5
45891,427,5
45892,425,5
45893,417,5
45894,419,5
45895,431,5
45896,402,5
45897,440,5
45898,435,5
45899,421,5
45900,406,5
45901,417,5
45902,408,5
45903,441,5
45904,410,5
45905,415,5
45906,432,5
45907,439,5
45908,416,5
45909,443,5
45910,422,5
45911,439,5
45912,426,5
45913,409,5
45914,415,5
45915,424,5
45916,438,5
45917,432,5
45918,440,5
45919,417,5
45920,406,5
45921,432,5
45922,430,5
45923,423,5
45924,419,5
45925,420,5
45926,416,5
45927,429,5
45928,433,5
45929,441,5
45930,425,5
45931,429,5
45932,405,5
45933,426,5
45934,432,5
45935,592,5
45936,618,5
45937,592,5
45938,604,5
45939,603,5
45940,591,5
45941,599,5
45942,602,5
45943,602,5
45944,583,5
45945,605,5
45946,613,5
45947,612,5
45948,610,5
45949,589,5
45950,609,5
45951,583,5
45952,599,5
45953,588,5
45954,613,5
45955,602,5
45956,578,5
45957,597,5
45958,584,5
45959,595,5
45960,421,5
45961,433,5
45962,436,5
45963,408,5
45964,421,5
45965,420,5
45966,410,5
45967,422,5
45968,435,5
45969,412,5
45970,435,5
45971,409,5
45972,444,5
45973,425,5
45974,416,5
45975,433,5
45976,455,5
45977,441,5
45978,424,5
45979,440,5
45980,452,5
45981,420,5
45982,427,5
45983,415,5
45984,420,5
45985,422,5
45986,420,5
45987,439,5
45988,402,5
45989,425,5
45990,424,5
45991,419,5
45992,435,5
45993,435,5
45994,426,5
45995,429,5
45996,424,5
45997,432,5
45998,444,5
45999,438,5
46000,452,5
46001,435,5
46002,403,5
46003,433,5
46004,416,5
46005,441,5
46006,422,5
46007,409,5
46008,429,5
46009,422,5
46010,430,5
46011,429,5
46012,429,5
46013,429,5
46014,435,5
46015,427,5
46016,424,5
46017,422,5
46018,421,5
46019,422,5
46020,435,5
46021,441,5
46022,435,5
46023,429,5
46024,426,5
46025,428,5
46026,428,5
46027,418,5
46028,416,5
46029,426,5
46030,415,5
46031,416,5
46032,417,5
46033,439,5
46034,443,5
46035,425,5
46036,426,5
46037,434,5
46038,414,5
46039,426,5
46040,449,5
46041,424,5
46042,424,5
46043,424,5
46044,422,5
46045,430,5
46046,429,5
46047,400,5
46048,432,5
46049,413,5
46050,433,5
46051,425,5
46052,427,5
46053,428,5
46054,419,5
46055,418,5
46056,434,5
46057,419,5
46058,412,5
46059,431,5
46060,430,5
46061,425,5
46062,673,5
46063,671,5
46064,677,5
46065,680,5
46066,676,5
46067,681,5
46068,689,5
46069,675,5
46070,669,5
46071,651,5
46072,654,5
46073,674,5
46074,667,5
46075,664,5
46076,677,5
46077,678,5
46078,674,5
46079,665,5
46080,694,5
46081,669,5
46082,681,5
46083,667,5
46084,657,5
46085,671,5
46086,700,5
46087,682,5
46088,669,5
46089,677,5
46090,421,5
46091,433,5
46092,448,5
46093,419,5
46094,428,5
46095,430,5
46096,420,5
46097,420,5
46098,427,5
46099,417,5
46100,436,5
46101,443,5
46102,423,5
46103,432,5
46104,416,5
46105,424,5
46106,431,5
46107,415,5
46108,434,5
46109,416,5
46110,437,5
46111,435,5
46112,438,5
46113,437,5
46114,448,5
46115,431,5
46116,408,5
46117,427,5
46118,420,5
46119,409,5
46120,440,5
46121,421,5
46122,407,5
46123,417,5
46124,452,5
46125,441,5
46126,434,5
46127,433,5
46128,414,5
46129,413,5
46130,432,5
46131,444,5
46132,413,5
46133,424,5
46134,428,5
46135,419,5
46136,423,5
46137,413,5
46138,583,5
46139,582,5
46140,587,5
46141,577,5
46142,588,5
46143,584,5
46144,595,5
46145,577,5
46146,591,5
46147,577,5
46148,587,5
46149,596,5
46150,594,5
46151,577,5
46152,573,5
46153,591,5
46154,574,5
46155,592,5
46156,565,5
46157,431,5
46158,421,5
46159,405,5
46160,416,5
46161,420,5
46162,448,5
46163,389,5
46164,421,5
46165,421,5
46166,413,5
46167,420,5
46168,423,5
46169,417,5
46170,429,5
46171,444,5
46172,424,5
46173,417,5
46174,424,5
46175,421,5
46176,438,5
46177,419,5
46178,431,5
46179,428,5
46180,426,5
46181,411,5
46182,418,5
46183,423,5
46184,411,5
46185,413,5
46186,419,5
46187,429,5
46188,442,5
46189,428,5
46190,427,5
46191,426,5
46192,421,5
46193,424,5
46194,432,5
46195,436,5
46196,396,5
46197,434,5
46198,421,5
46199,431,5
46200,431,5
46201,428,5
46202,425,5
46203,424,5
46204,413,5
46205,425,5
46206,401,5
46207,428,5
46208,434,5
46209,408,5
46210,422,5
46211,442,5
46212,451,5
46213,424,5
46214,426,5
46215,424,5
46216,427,5
46217,440,5
46218,425,5
46219,409,5
46220,428,5
46221,420,5
46222,412,5
46223,412,5
46224,424,5
46225,433,5
46226,432,5
46227,439,5
46228,416,5
46229,421,5
46230,433,5
46231,434,5
46232,419,5
46233,417,5
46234,431,5
46235,436,5
46236,422,5
46237,431,5
46238,425,5
46239,417,5
46240,434,5
46241,422,5
46242,407,5
46243,417,5
46244,643,5
46245,703,5
46246,686,5
46247,654,5
46248,663,5
46249,673,5
46250,689,5
46251,679,5
46252,673,5
46253,663,5
46254,676,5
46255,676,5
46256,671,5
46257,669,5
46258,665,5
46259,686,5
46260,650,5
46261,674,5
46262,670,5
46263,647,5
46264,420,5
46265,413,5
46266,413,5
46267,416,5
46268,440,5
46269,424,5
46270,434,5
46271,411,5
46272,418,5
46273,420,5
46274,427,5
46275,431,5
46276,428,5
46277,415,5
46278,434,5
46279,418,5
46280,428,5
46281,409,5
46282,422,5
46283,431,5
46284,426,5
46285,415,5
46286,432,5
46287,416,5
46288,404,5
46289,437,5
46290,413,5
46291,434,5
46292,422,5
46293,433,5
46294,416,5
46295,435,5
46296,418,5
46297,422,5
46298,399,5
46299,406,5
46300,436,5
46301,430,5
46302,437,5
46303,433,5
46304,438,5
46305,438,5
46306,428,5
46307,424,5
46308,438,5
46309,446,5
46310,422,5
46311,439,5
46312,422,5
46313,421,5
46314,432,5
46315,435,5
46316,432,5
46317,427,5
46318,427,5
46319,410,5
46320,427,5
46321,441,5
46322,439,5
46323,418,5
46324,432,5
46325,431,5
46326,445,5
46327,436,5
46328,429,5
46329,433,5
46330,417,5
46331,429,5
46332,450,5
46333,638,5
46334,633,5
46335,653,5
46336,633,5
46337,627,5
46338,656,5
46339,632,5
46340,637,5
46341,635,5
46342,660,5
46343,613,5
46344,645,5
46345,622,5
46346,650,5
46347,631,5
46348,634,5
46349,634,5
46350,639,5
46351,626,5
46352,650,5
46353,630,5
46354,632,5
46355,625,5
46356,650,5
46357,635,5
46358,656,5
46359,601,5
46360,647,5
46361,411,5
46362,416,5
46363,425,5
46364,433,5
46365,459,5
46366,416,5
46367,417,5
46368,417,5
46369,420,5
46370,438,5
46371,426,5
46372,445,5
46373,441,5
46374,433,5
46375,421,5
46376,403,5
46377,424,5
46378,416,5
46379,424,5
46380,421,5
46381,420,5
46382,425,5
46383,404,5
46384,419,5
46385,440,5
46386,437,5
46387,425,5
46388,405,5
46389,421,5
46390,418,5
46391,427,5
46392,427,5
46393,431,5
46394,408,5
46395,402,5
46396,420,5
46397,412,5
46398,427,5
46399,426,5
46400,433,5
46401,444,5
46402,411,5
46403,423,5
46404,418,5
46405,448,5
46406,404,5
46407,434,5
46408,420,5
46409,413,5
46410,423,5
46411,427,5
46412,403,5
46413,422,5
46414,421,5
46415,406,5
46416,435,5
46417,413,5
46418,440,5
46419,418,5
46420,399,5
46421,443,5
46422,410,5
46423,418,5
46424,416,5
46425,418,5
46426,427,5
46427,439,5
46428,401,5
46429,423,5
46430,437,5
46431,426,5
46432,429,5
46433,438,5
46434,407,5
46435,427,5
46436,435,5
46437,430,5
46438,418,5
46439,403,5
46440,428,5
46441,418,5
46442,432,5
46443,415,5
46444,442,5
46445,437,5
46446,410,5
46447,445,5
46448,409,5
46449,432,5
46450,422,5
46451,423,5
46452,438,5
46453,429,5
46454,410,5
46455,419,5
46456,431,5
46457,438,5
46458,435,5
46459,422,5
46460,421,5
46461,449,5
46462,603,5
46463,590,5
46464,593,5
46465,580,5
46466,589,5
46467,586,5
46468,588,5
46469,606,5
46470,577,5
46471,590,5
46472,581,5
46473,596,5
46474,609,5
46475,601,5
46476,595,5
46477,605,5
46478,603,5
46479,587,5
46480,572,5
46481,607,5
46482,579,5
46483,579,5
46484,589,5
46485,586,5
46486,579,5
46487,592,5
46488,421,5
46489,431,5
46490,425,5
46491,429,5
46492,423,5
46493,429,5
46494,420,5
46495,423,5
46496,415,5
46497,415,5
46498,426,5
46499,447,5
46500,414,5
46501,416,5
46502,427,5
46503,433,5
46504,418,5
46505,433,5
46506,418,5
46507,426,5
46508,409,5
46509,430,5
46510,431,5
46511,427,5
46512,402,5
46513,420,5
46514,429,5
46515,415,5
46516,439,5
46517,452,5
46518,414,5
46519,433,5
46520,423,5
46521,430,5
46522,424,5
46523,423,5
46524,419,5
46525,431,5
46526,407,5
46527,417,5
46528,426,5
46529,418,5
46530,440,5
46531,432,5
46532,412,5
46533,422,5
46534,434,5
46535,429,5
46536,423,5
46537,423,5
46538,439,5
46539,409,5
46540,447,5
46541,427,5
46542,446,5
46543,425,5
46544,455,5
46545,417,5
46546,426,5
46547,435,5
46548,434,5
46549,415,5
46550,408,5
46551,415,5
46552,422,5
46553,423,5
46554,426,5
46555,434,5
46556,424,5
46557,401,5
46558,437,5
46559,650,5
46560,640,5
46561,633,5
46562,639,5
46563,650,5
46564,623,5
46565,629,5
46566,629,5
46567,623,5
46568,668,5
46569,638,5
46570,623,5
46571,620,5
46572,646,5
46573,650,5
46574,648,5
46575,659,5
46576,631,5
46577,621,5
46578,667,5
46579,628,5
46580,644,5
46581,626,5
46582,649,5
46583,621,5
46584,667,5
46585,641,5
46586,620,5
46587,611,5
46588,424,5
46589,438,5
46590,419,5
46591,441,5
46592,413,5
46593,434,5
46594,422,5
46595,434,5
46596,415,5
46597,418,5
46598,408,5
46599,439,5
46600,419,5
46601,432,5
46602,398,5
46603,410,5
46604,441,5
46605,428,5
46606,418,5
46607,436,5
46608,427,5
46609,441,5
46610,418,5
46611,415,5
46612,408,5
46613,438,5
46614,438,5
46615,433,5
46616,413,5
46617,408,5
46618,436,5
46619,428,5
46620,414,5
46621,433,5
46622,447,5
46623,421,5
46624,424,5
46625,436,5
46626,440,5
46627,426,5
46628,404,5
46629,438,5
46630,417,5
46631,430,5
46632,439,5
46633,433,5
46634,426,5
46635,425,5
46636,585,5
46637,597,5
46638,581,5
46639,604,5
46640,605,5
46641,593,5
46642,585,5
46643,572,5
46644,584,5
46645,585,5
46646,594,5
46647,583,5
46648,604,5
46649,611,5
46650,595,5
46651,577,5
46652,566,5
46653,594,5
46654,589,5
46655,581,5
46656,590,5
46657,454,5
46658,447,5
46659,446,5
46660,420,5
46661,421,5
46662,437,5
46663,426,5
46664,432,5
46665,410,5
46666,430,5
46667,407,5
46668,397,5
46669,420,5
46670,436,5
46671,430,5
46672,423,5
46673,400,5
46674,406,5
46675,422,5
46676,421,5
46677,424,5
46678,447,5
46679,427,5
46680,441,5
46681,416,5
46682,398,5
46683,438,5
46684,441,5
46685,443,5
46686,414,5
46687,418,5
46688,418,5
46689,431,5
46690,414,5
46691,429,5
46692,436,5
46693,433,5
46694,413,5
46695,437,5
46696,426,5
46697,418,5
46698,437,5
46699,426,5
46700,433,5
46701,425,5
46702,408,5
46703,407,5
46704,456,5
46705,431,5
46706,441,5
46707,427,5
46708,424,5
46709,426,5
46710,428,5
46711,426,5
46712,445,5
46713,435,5
46714,430,5
46715,435,5
46716,437,5
46717,429,5
46718,432,5
46719,434,5
46720,433,5
46721,425,5
46722,435,5
46723,412,5
46724,427,5
46725,425,5
46726,434,5
46727,417,5
46728,419,5
46729,415,5
46730,433,5
46731,405,5
46732,414,5
46733,401,5
46734,417,5
46735,425,5
46736,439,5
46737,441,5
46738,408,5
46739,420,5
46740,430,5
46741,421,5
46742,415,5
46743,404,5
46744,412,5
46745,440,5
46746,439,5
46747,457,5
46748,436,5
46749,413,5
46750,431,5
46751,432,5
46752,433,5
46753,423,5
46754,422,5
46755,431,5
46756,415,5
46757,438,5
46758,412,5
46759,411,5
46760,420,5
46761,432,5
46762,437,5
46763,430,5
46764,418,5
46765,423,5
46766,420,5
46767,656,5
46768,646,5
46769,660,5
46770,653,5
46771,640,5
46772,642,5
46773,644,5
46774,643,5
46775,653,5
46776,648,5
46777,637,5
46778,668,5
46779,646,5
46780,632,5
46781,651,5
46782,631,5
46783,429,5
46784,424,5
46785,426,5
46786,415,5
46787,424,5
46788,424,5
46789,425,5
46790,447,5
46791,418,5
46792,428,5
46793,409,5
46794,400,5
46795,421,5
46796,442,5
46797,410,5
46798,434,5
46799,439,5
46800,434,5
46801,402,5
46802,445,5
46803,419,5
46804,427,5
46805,442,5
46806,434,5
46807,423,5
46808,435,5
46809,439,5
46810,426,5
46811,417,5
46812,429,5
46813,415,5
46814,438,5
46815,414,5
46816,416,5
46817,437,5
46818,425,5
46819,430,5
46820,433,5
46821,417,5
46822,419,5
46823,443,5
46824,433,5
46825,421,5
46826,428,5
46827,423,5
46828,435,5
46829,427,5
46830,424,5
46831,412,5
46832,433,5
46833,421,5
46834,437,5
46835,404,5
46836,419,5
46837,432,5
46838,425,5
46839,418,5
46840,439,5
46841,437,5
46842,416,5
46843,423,5
46844,413,5
46845,422,5
46846,598,5
46847,595,5
46848,609,5
46849,609,5
46850,614,5
46851,605,5
46852,581,5
46853,600,5
46854,610,5
46855,602,5
46856,611,5
46857,614,5
46858,583,5
46859,608,5
46860,605,5
46861,445,5
46862,418,5
46863,439,5
46864,424,5
46865,427,5
46866,425,5
46867,446,5
46868,414,5
46869,428,5
46870,439,5
46871,449,5
46872,413,5
46873,437,5
46874,422,5
46875,436,5
46876,417,5
46877,441,5
46878,421,5
46879,437,5
46880,424,5
46881,409,5
46882,428,5
46883,412,5
46884,421,5
46885,458,5
46886,429,5
46887,426,5
46888,410,5
46889,402,5
46890,415,5
46891,418,5
46892,414,5
46893,417,5
46894,407,5
46895,420,5
46896,403,5
46897,427,5
46898,413,5
46899,422,5
46900,410,5
46901,428,5
46902,413,5
46903,416,5
46904,419,5
46905,439,5
46906,446,5
46907,413,5
46908,412,5
46909,407,5
46910,432,5
46911,432,5
46912,439,5
46913,450,5
46914,424,5
46915,409,5
46916,436,5
46917,414,5
46918,408,5
46919,443,5
46920,396,5
46921,438,5
46922,430,5
46923,419,5
46924,432,5
46925,431,5
46926,416,5
46927,420,5
46928,457,5
46929,435,5
46930,451,5
46931,422,5
46932,416,5
46933,430,5
46934,418,5
46935,427,5
46936,414,5
46937,424,5
46938,410,5
46939,423,5
46940,431,5
46941,428,5
46942,431,5
46943,416,5
46944,422,5
46945,411,5
46946,433,5
46947,452,5
46948,423,5
46949,419,5
46950,397,5
46951,417,5
46952,434,5
46953,429,5
46954,436,5
46955,446,5
46956,420,5
46957,414,5
46958,434,5
46959,426,5
46960,412,5
46961,410,5
46962,435,5
46963,427,5
46964,410,5
46965,427,5
46966,412,5
46967,433,5
46968,648,5
46969,648,5
46970,641,5
46971,639,5
46972,635,5
46973,626,5
46974,651,5
46975,644,5
46976,627,5
46977,617,5
46978,630,5
46979,652,5
46980,642,5
46981,639,5
46982,652,5
46983,612,5
46984,635,5
46985,651,5
46986,624,5
46987,626,5
46988,634,5
46989,419,5
46990,420,5
46991,427,5
46992,418,5
46993,421,5
46994,415,5
46995,423,5
46996,427,5
46997,426,5
46998,418,5
46999,416,5
47000,416,5
47001,407,5
47002,446,5
47003,427,5
47004,424,5
47005,437,5
47006,428,5
47007,432,5
47008,427,5
47009,446,5
47010,456,5
47011,447,5
47012,388,5
47013,418,5
47014,418,5
47015,441,5
47016,420,5
47017,421,5
47018,419,5
47019,421,5
47020,425,5
47021,432,5
47022,424,5
47023,423,5
47024,419,5
47025,428,5
47026,403,5
47027,404,5
47028,413,5
47029,432,5
47030,405,5
47031,436,5
47032,426,5
47033,412,5
47034,431,5
47035,414,5
47036,425,5
47037,419,5
47038,437,5
47039,435,5
47040,437,5
47041,440,5
47042,434,5
47043,429,5
47044,403,5
47045,425,5
47046,401,5
47047,410,5
47048,434,5
47049,411,5
47050,431,5
47051,604,5
47052,604,5
47053,602,5
47054,612,5
47055,602,5
47056,601,5
47057,611,5
47058,605,5
47059,592,5
47060,605,5
47061,591,5
47062,606,5
47063,621,5
47064,595,5
47065,616,5
47066,614,5
47067,588,5
47068,607,5
47069,620,5
47070,599,5
47071,598,5
47072,596,5
47073,609,5
47074,587,5
47075,592,5
47076,596,5
47077,583,5
47078,586,5
47079,595,5
47080,421,5
47081,440,5
47082,437,5
47083,430,5
47084,451,5
47085,424,5
47086,435,5
47087,420,5
47088,433,5
47089,417,5
47090,402,5
47091,422,5
47092,441,5
47093,404,5
47094,413,5
47095,428,5
47096,432,5
47097,436,5
47098,437,5
47099,425,5
47100,415,5
47101,413,5
47102,444,5
47103,421,5
47104,428,5
47105,436,5
47106,426,5
47107,426,5
47108,444,5
47109,413,5
47110,427,5
47111,430,5
47112,399,5
47113,416,5
47114,410,5
47115,436,5
47116,426,5
47117,423,5
47118,422,5
47119,438,5
47120,424,5
47121,429,5
47122,415,5
47123,436,5
47124,438,5
47125,405,5
47126,419,5
47127,413,5
47128,427,5
47129,427,5
47130,432,5
47131,417,5
47132,424,5
47133,420,5
47134,408,5
47135,411,5
47136,402,5
47137,440,5
47138,410,5
47139,420,5
47140,444,5
47141,418,5
47142,435,5
47143,420,5
47144,428,5
47145,422,5
47146,410,5
47147,448,5
47148,437,5
47149,422,5
47150,414,5
47151,415,5
47152,421,5
47153,413,5
47154,425,5
47155,440,5
47156,419,5
47157,441,5
47158,412,5
47159,437,5
47160,438,5
47161,616,5
47162,609,5
47163,603,5
47164,615,5
47165,606,5
47166,605,5
47167,592,5
47168,593,5
47169,610,5
47170,600,5
47171,613,5
47172,615,5
47173,588,5
47174,595,5
47175,594,5
47176,622,5
47177,602,5
47178,608,5
47179,594,5
47180,605,5
47181,597,5
47182,582,5
47183,597,5
47184,607,5
47185,466,5
47186,409,5
47187,424,5
47188,428,5
47189,435,5
47190,421,5
47191,418,5
47192,434,5
47193,434,5
47194,435,5
47195,433,5
47196,406,5
47197,434,5
47198,427,5
47199,398,5
47200,437,5
47201,422,5
47202,432,5
47203,431,5
47204,412,5
47205,441,5
47206,415,5
47207,414,5
47208,437,5
47209,427,5
47210,451,5
47211,412,5
47212,433,5
47213,430,5
47214,440,5
47215,442,5
47216,434,5
47217,431,5
47218,425,5
47219,425,5
47220,436,5
47221,432,5
47222,432,5
47223,424,5
47224,409,5
47225,417,5
47226,418,5
47227,428,5
47228,438,5
47229,424,5
47230,415,5
47231,403,5
47232,420,5
47233,413,5
47234,435,5
47235,433,5
47236,416,5
47237,429,5
47238,426,5
47239,413,5
47240,430,5
47241,426,5
47242,435,5
47243,424,5
47244,442,5
47245,418,5
47246,408,5
47247,428,5
47248,439,5
47249,412,5
47250,422,5
47251,432,5
47252,398,5
47253,451,5
47254,428,5
47255,420,5
47256,435,5
47257,425,5
47258,419,5
47259,670,5
47260,665,5
47261,637,5
47262,656,5
47263,654,5
47264,656,5
47265,664,5
47266,634,5
47267,672,5
47268,654,5
47269,670,5
47270,654,5
47271,657,5
47272,683,5
47273,648,5
47274,654,5
47275,652,5
47276,680,5
47277,644,5
47278,671,5
47279,641,5
47280,645,5
47281,651,5
47282,656,5
47283,673,5
47284,657,5
47285,667,5
47286,417,5
47287,426,5
47288,437,5
47289,433,5
47290,432,5
47291,403,5
47292,418,5
47293,427,5
47294,422,5
47295,419,5
47296,415,5
47297,437,5
47298,429,5
47299,435,5
47300,428,5
47301,422,5
47302,439,5
47303,437,5
47304,423,5
47305,427,5
47306,437,5
47307,434,5
47308,447,5
47309,428,5
47310,421,5
47311,415,5
47312,427,5
47313,414,5
47314,426,5
47315,446,5
47316,437,5
47317,409,5
47318,403,5
47319,405,5
47320,418,5
47321,421,5
47322,438,5
47323,435,5
47324,432,5
47325,418,5
47326,418,5
47327,417,5
47328,442,5
47329,418,5
47330,407,5
47331,423,5
47332,444,5
47333,424,5
47334,424,5
47335,409,5
47336,431,5
47337,437,5
47338,423,5
47339,434,5
47340,389,5
47341,444,5
47342,426,5
47343,417,5
47344,420,5
47345,451,5
47346,428,5
47347,430,5
47348,630,5
47349,622,5
47350,612,5
47351,638,5
47352,625,5
47353,628,5
47354,642,5
47355,638,5
47356,624,5
47357,635,5
47358,638,5
47359,620,5
47360,624,5
47361,633,5
47362,638,5
47363,634,5
47364,634,5
47365,624,5
47366,618,5
47367,635,5
47368,621,5
47369,624,5
47370,607,5
47371,622,5
47372,624,5
47373,617,5
47374,618,5
47375,630,5
47376,431,5
47377,432,5
47378,433,5
47379,437,5
47380,440,5
47381,423,5
47382,420,5
47383,434,5
47384,408,5
47385,424,5
47386,415,5
47387,416,5
47388,419,5
47389,433,5
47390,451,5
47391,434,5
47392,403,5
47393,422,5
47394,417,5
47395,413,5
47396,423,5
47397,416,5
47398,415,5
47399,433,5
47400,437,5
47401,428,5
47402,397,5
47403,428,5
47404,413,5
47405,431,5
47406,429,5
47407,421,5
47408,423,5
47409,403,5
47410,444,5
47411,428,5
47412,427,5
47413,428,5
47414,402,5
47415,436,5
47416,419,5
47417,425,5
47418,417,5
47419,409,5
47420,417,5
47421,422,5
47422,424,5
47423,418,5
47424,423,5
47425,420,5
47426,407,5
47427,423,5
47428,423,5
47429,416,5
47430,435,5
47431,424,5
47432,429,5
47433,414,5
47434,416,5
47435,421,5
47436,409,5
47437,402,5
47438,440,5
47439,417,5
47440,422,5
47441,428,5
47442,422,5
47443,411,5
47444,437,5
47445,418,5
47446,432,5
47447,442,5
47448,409,5
47449,435,5
47450,426,5
47451,414,5
47452,605,5
47453,601,5
47454,593,5
47455,623,5
47456,605,5
47457,587,5
47458,604,5
47459,598,5
47460,586,5
47461,597,5
47462,605,5
47463,589,5
47464,583,5
47465,583,5
47466,584,5
47467,606,5
47468,605,5
47469,589,5
47470,597,5
47471,584,5
47472,592,5
47473,592,5
47474,604,5
47475,614,5
47476,412,5
47477,415,5
47478,428,5
47479,408,5
47480,414,5
47481,435,5
47482,440,5
47483,414,5
47484,415,5
47485,433,5
47486,437,5
47487,421,5
47488,417,5
47489,431,5
47490,429,5
47491,424,5
47492,447,5
47493,427,5
47494,411,5
47495,430,5
47496,416,5
47497,423,5
47498,434,5
47499,435,5
47500,436,5
47501,425,5
47502,421,5
47503,440,5
47504,414,5
47505,425,5
47506,411,5
47507,439,5
47508,442,5
47509,409,5
47510,409,5
47511,419,5
47512,432,5
47513,415,5
47514,416,5
47515,432,5
47516,428,5
47517,424,5
47518,426,5
47519,428,5
47520,435,5
47521,435,5
47522,419,5
47523,424,5
47524,418,5
47525,430,5
47526,413,5
47527,411,5
47528,419,5
47529,400,5
47530,381,5
47531,429,5
47532,430,5
47533,413,5
47534,423,5
47535,442,5
47536,423,5
47537,440,5
47538,416,5
47539,426,5
47540,430,5
47541,418,5
47542,421,5
47543,422,5
47544,415,5
47545,427,5
47546,439,5
47547,438,5
47548,448,5
47549,419,5
47550,418,5
47551,432,5
47552,441,5
47553,437,5
47554,432,5
47555,415,5
47556,416,5
47557,431,5
47558,639,5
47559,633,5
47560,640,5
47561,636,5
47562,644,5
47563,628,5
47564,618,5
47565,619,5
47566,626,5
47567,628,5
47568,634,5
47569,624,5
47570,621,5
47571,616,5
47572,637,5
47573,634,5
47574,637,5
47575,629,5
47576,656,5
47577,621,5
47578,635,5
47579,608,5
47580,640,5
47581,625,5
47582,409,5
47583,430,5
47584,410,5
47585,415,5
47586,437,5
47587,427,5
47588,420,5
47589,427,5
47590,420,5
47591,433,5
47592,423,5
47593,414,5
47594,407,5
47595,438,5
47596,408,5
47597,434,5
47598,414,5
47599,417,5
47600,420,5
47601,439,5
47602,410,5
47603,420,5
47604,412,5
47605,411,5
47606,419,5
47607,415,5
47608,422,5
47609,433,5
47610,416,5
47611,407,5
47612,433,5
47613,416,5
47614,447,5
47615,420,5
47616,423,5
47617,397,5
47618,411,5
47619,398,5
47620,429,5
47621,424,5
47622,433,5
47623,435,5
47624,437,5
47625,422,5
47626,426,5
47627,432,5
47628,415,5
47629,414,5
47630,443,5
47631,403,5
47632,431,5
47633,429,5
47634,412,5
47635,417,5
47636,421,5
47637,428,5
47638,429,5
47639,425,5
47640,427,5
47641,433,5
47642,432,5
47643,443,5
47644,438,5
47645,425,5
47646,433,5
47647,430,5
47648,427,5
47649,415,5
47650,427,5
47651,400,5
47652,438,5
47653,429,5
47654,423,5
47655,420,5
47656,433,5
47657,447,5
47658,650,5
47659,668,5
47660,655,5
47661,636,5
47662,651,5
47663,650,5
47664,636,5
47665,641,5
47666,640,5
47667,647,5
47668,642,5
47669,649,5
47670,651,5
47671,661,5
47672,652,5
47673,637,5
47674,671,5
47675,637,5
47676,641,5
47677,432,5
47678,460,5
47679,430,5
47680,417,5
47681,405,5
47682,405,5
47683,425,5
47684,432,5
47685,408,5
47686,428,5
47687,409,5
47688,414,5
47689,433,5
47690,416,5
47691,441,5
47692,418,5
47693,438,5
47694,452,5
47695,416,5
47696,455,5
47697,425,5
47698,417,5
47699,421,5
47700,441,5
47701,441,5
47702,409,5
47703,427,5
47704,406,5
47705,437,5
47706,419,5
47707,431,5
47708,419,5
47709,404,5
47710,436,5
47711,437,5
47712,427,5
47713,400,5
47714,434,5
47715,416,5
47716,431,5
47717,419,5
47718,420,5
47719,431,5
47720,415,5
47721,423,5
47722,431,5
47723,451,5
47724,424,5
47725,435,5
47726,411,5
47727,445,5
47728,415,5
47729,423,5
47730,431,5
47731,416,5
47732,438,5
47733,417,5
47734,435,5
47735,438,5
47736,432,5
47737,434,5
47738,455,5
47739,430,5
47740,426,5
47741,429,5
47742,440,5
47743,645,5
47744,615,5
47745,606,5
47746,631,5
47747,601,5
47748,620,5
47749,621,5
47750,616,5
47751,616,5
47752,597,5
47753,606,5
47754,628,5
47755,592,5
47756,616,5
47757,613,5
47758,593,5
47759,637,5
47760,605,5
47761,623,5
47762,611,5
47763,607,5
47764,422,5
47765,421,5
47766,423,5
47767,416,5
47768,413,5
47769,437,5
47770,425,5
47771,424,5
47772,414,5
47773,444,5
47774,424,5
47775,402,5
47776,428,5
47777,416,5
47778,436,5
47779,437,5
47780,436,5
47781,419,5
47782,424,5
47783,428,5
47784,436,5
47785,413,5
47786,426,5
47787,447,5
47788,419,5
47789,425,5
47790,456,5
47791,422,5
47792,407,5
47793,424,5
47794,445,5
47795,438,5
47796,413,5
47797,430,5
47798,423,5
47799,435,5
47800,448,5
47801,394,5
47802,432,5
47803,441,5
47804,406,5
47805,416,5
47806,420,5
47807,416,5
47808,415,5
47809,421,5
47810,435,5
47811,443,5
47812,441,5
47813,437,5
47814,447,5
47815,449,5
47816,427,5
47817,442,5
47818,430,5
47819,422,5
47820,424,5
47821,437,5
47822,443,5
47823,432,5
47824,420,5
47825,419,5
47826,403,5
47827,429,5
47828,429,5
47829,412,5
47830,431,5
47831,430,5
47832,407,5
47833,421,5
47834,442,5
47835,417,5
47836,425,5
47837,427,5
47838,425,5
47839,433,5
47840,436,5
47841,440,5
47842,421,5
47843,431,5
47844,435,5
47845,424,5
47846,416,5
47847,427,5
47848,418,5
47849,417,5
47850,428,5
47851,423,5
47852,427,5
47853,406,5
47854,423,5
47855,398,5
47856,412,5
47857,424,5
47858,440,5
47859,431,5
47860,426,5
47861,420,5
47862,422,5
47863,607,5
47864,578,5
47865,583,5
47866,604,5
47867,588,5
47868,615,5
47869,600,5
47870,606,5
47871,572,5
47872,604,5
47873,581,5
47874,600,5
47875,587,5
47876,594,5
47877,578,5
47878,571,5
47879,427,5
47880,421,5
47881,414,5
47882,405,5
47883,393,5
47884,431,5
47885,422,5
47886,418,5
47887,428,5
47888,437,5
47889,428,5
47890,420,5
47891,451,5
47892,417,5
47893,408,5
47894,426,5
47895,422,5
47896,436,5
47897,419,5
47898,423,5
47899,415,5
47900,426,5
47901,428,5
47902,442,5
47903,422,5
47904,442,5
47905,440,5
47906,400,5
47907,411,5
47908,410,5
47909,444,5
47910,424,5
47911,420,5
47912,410,5
47913,437,5
47914,421,5
47915,400,5
47916,445,5
47917,425,5
47918,440,5
47919,425,5
47920,419,5
47921,425,5
47922,430,5
47923,416,5
47924,403,5
47925,398,5
47926,426,5
47927,429,5
47928,423,5
47929,413,5
47930,419,5
47931,426,5
47932,429,5
47933,424,5
47934,417,5
47935,441,5
47936,414,5
47937,413,5
47938,421,5
47939,439,5
47940,433,5
47941,424,5
47942,412,5
47943,414,5
47944,422,5
47945,420,5
47946,419,5
47947,442,5
47948,462,5
47949,416,5
47950,433,5
47951,436,5
47952,419,5
47953,416,5
47954,414,5
47955,432,5
47956,432,5
47957,438,5
47958,610,5
47959,591,5
47960,586,5
47961,574,5
47962,594,5
47963,550,5
47964,580,5
47965,560,5
47966,581,5
47967,594,5
47968,606,5
47969,556,5
47970,600,5
47971,581,5
47972,584,5
47973,595,5
47974,583,5
47975,416,5
47976,418,5
47977,415,5
47978,427,5
47979,440,5
47980,435,5
47981,426,5
47982,417,5
47983,429,5
47984,447,5
47985,414,5
47986,434,5
47987,430,5
47988,416,5
47989,428,5
47990,420,5
47991,415,5
47992,413,5
47993,416,5
47994,411,5
47995,448,5
47996,414,5
47997,444,5
47998,430,5
47999,404,5
48000,415,5
48001,429,5
48002,417,5
48003,427,5
48004,403,5
48005,426,5
48006,424,5
48007,448,5
48008,417,5
48009,434,5
48010,441,5
48011,438,5
48012,439,5
48013,424,5
48014,430,5
48015,418,5
48016,432,5
48017,412,5
48018,415,5
48019,450,5
48020,436,5
48021,406,5
48022,429,5
48023,413,5
48024,433,5
48025,430,5
48026,428,5
48027,417,5
48028,442,5
48029,417,5
48030,428,5
48031,422,5
48032,408,5
48033,421,5
48034,654,5
48035,681,5
48036,666,5
48037,670,5
48038,681,5
48039,667,5
48040,648,5
48041,678,5
48042,666,5
48043,670,5
48044,681,5
48045,662,5
48046,678,5
48047,674,5
48048,673,5
48049,671,5
48050,677,5
48051,681,5
48052,653,5
48053,683,5
48054,670,5
48055,653,5
48056,422,5
48057,413,5
48058,438,5
48059,408,5
48060,427,5
48061,428,5
48062,430,5
48063,433,5
48064,419,5
48065,411,5
48066,400,5
48067,427,5
48068,418,5
48069,439,5
48070,432,5
48071,442,5
48072,407,5
48073,413,5
48074,430,5
48075,441,5
48076,454,5
48077,430,5
48078,425,5
48079,435,5
48080,418,5
48081,416,5
48082,432,5
48083,433,5
48084,425,5
48085,415,5
48086,437,5
48087,409,5
48088,426,5
48089,430,5
48090,418,5
48091,443,5
48092,424,5
48093,420,5
48094,399,5
48095,463,5
48096,423,5
48097,406,5
48098,413,5
48099,438,5
48100,428,5
48101,436,5
48102,422,5
48103,420,5
48104,441,5
48105,451,5
48106,420,5
48107,424,5
48108,428,5
48109,430,5
48110,428,5
48111,401,5
48112,430,5
48113,448,5
48114,406,5
48115,406,5
48116,410,5
48117,433,5
48118,403,5
48119,439,5
48120,412,5
48121,435,5
48122,418,5
48123,416,5
48124,431,5
48125,432,5
48126,416,5
48127,428,5
48128,433,5
48129,402,5
48130,424,5
48131,424,5
48132,403,5
48133,425,5
48134,424,5
48135,435,5
48136,431,5
48137,442,5
48138,429,5
48139,413,5
48140,420,5
48141,437,5
48142,435,5
48143,434,5
48144,435,5
48145,429,5
48146,427,5
48147,423,5
48148,437,5
48149,429,5
48150,401,5
48151,430,5
48152,436,5
48153,415,5
48154,596,5
48155,603,5
48156,620,5
48157,599,5
48158,599,5
48159,609,5
48160,605,5
48161,595,5
48162,603,5
48163,603,5
48164,618,5
48165,591,5
48166,604,5
48167,609,5
48168,616,5
48169,596,5
48170,625,5
48171,583,5
48172,585,5
48173,605,5
48174,583,5
48175,595,5
48176,609,5
48177,620,5
48178,606,5
48179,607,5
48180,611,5
48181,584,5
48182,432,5
48183,425,5
48184,415,5
48185,413,5
48186,424,5
48187,435,5
48188,438,5
48189,423,5
48190,438,5
48191,412,5
48192,420,5
48193,446,5
48194,439,5
48195,415,5
48196,434,5
48197,418,5
48198,421,5
48199,424,5
48200,441,5
48201,423,5
48202,418,5
48203,418,5
48204,399,5
48205,396,5
48206,447,5
48207,420,5
48208,414,5
48209,414,5
48210,424,5
48211,422,5
48212,430,5
48213,410,5
48214,430,5
48215,432,5
48216,422,5
48217,435,5
48218,441,5
48219,422,5
48220,424,5
48221,429,5
48222,433,5
48223,434,5
48224,433,5
48225,434,5
48226,427,5
48227,434,5
48228,434,5
48229,423,5
48230,441,5
48231,577,5
48232,596,5
48233,599,5
48234,594,5
48235,616,5
48236,593,5
48237,611,5
48238,588,5
48239,592,5
48240,598,5
48241,593,5
48242,580,5
48243,599,5
48244,595,5
48245,587,5
48246,568,5
48247,576,5
48248,577,5
48249,594,5
48250,608,5
48251,586,5
48252,602,5
48253,582,5
48254,422,5
48255,422,5
48256,426,5
48257,423,5
48258,426,5
48259,435,5
48260,431,5
48261,428,5
48262,427,5
48263,416,5
48264,419,5
48265,426,5
48266,427,5
48267,411,5
48268,399,5
48269,425,5
48270,413,5
48271,442,5
48272,433,5
48273,432,5
48274,409,5
48275,435,5
48276,417,5
48277,434,5
48278,435,5
48279,406,5
48280,413,5
48281,443,5
48282,407,5
48283,431,5
48284,412,5
48285,439,5
48286,422,5
48287,424,5
48288,439,5
48289,445,5
48290,424,5
48291,431,5
48292,425,5
48293,446,5
48294,443,5
48295,426,5
48296,433,5
48297,438,5
48298,417,5
48299,423,5
48300,433,5
48301,432,5
48302,417,5
48303,438,5
48304,430,5
48305,417,5
48306,408,5
48307,419,5
48308,414,5
48309,419,5
48310,420,5
48311,439,5
48312,409,5
48313,412,5
48314,420,5
48315,456,5
48316,406,5
48317,401,5
48318,440,5
48319,419,5
48320,415,5
48321,430,5
48322,433,5
48323,435,5
48324,432,5
48325,417,5
48326,433,5
48327,430,5
48328,441,5
48329,443,5
48330,414,5
48331,445,5
48332,420,5
48333,408,5
48334,445,5
48335,435,5
48336,401,5
48337,419,5
48338,416,5
48339,418,5
48340,447,5
48341,422,5
48342,419,5
48343,437,5
48344,419,5
48345,454,5
48346,427,5
48347,437,5
48348,448,5
48349,415,5
48350,434,5
48351,418,5
48352,427,5
48353,402,5
48354,419,5
48355,441,5
48356,435,5
48357,421,5
48358,426,5
48359,434,5
48360,434,5
48361,430,5
48362,437,5
48363,423,5
48364,407,5
48365,413,5
48366,420,5
48367,617,5
48368,627,5
48369,628,5
48370,624,5
48371,620,5
48372,661,5
48373,651,5
48374,637,5
48375,642,5
48376,635,5
48377,635,5
48378,651,5
48379,643,5
48380,628,5
48381,654,5
48382,645,5
48383,651,5
48384,642,5
48385,641,5
48386,639,5
48387,646,5
48388,411,5
48389,431,5
48390,406,5
48391,418,5
48392,442,5
48393,412,5
48394,418,5
48395,419,5
48396,415,5
48397,422,5
48398,427,5
48399,442,5
48400,423,5
48401,417,5
48402,432,5
48403,430,5
48404,431,5
48405,420,5
48406,427,5
48407,428,5
48408,418,5
48409,438,5
48410,406,5
48411,417,5
48412,414,5
48413,420,5
48414,418,5
48415,418,5
48416,435,5
48417,428,5
48418,415,5
48419,431,5
48420,430,5
48421,402,5
48422,419,5
48423,432,5
48424,430,5
48425,432,5
48426,415,5
48427,430,5
48428,404,5
48429,423,5
48430,446,5
48431,436,5
48432,427,5
48433,418,5
48434,440,5
48435,425,5
48436,420,5
48437,441,5
48438,656,5
48439,660,5
48440,638,5
48441,650,5
48442,664,5
48443,655,5
48444,654,5
48445,643,5
48446,666,5
48447,651,5
48448,658,5
48449,672,5
48450,676,5
48451,646,5
48452,652,5
48453,663,5
48454,647,5
48455,437,5
48456,433,5
48457,432,5
48458,422,5
48459,426,5
48460,431,5
48461,427,5
48462,407,5
48463,441,5
48464,427,5
48465,425,5
48466,440,5
48467,424,5
48468,413,5
48469,421,5
48470,440,5
48471,413,5
48472,402,5
48473,418,5
48474,430,5
48475,439,5
48476,428,5
48477,421,5
48478,408,5
48479,419,5
48480,402,5
48481,438,5
48482,412,5
48483,416,5
48484,410,5
48485,423,5
48486,428,5
48487,438,5
48488,424,5
48489,416,5
48490,437,5
48491,429,5
48492,425,5
48493,420,5
48494,414,5
48495,432,5
48496,424,5
48497,407,5
48498,422,5
48499,436,5
48500,403,5
48501,431,5
48502,415,5
48503,416,5
48504,445,5
48505,451,5
48506,412,5
48507,422,5
48508,424,5
48509,434,5
48510,419,5
48511,415,5
48512,429,5
48513,426,5
48514,435,5
48515,417,5
48516,423,5
48517,434,5
48518,424,5
48519,405,5
48520,444,5
48521,424,5
48522,424,5
48523,455,5
48524,450,5
48525,436,5
48526,412,5
48527,442,5
48528,404,5
48529,427,5
48530,419,5
48531,417,5
48532,588,5
48533,592,5
48534,594,5
48535,584,5
48536,583,5
48537,595,5
48538,596,5
48539,587,5
48540,575,5
48541,565,5
48542,593,5
48543,597,5
48544,583,5
48545,590,5
48546,601,5
48547,609,5
48548,580,5
48549,584,5
48550,591,5
48551,570,5
48552,559,5
48553,569,5
48554,582,5
48555,576,5
48556,575,5
48557,586,5
48558,585,5
48559,416,5
48560,406,5
48561,430,5
48562,438,5
48563,418,5
48564,420,5
48565,435,5
48566,438,5
48567,420,5
48568,424,5
48569,443,5
48570,436,5
48571,411,5
48572,404,5
48573,422,5
48574,413,5
48575,431,5
48576,434,5
48577,428,5
48578,415,5
48579,410,5
48580,433,5
48581,435,5
48582,438,5
48583,422,5
48584,424,5
48585,435,5
48586,425,5
48587,418,5
48588,415,5
48589,434,5
48590,421,5
48591,418,5
48592,430,5
48593,416,5
48594,418,5
48595,425,5
48596,419,5
48597,442,5
48598,431,5
48599,427,5
48600,438,5
48601,413,5
48602,417,5
48603,414,5
48604,431,5
48605,406,5
48606,429,5
48607,419,5
48608,427,5
48609,425,5
48610,432,5
48611,452,5
48612,449,5
48613,435,5
48614,421,5
48615,427,5
48616,420,5
48617,416,5
48618,402,5
48619,422,5
48620,428,5
48621,432,5
48622,426,5
48623,417,5
48624,419,5
48625,436,5
48626,404,5
48627,419,5
48628,425,5
48629,420,5
48630,407,5
48631,436,5
48632,439,5
48633,413,5
48634,387,5
48635,449,5
48636,420,5
48637,413,5
48638,424,5
48639,429,5
48640,417,5
48641,427,5
48642,424,5
48643,417,5
48644,405,5
48645,441,5
48646,432,5
48647,416,5
48648,430,5
48649,415,5
48650,425,5
48651,432,5
48652,431,5
48653,420,5
48654,435,5
48655,425,5
48656,419,5
48657,445,5
48658,412,5
48659,430,5
48660,442,5
48661,405,5
48662,445,5
48663,445,5
48664,419,5
48665,428,5
48666,416,5
48667,646,5
48668,642,5
48669,676,5
48670,653,5
48671,639,5
48672,668,5
48673,664,5
48674,660,5
48675,648,5
48676,651,5
48677,680,5
48678,660,5
48679,649,5
48680,664,5
48681,666,5
48682,677,5
48683,656,5
48684,664,5
48685,662,5
48686,647,5
48687,639,5
48688,663,5
48689,664,5
48690,626,5
48691,662,5
48692,654,5
48693,661,5
48694,650,5
48695,442,5
48696,437,5
48697,408,5
48698,413,5
48699,426,5
48700,413,5
48701,438,5
48702,396,5
48703,420,5
48704,442,5
48705,424,5
48706,425,5
48707,434,5
48708,431,5
48709,424,5
48710,441,5
48711,427,5
48712,432,5
48713,436,5
48714,396,5
48715,416,5
48716,418,5
48717,433,5
48718,446,5
48719,403,5
48720,420,5
48721,438,5
48722,404,5
48723,430,5
48724,430,5
48725,431,5
48726,412,5
48727,425,5
48728,411,5
48729,438,5
48730,412,5
48731,425,5
48732,450,5
48733,439,5
48734,404,5
48735,421,5
48736,426,5
48737,423,5
48738,430,5
48739,432,5
48740,447,5
48741,419,5
48742,434,5
48743,423,5
48744,444,5
48745,430,5
48746,425,5
48747,422,5
48748,415,5
48749,435,5
48750,415,5
48751,403,5
48752,413,5
48753,427,5
48754,410,5
48755,415,5
48756,402,5
48757,415,5
48758,446,5
48759,417,5
48760,424,5
48761,452,5
48762,429,5
48763,429,5
48764,414,5
48765,428,5
48766,446,5
48767,594,5
48768,606,5
48769,594,5
48770,628,5
48771,594,5
48772,600,5
48773,594,5
48774,592,5
48775,609,5
48776,604,5
48777,612,5
48778,616,5
48779,588,5
48780,612,5
48781,597,5
48782,610,5
48783,612,5
48784,605,5
48785,624,5
48786,591,5
48787,595,5
48788,611,5
48789,633,5
48790,597,5
48791,607,5
48792,622,5
48793,619,5
48794,616,5
48795,416,5
48796,425,5
48797,425,5
48798,438,5
48799,423,5
48800,427,5
48801,423,5
48802,423,5
48803,424,5
48804,425,5
48805,406,5
48806,422,5
48807,445,5
48808,403,5
48809,422,5
48810,418,5
48811,429,5
48812,431,5
48813,427,5
48814,401,5
48815,401,5
48816,393,5
48817,423,5
48818,405,5
48819,397,5
48820,414,5
48821,417,5
48822,424,5
48823,425,5
48824,426,5
48825,435,5
48826,421,5
48827,434,5
48828,421,5
48829,420,5
48830,418,5
48831,425,5
48832,433,5
48833,433,5
48834,432,5
48835,429,5
48836,411,5
48837,458,5
48838,409,5
48839,426,5
48840,461,5
48841,436,5
48842,417,5
48843,440,5
48844,427,5
48845,415,5
48846,428,5
48847,421,5
48848,422,5
48849,426,5
48850,433,5
48851,436,5
48852,416,5
48853,429,5
48854,422,5
48855,434,5
48856,413,5
48857,425,5
48858,635,5
48859,665,5
48860,678,5
48861,675,5
48862,667,5
48863,663,5
48864,681,5
48865,650,5
48866,653,5
48867,673,5
48868,655,5
48869,645,5
48870,638,5
48871,646,5
48872,678,5
48873,655,5
48874,647,5
48875,655,5
48876,660,5
48877,634,5
48878,646,5
48879,407,5
48880,443,5
48881,424,5
48882,423,5
48883,423,5
48884,412,5
48885,431,5
48886,447,5
48887,418,5
48888,436,5
48889,424,5
48890,416,5
48891,436,5
48892,406,5
48893,408,5
48894,446,5
48895,420,5
48896,439,5
48897,424,5
48898,395,5
48899,433,5
48900,438,5
48901,436,5
48902,416,5
48903,438,5
48904,428,5
48905,426,5
48906,416,5
48907,414,5
48908,442,5
48909,430,5
48910,436,5
48911,419,5
48912,431,5
48913,421,5
48914,433,5
48915,408,5
48916,408,5
48917,412,5
48918,425,5
48919,398,5
48920,431,5
48921,432,5
48922,404,5
48923,420,5
48924,447,5
48925,420,5
48926,413,5
48927,420,5
48928,439,5
48929,411,5
48930,432,5
48931,430,5
48932,425,5
48933,420,5
48934,436,5
48935,411,5
48936,430,5
48937,406,5
48938,437,5
48939,434,5
48940,420,5
48941,422,5
48942,431,5
48943,409,5
48944,640,5
48945,644,5
48946,623,5
48947,654,5
48948,669,5
48949,672,5
48950,620,5
48951,657,5
48952,636,5
48953,642,5
48954,632,5
48955,651,5
48956,614,5
48957,629,5
48958,616,5
48959,637,5
48960,640,5
48961,625,5
48962,650,5
48963,649,5
48964,435,5
48965,442,5
48966,422,5
48967,428,5
48968,413,5
48969,426,5
48970,426,5
48971,443,5
48972,431,5
48973,432,5
48974,421,5
48975,386,5
48976,425,5
48977,419,5
48978,412,5
48979,434,5
48980,437,5
48981,413,5
48982,425,5
48983,424,5
48984,439,5
48985,430,5
48986,434,5
48987,421,5
48988,430,5
48989,435,5
48990,453,5
48991,419,5
48992,421,5
48993,416,5
48994,420,5
48995,442,5
48996,415,5
48997,430,5
48998,437,5
48999,439,5
49000,429,5
49001,418,5
49002,401,5
49003,418,5
49004,427,5
49005,437,5
49006,443,5
49007,425,5
49008,438,5
49009,427,5
49010,427,5
49011,421,5
49012,419,5
49013,418,5
49014,418,5
49015,417,5
49016,435,5
49017,440,5
49018,416,5
49019,414,5
49020,423,5
49021,415,5
49022,413,5
49023,421,5
49024,428,5
49025,428,5
49026,421,5
49027,419,5
49028,432,5
49029,430,5
49030,427,5
49031,418,5
49032,441,5
49033,409,5
49034,418,5
49035,413,5
49036,425,5
49037,417,5
49038,426,5
49039,431,5
49040,440,5
49041,428,5
49042,427,5
49043,430,5
49044,398,5
49045,426,5
49046,412,5
49047,644,5
49048,650,5
49049,663,5
49050,630,5
49051,654,5
49052,653,5
49053,657,5
49054,678,5
49055,670,5
49056,655,5
49057,658,5
49058,651,5
49059,661,5
49060,652,5
49061,657,5
49062,644,5
49063,654,5
49064,668,5
49065,658,5
49066,653,5
49067,617,5
49068,656,5
49069,650,5
49070,639,5
49071,651,5
49072,651,5
49073,652,5
49074,434,5
49075,422,5
49076,422,5
49077,421,5
49078,428,5
49079,432,5
49080,440,5
49081,431,5
49082,438,5
49083,435,5
49084,427,5
49085,416,5
49086,430,5
49087,444,5
49088,438,5
49089,440,5
49090,403,5
49091,401,5
49092,419,5
49093,431,5
49094,421,5
49095,423,5
49096,407,5
49097,418,5
49098,414,5
49099,415,5
49100,396,5
49101,442,5
49102,424,5
49103,417,5
49104,423,5
49105,429,5
49106,426,5
49107,416,5
49108,437,5
49109,418,5
49110,422,5
49111,446,5
49112,450,5
49113,439,5
49114,417,5
49115,420,5
49116,416,5
49117,422,5
49118,431,5
49119,402,5
49120,413,5
49121,426,5
49122,424,5
49123,420,5
49124,408,5
49125,418,5
49126,419,5
49127,409,5
49128,415,5
49129,423,5
49130,431,5
49131,436,5
49132,412,5
49133,421,5
49134,422,5
49135,423,5
49136,422,5
49137,411,5
49138,431,5
49139,421,5
49140,425,5
49141,426,5
49142,418,5
49143,434,5
49144,420,5
49145,427,5
49146,426,5
49147,428,5
49148,438,5
49149,598,5
49150,607,5
49151,606,5
49152,603,5
49153,613,5
49154,593,5
49155,624,5
49156,624,5
49157,599,5
49158,606,5
49159,585,5
49160,599,5
49161,635,5
49162,614,5
49163,615,5
49164,601,5
49165,606,5
49166,606,5
49167,590,5
49168,608,5
49169,616,5
49170,628,5
49171,610,5
49172,605,5
49173,605,5
49174,611,5
49175,616,5
49176,438,5
49177,400,5
49178,438,5
49179,411,5
49180,413,5
49181,422,5
49182,431,5
49183,409,5
49184,418,5
49185,428,5
49186,431,5
49187,431,5
49188,436,5
49189,439,5
49190,426,5
49191,424,5
49192,415,5
49193,418,5
49194,409,5
49195,442,5
49196,424,5
49197,434,5
49198,457,5
49199,452,5
49200,435,5
49201,425,5
49202,414,5
49203,414,5
49204,435,5
49205,434,5
49206,440,5
49207,422,5
49208,420,5
49209,412,5
49210,405,5
49211,415,5
49212,417,5
49213,411,5
49214,419,5
49215,448,5
49216,417,5
49217,403,5
49218,427,5
49219,433,5
49220,414,5
49221,434,5
49222,447,5
49223,422,5
49224,434,5
49225,436,5
49226,430,5
49227,436,5
49228,431,5
49229,414,5
49230,398,5
49231,427,5
49232,422,5
49233,405,5
49234,422,5
49235,423,5
49236,429,5
49237,438,5
49238,415,5
49239,400,5
49240,420,5
49241,435,5
49242,441,5
49243,418,5
49244,432,5
49245,412,5
49246,425,5
49247,391,5
49248,421,5
49249,429,5
49250,419,5
49251,408,5
49252,660,5
49253,680,5
49254,649,5
49255,650,5
49256,656,5
49257,679,5
49258,643,5
49259,649,5
49260,667,5
49261,644,5
49262,648,5
49263,680,5
49264,680,5
49265,666,5
49266,663,5
49267,652,5
49268,659,5
49269,649,5
49270,677,5
49271,660,5
49272,657,5
49273,659,5
49274,651,5
49275,431,5
49276,422,5
49277,460,5
49278,420,5
49279,435,5
49280,447,5
49281,392,5
49282,420,5
49283,443,5
49284,398,5
49285,439,5
49286,429,5
49287,443,5
49288,421,5
49289,428,5
49290,411,5
49291,422,5
49292,416,5
49293,418,5
49294,427,5
49295,416,5
49296,398,5
49297,428,5
49298,428,5
49299,434,5
49300,443,5
49301,421,5
49302,413,5
49303,442,5
49304,445,5
49305,392,5
49306,414,5
49307,423,5
49308,428,5
49309,433,5
49310,455,5
49311,412,5
49312,427,5
49313,407,5
49314,428,5
49315,445,5
49316,391,5
49317,408,5
49318,434,5
49319,435,5
49320,415,5
49321,435,5
49322,441,5
49323,432,5
49324,443,5
49325,429,5
49326,422,5
49327,428,5
49328,435,5
49329,406,5
49330,428,5
49331,423,5
49332,419,5
49333,411,5
49334,402,5
49335,419,5
49336,418,5
49337,436,5
49338,439,5
49339,415,5
49340,415,5
49341,418,5
49342,438,5
49343,417,5
49344,449,5
49345,427,5
49346,630,5
49347,619,5
49348,644,5
49349,630,5
49350,619,5
49351,609,5
49352,633,5
49353,617,5
49354,623,5
49355,614,5
49356,614,5
49357,617,5
49358,624,5
49359,611,5
49360,622,5
49361,616,5
49362,623,5
49363,636,5
49364,627,5
49365,617,5
49366,624,5
49367,632,5
49368,633,5
49369,627,5
49370,447,5
49371,414,5
49372,431,5
49373,424,5
49374,437,5
49375,425,5
49376,450,5
49377,426,5
49378,434,5
49379,423,5
49380,429,5
49381,418,5
49382,430,5
49383,401,5
49384,419,5
49385,417,5
49386,448,5
49387,416,5
49388,419,5
49389,416,5
49390,430,5
49391,421,5
49392,420,5
49393,451,5
49394,427,5
49395,433,5
49396,430,5
49397,415,5
49398,418,5
49399,412,5
49400,437,5
49401,419,5
49402,418,5
49403,436,5
49404,423,5
49405,432,5
49406,417,5
49407,435,5
49408,427,5
49409,430,5
49410,423,5
49411,445,5
49412,447,5
49413,399,5
49414,436,5
49415,412,5
49416,431,5
49417,404,5
49418,430,5
49419,415,5
49420,419,5
49421,420,5
49422,416,5
49423,417,5
49424,420,5
49425,423,5
49426,429,5
49427,447,5
49428,414,5
49429,427,5
49430,434,5
49431,416,5
49432,398,5
49433,554,5
49434,550,5
49435,596,5
49436,584,5
49437,586,5
49438,589,5
49439,570,5
49440,605,5
49441,581,5
49442,576,5
49443,590,5
49444,585,5
49445,593,5
49446,594,5
49447,573,5
49448,579,5
49449,414,5
49450,405,5
49451,435,5
49452,436,5
49453,401,5
49454,416,5
49455,426,5
49456,427,5
49457,450,5
49458,417,5
49459,423,5
49460,433,5
49461,421,5
49462,419,5
49463,418,5
49464,428,5
49465,423,5
49466,433,5
49467,429,5
49468,390,5
49469,404,5
49470,419,5
49471,437,5
49472,417,5
49473,429,5
49474,432,5
49475,431,5
49476,418,5
49477,411,5
49478,409,5
49479,461,5
49480,430,5
49481,447,5
49482,415,5
49483,440,5
49484,419,5
49485,425,5
49486,422,5
49487,414,5
49488,415,5
49489,425,5
49490,418,5
49491,427,5
49492,415,5
49493,433,5
49494,419,5
49495,445,5
49496,424,5
49497,424,5
49498,444,5
49499,419,5
49500,427,5
49501,416,5
49502,434,5
49503,424,5
49504,435,5
49505,434,5
49506,419,5
49507,416,5
49508,421,5
49509,425,5
49510,429,5
49511,430,5
49512,425,5
49513,417,5
49514,418,5
49515,431,5
49516,417,5
49517,432,5
49518,432,5
49519,443,5
49520,419,5
49521,421,5
49522,397,5
49523,414,5
49524,414,5
49525,431,5
49526,447,5
49527,432,5
49528,437,5
49529,416,5
49530,411,5
49531,422,5
49532,418,5
49533,415,5
49534,428,5
49535,411,5
49536,435,5
49537,420,5
49538,424,5
49539,426,5
49540,419,5
49541,440,5
49542,406,5
49543,440,5
49544,421,5
49545,436,5
49546,427,5
49547,435,5
49548,424,5
49549,428,5
49550,617,5
49551,605,5
49552,620,5
49553,608,5
49554,595,5
49555,599,5
49556,614,5
49557,589,5
49558,613,5
49559,599,5
49560,588,5
49561,606,5
49562,595,5
49563,597,5
49564,596,5
49565,605,5
49566,599,5
49567,608,5
49568,616,5
49569,610,5
49570,625,5
49571,628,5
49572,600,5
49573,590,5
49574,600,5
49575,605,5
49576,630,5
49577,599,5
49578,607,5
49579,417,5
49580,421,5
49581,410,5
49582,407,5
49583,441,5
49584,438,5
49585,421,5
49586,438,5
49587,409,5
49588,423,5
49589,427,5
49590,440,5
49591,427,5
49592,432,5
49593,419,5
49594,428,5
49595,440,5
49596,406,5
49597,439,5
49598,422,5
49599,408,5
49600,444,5
49601,420,5
49602,423,5
49603,414,5
49604,416,5
49605,423,5
49606,427,5
49607,420,5
49608,433,5
49609,420,5
49610,400,5
49611,423,5
49612,419,5
49613,443,5
49614,436,5
49615,437,5
49616,433,5
49617,430,5
49618,430,5
49619,436,5
49620,432,5
49621,419,5
49622,408,5
49623,402,5
49624,415,5
49625,416,5
49626,424,5
49627,424,5
49628,446,5
49629,432,5
49630,416,5
49631,441,5
49632,422,5
49633,432,5
49634,431,5
49635,425,5
49636,442,5
49637,418,5
49638,427,5
49639,646,5
49640,661,5
49641,662,5
49642,658,5
49643,658,5
49644,655,5
49645,661,5
49646,664,5
49647,642,5
49648,653,5
49649,652,5
49650,665,5
49651,671,5
49652,662,5
49653,658,5
49654,648,5
49655,679,5
49656,646,5
49657,410,5
49658,434,5
49659,419,5
49660,434,5
49661,442,5
49662,422,5
49663,430,5
49664,420,5
49665,426,5
49666,423,5
49667,437,5
49668,418,5
49669,417,5
49670,423,5
49671,433,5
49672,415,5
49673,411,5
49674,439,5
49675,398,5
49676,409,5
49677,451,5
49678,404,5
49679,420,5
49680,417,5
49681,397,5
49682,413,5
49683,428,5
49684,434,5
49685,438,5
49686,421,5
49687,403,5
49688,426,5
49689,441,5
49690,443,5
49691,437,5
49692,409,5
49693,423,5
49694,428,5
49695,430,5
49696,404,5
49697,450,5
49698,441,5
49699,425,5
49700,427,5
49701,419,5
49702,440,5
49703,411,5
49704,426,5
49705,415,5
49706,425,5
49707,439,5
49708,417,5
49709,427,5
49710,423,5
49711,416,5
49712,418,5
49713,418,5
49714,403,5
49715,423,5
49716,426,5
49717,407,5
49718,420,5
49719,422,5
49720,435,5
49721,446,5
49722,430,5
49723,408,5
49724,414,5
49725,426,5
49726,420,5
49727,425,5
49728,435,5
49729,423,5
49730,454,5
49731,406,5
49732,431,5
49733,405,5
49734,415,5
49735,435,5
49736,400,5
49737,429,5
49738,647,5
49739,661,5
49740,654,5
49741,662,5
49742,666,5
49743,674,5
49744,663,5
49745,669,5
49746,661,5
49747,645,5
49748,648,5
49749,679,5
49750,647,5
49751,664,5
49752,664,5
49753,663,5
49754,674,5
49755,654,5
49756,659,5
49757,657,5
49758,398,5
49759,416,5
49760,438,5
49761,449,5
49762,436,5
49763,430,5
49764,408,5
49765,427,5
49766,426,5
49767,453,5
49768,404,5
49769,410,5
49770,440,5
49771,444,5
49772,429,5
49773,421,5
49774,432,5
49775,451,5
49776,417,5
49777,431,5
49778,423,5
49779,429,5
49780,434,5
49781,418,5
49782,437,5
49783,419,5
49784,432,5
49785,402,5
49786,434,5
49787,414,5
49788,419,5
49789,398,5
49790,422,5
49791,441,5
49792,406,5
49793,427,5
49794,401,5
49795,423,5
49796,435,5
49797,424,5
49798,434,5
49799,419,5
49800,456,5
49801,438,5
49802,428,5
49803,446,5
49804,442,5
49805,419,5
49806,431,5
49807,421,5
49808,436,5
49809,444,5
49810,407,5
49811,426,5
49812,443,5
49813,434,5
49814,430,5
49815,438,5
49816,409,5
49817,432,5
49818,440,5
49819,432,5
49820,410,5
49821,420,5
49822,425,5
49823,415,5
49824,414,5
49825,431,5
49826,445,5
49827,402,5
49828,419,5
49829,416,5
49830,443,5
49831,434,5
49832,442,5
49833,436,5
49834,439,5
49835,428,5
49836,431,5
49837,431,5
49838,425,5
49839,425,5
49840,431,5
49841,430,5
49842,428,5
49843,427,5
49844,434,5
49845,423,5
49846,410,5
49847,427,5
49848,645,5
49849,668,5
49850,648,5
49851,650,5
49852,660,5
49853,655,5
49854,670,5
49855,653,5
49856,652,5
49857,646,5
49858,641,5
49859,649,5
49860,660,5
49861,671,5
49862,666,5
49863,649,5
49864,657,5
49865,656,5
49866,669,5
49867,671,5
49868,632,5
49869,672,5
49870,637,5
49871,659,5
49872,400,5
49873,437,5
49874,421,5
49875,433,5
49876,422,5
49877,437,5
49878,405,5
49879,432,5
49880,430,5
49881,429,5
49882,431,5
49883,439,5
49884,437,5
49885,408,5
49886,426,5
49887,429,5
49888,424,5
49889,427,5
49890,431,5
49891,434,5
49892,432,5
49893,435,5
49894,449,5
49895,423,5
49896,423,5
49897,433,5
49898,425,5
49899,421,5
49900,430,5
49901,447,5
49902,413,5
49903,413,5
49904,426,5
49905,416,5
49906,404,5
49907,420,5
49908,451,5
49909,455,5
49910,432,5
49911,412,5
49912,416,5
49913,426,5
49914,419,5
49915,427,5
49916,426,5
49917,410,5
49918,424,5
49919,431,5
49920,421,5
49921,436,5
49922,426,5
49923,423,5
49924,426,5
49925,419,5
49926,430,5
49927,415,5
49928,454,5
49929,449,5
49930,424,5
49931,432,5
49932,432,5
49933,432,5
49934,433,5
49935,434,5
49936,433,5
49937,416,5
49938,430,5
49939,416,5
49940,431,5
49941,436,5
49942,430,5
49943,434,5
49944,428,5
49945,447,5
49946,430,5
49947,414,5
49948,419,5
49949,430,5
49950,441,5
49951,430,5
49952,428,5
49953,412,5
49954,448,5
49955,409,5
49956,581,5
49957,594,5
49958,607,5
49959,595,5
49960,592,5
49961,590,5
49962,621,5
49963,604,5
49964,611,5
49965,624,5
49966,624,5
49967,589,5
49968,603,5
49969,609,5
49970,601,5
49971,592,5
49972,568,5
49973,441,5
49974,447,5
49975,434,5
49976,425,5
49977,418,5
49978,427,5
49979,441,5
49980,432,5
49981,399,5
49982,444,5
49983,433,5
49984,412,5
49985,432,5
49986,427,5
49987,427,5
49988,413,5
49989,422,5
49990,406,5
49991,440,5
49992,415,5
49993,438,5
49994,432,5
49995,420,5
49996,416,5
49997,428,5
49998,438,5
49999,435,5
50000,425,6
50001,398,6
50002,451,6
50003,409,6
50004,425,6
50005,414,6
50006,437,6
50007,427,6
50008,443,6
50009,452,6
50010,438,6
50011,431,6
50012,418,6
50013,420,6
50014,435,6
50015,425,6
50016,444,6
50017,444,6
50018,429,6
50019,415,6
50020,423,6
50021,436,6
50022,411,6
50023,437,6
50024,415,6
50025,418,6
50026,416,6
50027,410,6
50028,442,6
50029,429,6
50030,415,6
50031,419,6
50032,599,6
50033,579,6
50034,591,6
50035,580,6
50036,592,6
50037,573,6
50038,570,6
50039,581,6
50040,591,6
50041,577,6
50042,580,6
50043,584,6
50044,418,6
50045,417,6
50046,427,6
50047,441,6
50048,416,6
50049,422,6
50050,430,6
50051,428,6
50052,442,6
50053,425,6
50054,409,6
50055,411,6
50056,440,6
50057,410,6
50058,423,6
50059,412,6
50060,425,6
50061,428,6
50062,429,6
50063,424,6
50064,275,6
50065,285,6
50066,284,6
50067,303,6
50068,284,6
50069,269,6
50070,302,6
50071,297,6
50072,284,6
50073,276,6
50074,286,6
50075,291,6
50076,298,6
50077,313,6
50078,295,6
50079,299,6
50080,272,6
50081,278,6
50082,438,6
50083,409,6
50084,416,6
50085,430,6
50086,430,6
50087,414,6
50088,444,6
50089,411,6
50090,429,6
50091,446,6
50092,429,6
50093,405,6
50094,436,6
50095,423,6
50096,433,6
50097,442,6
50098,406,6
50099,430,6
50100,435,6
50101,433,6
50102,437,6
50103,424,6
50104,413,6
50105,428,6
50106,418,6
50107,433,6
50108,428,6
50109,426,6
50110,420,6
50111,437,6
50112,436,6
50113,418,6
50114,410,6
50115,427,6
50116,439,6
50117,564,6
50118,585,6
50119,569,6
50120,567,6
50121,590,6
50122,587,6
50123,577,6
50124,589,6
50125,587,6
50126,561,6
50127,580,6
50128,596,6
50129,585,6
50130,548,6
50131,566,6
50132,591,6
50133,572,6
50134,593,6
50135,604,6
50136,422,6
50137,418,6
50138,413,6
50139,434,6
50140,418,6
50141,420,6
50142,412,6
50143,420,6
50144,417,6
50145,401,6
50146,415,6
50147,434,6
50148,441,6
50149,424,6
50150,425,6
50151,428,6
50152,449,6
50153,413,6
50154,410,6
50155,424,6
50156,430,6
50157,425,6
50158,409,6
50159,436,6
50160,423,6
50161,432,6
50162,316,6
50163,280,6
50164,277,6
50165,304,6
50166,273,6
50167,292,6
50168,290,6
50169,301,6
50170,289,6
50171,303,6
50172,284,6
50173,282,6
50174,297,6
50175,298,6
50176,301,6
50177,443,6
50178,440,6
50179,430,6
50180,435,6
50181,428,6
50182,439,6
50183,429,6
50184,418,6
50185,416,6
50186,439,6
50187,423,6
50188,448,6
50189,412,6
50190,440,6
50191,420,6
50192,430,6
50193,409,6
50194,403,6
50195,443,6
50196,420,6
50197,437,6
50198,417,6
50199,437,6
50200,417,6
50201,440,6
50202,423,6
50203,429,6
50204,411,6
50205,422,6
50206,413,6
50207,445,6
50208,422,6
50209,424,6
50210,412,6
50211,407,6
50212,415,6
50213,415,6
50214,414,6
50215,414,6
50216,434,6
50217,419,6
50218,432,6
50219,419,6
50220,428,6
50221,433,6
50222,416,6
50223,440,6
50224,426,6
50225,411,6
50226,417,6
50227,421,6
50228,419,6
50229,396,6
50230,279,6
50231,300,6
50232,290,6
50233,296,6
50234,295,6
50235,290,6
50236,283,6
50237,285,6
50238,294,6
50239,279,6
50240,297,6
50241,309,6
50242,398,6
50243,431,6
50244,423,6
50245,431,6
50246,418,6
50247,442,6
50248,423,6
50249,427,6
50250,430,6
50251,427,6
50252,427,6
50253,428,6
50254,419,6
50255,422,6
50256,437,6
50257,406,6
50258,415,6
50259,404,6
50260,405,6
50261,413,6
50262,422,6
50263,431,6
50264,430,6
50265,432,6
50266,417,6
50267,448,6
50268,547,6
50269,563,6
50270,542,6
50271,539,6
50272,551,6
50273,532,6
50274,532,6
50275,562,6
50276,548,6
50277,543,6
50278,563,6
50279,538,6
50280,457,6
50281,423,6
50282,416,6
50283,437,6
50284,416,6
50285,426,6
50286,449,6
50287,421,6
50288,425,6
50289,427,6
50290,440,6
50291,422,6
50292,444,6
50293,422,6
50294,435,6
50295,418,6
50296,427,6
50297,432,6
50298,425,6
50299,414,6
50300,416,6
50301,425,6
50302,429,6
50303,431,6
50304,436,6
50305,405,6
50306,437,6
50307,435,6
50308,435,6
50309,422,6
50310,428,6
50311,431,6
50312,423,6
50313,436,6
50314,411,6
50315,434,6
50316,431,6
50317,443,6
50318,626,6
50319,600,6
50320,621,6
50321,606,6
50322,606,6
50323,607,6
50324,586,6
50325,616,6
50326,586,6
50327,608,6
50328,572,6
50329,600,6
50330,602,6
50331,610,6
50332,620,6
50333,602,6
50334,587,6
50335,420,6
50336,428,6
50337,427,6
50338,404,6
50339,419,6
50340,419,6
50341,423,6
50342,432,6
50343,416,6
50344,438,6
50345,434,6
50346,400,6
50347,420,6
50348,428,6
50349,443,6
50350,411,6
50351,404,6
50352,428,6
50353,413,6
50354,424,6
50355,416,6
50356,436,6
50357,434,6
50358,418,6
50359,443,6
50360,426,6
50361,429,6
50362,267,6
50363,266,6
50364,294,6
50365,277,6
50366,278,6
50367,269,6
50368,278,6
50369,275,6
50370,275,6
50371,295,6
50372,277,6
50373,262,6
50374,431,6
50375,421,6
50376,413,6
50377,416,6
50378,438,6
50379,413,6
50380,413,6
50381,426,6
50382,421,6
50383,413,6
50384,436,6
50385,420,6
50386,409,6
50387,429,6
50388,435,6
50389,431,6
50390,433,6
50391,433,6
50392,422,6
50393,419,6
50394,417,6
50395,425,6
50396,405,6
50397,411,6
50398,441,6
50399,436,6
50400,424,6
50401,429,6
50402,432,6
50403,413,6
50404,425,6
50405,441,6
50406,427,6
50407,448,6
50408,420,6
50409,424,6
50410,424,6
50411,409,6
50412,438,6
50413,421,6
50414,428,6
50415,418,6
50416,446,6
50417,440,6
50418,426,6
50419,410,6
50420,434,6
50421,438,6
50422,414,6
50423,423,6
50424,426,6
50425,438,6
50426,423,6
50427,437,6
50428,416,6
50429,412,6
50430,447,6
50431,409,6
50432,416,6
50433,255,6
50434,240,6
50435,239,6
50436,244,6
50437,220,6
50438,259,6
50439,248,6
50440,236,6
50441,225,6
50442,230,6
50443,227,6
50444,249,6
50445,249,6
50446,432,6
50447,434,6
50448,433,6
50449,443,6
50450,439,6
50451,437,6
50452,428,6
50453,434,6
50454,420,6
50455,422,6
50456,446,6
50457,418,6
50458,417,6
50459,421,6
50460,418,6
50461,419,6
50462,428,6
50463,428,6
50464,617,6
50465,633,6
50466,602,6
50467,606,6
50468,584,6
50469,591,6
50470,605,6
50471,612,6
50472,612,6
50473,614,6
50474,622,6
50475,627,6
50476,422,6
50477,415,6
50478,433,6
50479,436,6
50480,427,6
50481,423,6
50482,419,6
50483,424,6
50484,433,6
50485,417,6
50486,415,6
50487,432,6
50488,415,6
50489,427,6
50490,426,6
50491,425,6
50492,417,6
50493,446,6
50494,430,6
50495,419,6
50496,429,6
50497,447,6
50498,426,6
50499,443,6
50500,434,6
50501,416,6
50502,418,6
50503,442,6
50504,413,6
50505,403,6
50506,435,6
50507,406,6
50508,422,6
50509,429,6
50510,435,6
50511,432,6
50512,413,6
50513,443,6
50514,421,6
50515,415,6
50516,436,6
50517,414,6
50518,429,6
50519,420,6
50520,421,6
50521,308,6
50522,281,6
50523,253,6
50524,261,6
50525,282,6
50526,262,6
50527,272,6
50528,289,6
50529,277,6
50530,288,6
50531,294,6
50532,288,6
50533,268,6
50534,289,6
50535,434,6
50536,424,6
50537,414,6
50538,425,6
50539,427,6
50540,411,6
50541,435,6
50542,420,6
50543,425,6
50544,429,6
50545,427,6
50546,424,6
50547,413,6
50548,443,6
50549,442,6
50550,438,6
50551,425,6
50552,432,6
50553,412,6
50554,425,6
50555,404,6
50556,418,6
50557,432,6
50558,437,6
50559,414,6
50560,415,6
50561,430,6
50562,403,6
50563,442,6
50564,414,6
50565,423,6
50566,433,6
50567,422,6
50568,420,6
50569,430,6
50570,419,6
50571,428,6
50572,424,6
50573,410,6
50574,440,6
50575,420,6
50576,430,6
50577,539,6
50578,526,6
50579,562,6
50580,549,6
50581,551,6
50582,550,6
50583,574,6
50584,558,6
50585,557,6
50586,542,6
50587,547,6
50588,549,6
50589,556,6
50590,546,6
50591,545,6
50592,559,6
50593,444,6
50594,399,6
50595,435,6
50596,422,6
50597,432,6
50598,423,6
50599,420,6
50600,413,6
50601,425,6
50602,423,6
50603,417,6
50604,425,6
50605,436,6
50606,420,6
50607,418,6
50608,420,6
50609,420,6
50610,430,6
50611,430,6
50612,430,6
50613,424,6
50614,427,6
50615,405,6
50616,413,6
50617,425,6
50618,426,6
50619,436,6
50620,419,6
50621,403,6
50622,431,6
50623,403,6
50624,420,6
50625,405,6
50626,448,6
50627,410,6
50628,425,6
50629,423,6
50630,405,6
50631,443,6
50632,433,6
50633,419,6
50634,409,6
50635,412,6
50636,404,6
50637,589,6
50638,596,6
50639,608,6
50640,603,6
50641,603,6
50642,598,6
50643,597,6
50644,590,6
50645,601,6
50646,585,6
50647,592,6
50648,595,6
50649,434,6
50650,419,6
50651,446,6
50652,456,6
50653,406,6
50654,431,6
50655,440,6
50656,418,6
50657,432,6
50658,418,6
50659,418,6
50660,424,6
50661,413,6
50662,422,6
50663,413,6
50664,425,6
50665,426,6
50666,428,6
50667,430,6
50668,428,6
50669,435,6
50670,418,6
50671,436,6
50672,430,6
50673,424,6
50674,419,6
50675,406,6
50676,220,6
50677,254,6
50678,220,6
50679,226,6
50680,231,6
50681,234,6
50682,229,6
50683,242,6
50684,237,6
50685,241,6
50686,251,6
50687,237,6
50688,231,6
50689,208,6
50690,262,6
50691,445,6
50692,440,6
50693,427,6
50694,424,6
50695,425,6
50696,429,6
50697,435,6
50698,416,6
50699,421,6
50700,446,6
50701,428,6
50702,397,6
50703,428,6
50704,423,6
50705,439,6
50706,410,6
50707,454,6
50708,428,6
50709,443,6
50710,405,6
50711,423,6
50712,448,6
50713,415,6
50714,409,6
50715,425,6
50716,437,6
50717,421,6
50718,423,6
50719,426,6
50720,421,6
50721,432,6
50722,409,6
50723,410,6
50724,429,6
50725,418,6
50726,438,6
50727,420,6
50728,431,6
50729,432,6
50730,420,6
50731,592,6
50732,593,6
50733,580,6
50734,605,6
50735,587,6
50736,581,6
50737,594,6
50738,608,6
50739,591,6
50740,590,6
50741,594,6
50742,589,6
50743,582,6
50744,594,6
50745,589,6
50746,576,6
50747,422,6
50748,421,6
50749,423,6
50750,411,6
50751,432,6
50752,439,6
50753,424,6
50754,421,6
50755,428,6
50756,428,6
50757,417,6
50758,433,6
50759,417,6
50760,411,6
50761,422,6
50762,246,6
50763,241,6
50764,252,6
50765,243,6
50766,259,6
50767,254,6
50768,224,6
50769,238,6
50770,234,6
50771,250,6
50772,252,6
50773,252,6
50774,227,6
50775,240,6
50776,255,6
50777,248,6
50778,214,6
50779,447,6
50780,425,6
50781,430,6
50782,425,6
50783,419,6
50784,404,6
50785,419,6
50786,431,6
50787,423,6
50788,429,6
50789,419,6
50790,422,6
50791,430,6
50792,423,6
50793,420,6
50794,432,6
50795,424,6
50796,415,6
50797,423,6
50798,420,6
50799,414,6
50800,436,6
50801,424,6
50802,422,6
50803,426,6
50804,412,6
50805,419,6
50806,432,6
50807,435,6
50808,414,6
50809,446,6
50810,447,6
50811,414,6
50812,420,6
50813,425,6
50814,440,6
50815,432,6
50816,421,6
50817,410,6
50818,402,6
50819,428,6
50820,447,6
50821,425,6
50822,430,6
50823,428,6
50824,405,6
50825,444,6
50826,416,6
50827,415,6
50828,431,6
50829,416,6
50830,409,6
50831,437,6
50832,427,6
50833,437,6
50834,421,6
50835,420,6
50836,428,6
50837,429,6
50838,417,6
50839,236,6
50840,256,6
50841,249,6
50842,248,6
50843,221,6
50844,248,6
50845,249,6
50846,241,6
50847,252,6
50848,236,6
50849,249,6
50850,226,6
50851,256,6
50852,235,6
50853,430,6
50854,440,6
50855,437,6
50856,430,6
50857,435,6
50858,443,6
50859,426,6
50860,437,6
50861,411,6
50862,416,6
50863,443,6
50864,629,6
50865,625,6
50866,628,6
50867,623,6
50868,630,6
50869,619,6
50870,625,6
50871,633,6
50872,651,6
50873,631,6
50874,611,6
50875,644,6
50876,641,6
50877,622,6
50878,641,6
50879,423,6
50880,442,6
50881,454,6
50882,430,6
50883,434,6
50884,444,6
50885,437,6
50886,430,6
50887,424,6
50888,411,6
50889,422,6
50890,422,6
50891,425,6
50892,403,6
50893,421,6
50894,422,6
50895,408,6
50896,430,6
50897,436,6
50898,425,6
50899,410,6
50900,418,6
50901,431,6
50902,412,6
50903,422,6
50904,416,6
50905,413,6
50906,435,6
50907,426,6
50908,438,6
50909,421,6
50910,437,6
50911,433,6
50912,416,6
50913,437,6
50914,416,6
50915,441,6
50916,443,6
50917,429,6
50918,424,6
50919,413,6
50920,451,6
50921,408,6
50922,409,6
50923,416,6
50924,430,6
50925,396,6
50926,415,6
50927,423,6
50928,446,6
50929,421,6
50930,422,6
50931,440,6
50932,422,6
50933,407,6
50934,430,6
50935,221,6
50936,243,6
50937,254,6
50938,238,6
50939,236,6
50940,255,6
50941,242,6
50942,237,6
50943,245,6
50944,262,6
50945,235,6
50946,242,6
50947,219,6
50948,439,6
50949,415,6
50950,428,6
50951,445,6
50952,427,6
50953,441,6
50954,438,6
50955,430,6
50956,398,6
50957,396,6
50958,440,6
50959,430,6
50960,429,6
50961,419,6
50962,420,6
50963,423,6
50964,420,6
50965,429,6
50966,433,6
50967,414,6
50968,435,6
50969,426,6
50970,424,6
50971,428,6
50972,412,6
50973,417,6
50974,397,6
50975,429,6
50976,425,6
50977,423,6
50978,423,6
50979,430,6
50980,417,6
50981,428,6
50982,438,6
50983,402,6
50984,592,6
50985,585,6
50986,608,6
50987,599,6
50988,603,6
50989,603,6
50990,615,6
50991,599,6
50992,584,6
50993,600,6
50994,590,6
50995,599,6
50996,595,6
50997,584,6
50998,592,6
50999,574,6
51000,407,6
51001,440,6
51002,400,6
51003,436,6
51004,439,6
51005,440,6
51006,432,6
51007,412,6
51008,434,6
51009,412,6
51010,414,6
51011,420,6
51012,421,6
51013,428,6
51014,417,6
51015,429,6
51016,409,6
51017,425,6
51018,422,6
51019,437,6
51020,438,6
51021,423,6
51022,401,6
51023,407,6
51024,438,6
51025,423,6
51026,446,6
51027,436,6
51028,303,6
51029,301,6
51030,286,6
51031,292,6
51032,305,6
51033,296,6
51034,305,6
51035,312,6
51036,298,6
51037,295,6
51038,289,6
51039,310,6
51040,309,6
51041,326,6
51042,302,6
51043,299,6
51044,305,6
51045,422,6
51046,414,6
51047,426,6
51048,430,6
51049,431,6
51050,430,6
51051,438,6
51052,431,6
51053,428,6
51054,410,6
51055,428,6
51056,423,6
51057,412,6
51058,431,6
51059,431,6
51060,430,6
51061,432,6
51062,426,6
51063,422,6
51064,446,6
51065,427,6
51066,394,6
51067,525,6
51068,569,6
51069,532,6
51070,548,6
51071,540,6
51072,551,6
51073,559,6
51074,546,6
51075,544,6
51076,563,6
51077,586,6
51078,561,6
51079,543,6
51080,565,6
51081,575,6
51082,567,6
51083,536,6
51084,561,6
51085,419,6
51086,426,6
51087,421,6
51088,434,6
51089,421,6
51090,442,6
51091,425,6
51092,422,6
51093,432,6
51094,429,6
51095,432,6
51096,423,6
51097,441,6
51098,437,6
51099,425,6
51100,404,6
51101,416,6
51102,424,6
51103,424,6
51104,414,6
51105,426,6
51106,441,6
51107,424,6
51108,419,6
51109,430,6
51110,413,6
51111,438,6
51112,439,6
51113,448,6
51114,431,6
51115,412,6
51116,437,6
51117,406,6
51118,440,6
51119,427,6
51120,419,6
51121,420,6
51122,423,6
51123,439,6
51124,403,6
51125,430,6
51126,435,6
51127,412,6
51128,446,6
51129,440,6
51130,417,6
51131,428,6
51132,278,6
51133,285,6
51134,271,6
51135,290,6
51136,274,6
51137,277,6
51138,295,6
51139,293,6
51140,278,6
51141,272,6
51142,296,6
51143,298,6
51144,302,6
51145,437,6
51146,429,6
51147,423,6
51148,418,6
51149,432,6
51150,414,6
51151,430,6
51152,405,6
51153,432,6
51154,428,6
51155,415,6
51156,424,6
51157,424,6
51158,445,6
51159,422,6
51160,428,6
51161,431,6
51162,422,6
51163,443,6
51164,426,6
51165,398,6
51166,425,6
51167,451,6
51168,419,6
51169,430,6
51170,417,6
51171,423,6
51172,439,6
51173,434,6
51174,429,6
51175,536,6
51176,533,6
51177,538,6
51178,548,6
51179,535,6
51180,538,6
51181,521,6
51182,524,6
51183,551,6
51184,545,6
51185,541,6
51186,548,6
51187,538,6
51188,538,6
51189,530,6
51190,538,6
51191,522,6
51192,524,6
51193,525,6
51194,445,6
51195,425,6
51196,429,6
51197,418,6
51198,423,6
51199,419,6
51200,444,6
51201,401,6
51202,417,6
51203,434,6
51204,444,6
51205,418,6
51206,422,6
51207,431,6
51208,431,6
51209,427,6
51210,434,6
51211,429,6
51212,429,6
51213,444,6
51214,423,6
51215,422,6
51216,421,6
51217,418,6
51218,250,6
51219,244,6
51220,257,6
51221,257,6
51222,254,6
51223,256,6
51224,261,6
51225,239,6
51226,255,6
51227,271,6
51228,245,6
51229,281,6
51230,248,6
51231,254,6
51232,255,6
51233,408,6
51234,415,6
51235,433,6
51236,422,6
51237,415,6
51238,440,6
51239,429,6
51240,423,6
51241,452,6
51242,413,6
51243,413,6
51244,420,6
51245,428,6
51246,430,6
51247,416,6
51248,408,6
51249,432,6
51250,420,6
51251,425,6
51252,426,6
51253,436,6
51254,419,6
51255,444,6
51256,423,6
51257,409,6
51258,413,6
51259,412,6
51260,416,6
51261,428,6
51262,437,6
51263,398,6
51264,626,6
51265,633,6
51266,640,6
51267,621,6
51268,594,6
51269,600,6
51270,626,6
51271,617,6
51272,608,6
51273,598,6
51274,603,6
51275,622,6
51276,621,6
51277,627,6
51278,632,6
51279,414,6
51280,436,6
51281,416,6
51282,424,6
51283,416,6
51284,434,6
51285,418,6
51286,433,6
51287,431,6
51288,439,6
51289,432,6
51290,447,6
51291,417,6
51292,435,6
51293,430,6
51294,416,6
51295,436,6
51296,435,6
51297,417,6
51298,405,6
51299,424,6
51300,429,6
51301,411,6
51302,421,6
51303,421,6
51304,431,6
51305,426,6
51306,438,6
51307,448,6
51308,430,6
51309,400,6
51310,434,6
51311,434,6
51312,435,6
51313,443,6
51314,439,6
51315,430,6
51316,402,6
51317,433,6
51318,436,6
51319,446,6
51320,441,6
51321,441,6
51322,416,6
51323,427,6
51324,402,6
51325,414,6
51326,429,6
51327,223,6
51328,225,6
51329,246,6
51330,195,6
51331,239,6
51332,247,6
51333,232,6
51334,230,6
51335,239,6
51336,231,6
51337,222,6
51338,244,6
51339,210,6
51340,222,6
51341,222,6
51342,226,6
51343,223,6
51344,405,6
51345,436,6
51346,435,6
51347,420,6
51348,433,6
51349,442,6
51350,424,6
51351,435,6
51352,423,6
51353,434,6
51354,451,6
51355,435,6
51356,422,6
51357,426,6
51358,418,6
51359,426,6
51360,418,6
51361,424,6
51362,403,6
51363,420,6
51364,424,6
51365,444,6
51366,436,6
51367,425,6
51368,410,6
51369,424,6
51370,421,6
51371,417,6
51372,434,6
51373,418,6
51374,422,6
51375,408,6
51376,426,6
51377,436,6
51378,418,6
51379,438,6
51380,437,6
51381,605,6
51382,625,6
51383,623,6
51384,617,6
51385,635,6
51386,621,6
51387,623,6
51388,609,6
51389,599,6
51390,601,6
51391,609,6
51392,620,6
51393,423,6
51394,436,6
51395,403,6
51396,414,6
51397,418,6
51398,415,6
51399,433,6
51400,425,6
51401,414,6
51402,438,6
51403,417,6
51404,424,6
51405,438,6
51406,420,6
51407,421,6
51408,429,6
51409,420,6
51410,443,6
51411,414,6
51412,397,6
51413,435,6
51414,421,6
51415,415,6
51416,430,6
51417,430,6
51418,416,6
51419,439,6
51420,281,6
51421,295,6
51422,265,6
51423,273,6
51424,274,6
51425,267,6
51426,276,6
51427,277,6
51428,277,6
51429,267,6
51430,268,6
51431,264,6
51432,262,6
51433,270,6
51434,443,6
51435,449,6
51436,441,6
51437,419,6
51438,430,6
51439,400,6
51440,423,6
51441,420,6
51442,447,6
51443,428,6
51444,426,6
51445,424,6
51446,422,6
51447,431,6
51448,417,6
51449,432,6
51450,442,6
51451,426,6
51452,421,6
51453,424,6
51454,439,6
51455,427,6
51456,418,6
51457,435,6
51458,416,6
51459,422,6
51460,428,6
51461,415,6
51462,404,6
51463,430,6
51464,399,6
51465,414,6
51466,434,6
51467,430,6
51468,423,6
51469,414,6
51470,420,6
51471,432,6
51472,423,6
51473,410,6
51474,414,6
51475,420,6
51476,429,6
51477,426,6
51478,410,6
51479,441,6
51480,416,6
51481,430,6
51482,414,6
51483,583,6
51484,569,6
51485,544,6
51486,555,6
51487,541,6
51488,549,6
51489,559,6
51490,564,6
51491,539,6
51492,545,6
51493,565,6
51494,569,6
51495,416,6
51496,436,6
51497,410,6
51498,421,6
51499,411,6
51500,427,6
51501,413,6
51502,451,6
51503,419,6
51504,423,6
51505,418,6
51506,422,6
51507,416,6
51508,400,6
51509,421,6
51510,447,6
51511,445,6
51512,412,6
51513,406,6
51514,400,6
51515,413,6
51516,418,6
51517,430,6
51518,420,6
51519,436,6
51520,432,6
51521,429,6
51522,424,6
51523,437,6
51524,433,6
51525,407,6
51526,431,6
51527,418,6
51528,436,6
51529,433,6
51530,446,6
51531,570,6
51532,598,6
51533,587,6
51534,620,6
51535,558,6
51536,600,6
51537,601,6
51538,569,6
51539,601,6
51540,570,6
51541,586,6
51542,599,6
51543,583,6
51544,595,6
51545,594,6
51546,601,6
51547,582,6
51548,436,6
51549,390,6
51550,443,6
51551,422,6
51552,423,6
51553,429,6
51554,427,6
51555,425,6
51556,440,6
51557,407,6
51558,414,6
51559,430,6
51560,421,6
51561,440,6
51562,452,6
51563,425,6
51564,404,6
51565,414,6
51566,400,6
51567,432,6
51568,414,6
51569,423,6
51570,267,6
51571,284,6
51572,271,6
51573,267,6
51574,259,6
51575,277,6
51576,257,6
51577,255,6
51578,263,6
51579,295,6
51580,269,6
51581,269,6
51582,274,6
51583,428,6
51584,422,6
51585,413,6
51586,420,6
51587,423,6
51588,408,6
51589,422,6
51590,427,6
51591,419,6
51592,440,6
51593,428,6
51594,416,6
51595,420,6
51596,440,6
51597,418,6
51598,415,6
51599,415,6
51600,421,6
51601,422,6
51602,420,6
51603,390,6
51604,426,6
51605,443,6
51606,423,6
51607,413,6
51608,434,6
51609,420,6
51610,417,6
51611,437,6
51612,419,6
51613,428,6
51614,581,6
51615,569,6
51616,563,6
51617,574,6
51618,540,6
51619,577,6
51620,559,6
51621,569,6
51622,568,6
51623,572,6
51624,572,6
51625,558,6
51626,561,6
51627,558,6
51628,563,6
51629,548,6
51630,393,6
51631,430,6
51632,443,6
51633,412,6
51634,433,6
51635,409,6
51636,425,6
51637,432,6
51638,446,6
51639,426,6
51640,411,6
51641,425,6
51642,427,6
51643,454,6
51644,452,6
51645,433,6
51646,418,6
51647,427,6
51648,411,6
51649,415,6
51650,439,6
51651,436,6
51652,432,6
51653,419,6
51654,404,6
51655,424,6
51656,412,6
51657,414,6
51658,432,6
51659,454,6
51660,424,6
51661,427,6
51662,413,6
51663,415,6
51664,424,6
51665,394,6
51666,413,6
51667,432,6
51668,445,6
51669,430,6
51670,250,6
51671,243,6
51672,255,6
51673,256,6
51674,249,6
51675,268,6
51676,242,6
51677,250,6
51678,254,6
51679,284,6
51680,269,6
51681,264,6
51682,268,6
51683,261,6
51684,261,6
51685,256,6
51686,273,6
51687,260,6
51688,253,6
51689,437,6
51690,423,6
51691,425,6
51692,423,6
51693,444,6
51694,424,6
51695,428,6
51696,393,6
51697,424,6
51698,427,6
51699,442,6
51700,425,6
51701,417,6
51702,440,6
51703,409,6
51704,441,6
51705,436,6
51706,415,6
51707,422,6
51708,446,6
51709,400,6
51710,426,6
51711,420,6
51712,419,6
51713,396,6
51714,424,6
51715,402,6
51716,428,6
51717,429,6
51718,443,6
51719,442,6
51720,424,6
51721,437,6
51722,439,6
51723,426,6
51724,420,6
51725,444,6
51726,427,6
51727,402,6
51728,429,6
51729,416,6
51730,453,6
51731,414,6
51732,420,6
51733,437,6
51734,460,6
51735,423,6
51736,263,6
51737,263,6
51738,255,6
51739,277,6
51740,279,6
51741,258,6
51742,271,6
51743,271,6
51744,266,6
51745,282,6
51746,268,6
51747,293,6
51748,254,6
51749,423,6
51750,401,6
51751,432,6
51752,422,6
51753,422,6
51754,418,6
51755,438,6
51756,438,6
51757,430,6
51758,420,6
51759,427,6
51760,428,6
51761,576,6
51762,607,6
51763,570,6
51764,578,6
51765,573,6
51766,600,6
51767,570,6
51768,590,6
51769,568,6
51770,580,6
51771,603,6
51772,561,6
51773,414,6
51774,454,6
51775,438,6
51776,402,6
51777,418,6
51778,421,6
51779,434,6
51780,433,6
51781,428,6
51782,409,6
51783,442,6
51784,434,6
51785,420,6
51786,456,6
51787,422,6
51788,435,6
51789,454,6
51790,425,6
51791,418,6
51792,434,6
51793,426,6
51794,441,6
51795,435,6
51796,437,6
51797,415,6
51798,437,6
51799,411,6
51800,427,6
51801,440,6
51802,435,6
51803,450,6
51804,437,6
51805,427,6
51806,421,6
51807,408,6
51808,442,6
51809,432,6
51810,420,6
51811,429,6
51812,427,6
51813,424,6
51814,593,6
51815,563,6
51816,592,6
51817,597,6
51818,568,6
51819,558,6
51820,587,6
51821,593,6
51822,571,6
51823,565,6
51824,559,6
51825,594,6
51826,580,6
51827,597,6
51828,548,6
51829,426,6
51830,438,6
51831,414,6
51832,434,6
51833,412,6
51834,414,6
51835,426,6
51836,418,6
51837,441,6
51838,425,6
51839,442,6
51840,433,6
51841,414,6
51842,428,6
51843,415,6
51844,439,6
51845,442,6
51846,404,6
51847,432,6
51848,440,6
51849,436,6
51850,424,6
51851,458,6
51852,428,6
51853,407,6
51854,433,6
51855,438,6
51856,432,6
51857,427,6
51858,408,6
51859,405,6
51860,413,6
51861,396,6
51862,443,6
51863,426,6
51864,421,6
51865,408,6
51866,410,6
51867,425,6
51868,422,6
51869,427,6
51870,409,6
51871,430,6
51872,440,6
51873,422,6
51874,434,6
51875,423,6
51876,420,6
51877,430,6
51878,419,6
51879,417,6
51880,438,6
51881,403,6
51882,426,6
51883,412,6
51884,268,6
51885,257,6
51886,262,6
51887,249,6
51888,254,6
51889,249,6
51890,239,6
51891,267,6
51892,255,6
51893,236,6
51894,227,6
51895,234,6
51896,247,6
51897,238,6
51898,257,6
51899,250,6
51900,417,6
51901,436,6
51902,430,6
51903,436,6
51904,416,6
51905,419,6
51906,420,6
51907,415,6
51908,422,6
51909,434,6
51910,416,6
51911,429,6
51912,400,6
51913,430,6
51914,430,6
51915,419,6
51916,418,6
51917,436,6
51918,411,6
51919,445,6
51920,424,6
51921,418,6
51922,404,6
51923,593,6
51924,587,6
51925,593,6
51926,602,6
51927,577,6
51928,581,6
51929,574,6
51930,577,6
51931,598,6
51932,595,6
51933,587,6
51934,592,6
51935,607,6
51936,581,6
51937,435,6
51938,433,6
51939,416,6
51940,424,6
51941,417,6
51942,443,6
51943,411,6
51944,400,6
51945,406,6
51946,418,6
51947,428,6
51948,407,6
51949,428,6
51950,429,6
51951,420,6
51952,423,6
51953,431,6
51954,428,6
51955,427,6
51956,401,6
51957,418,6
51958,411,6
51959,432,6
51960,419,6
51961,442,6
51962,439,6
51963,441,6
51964,421,6
51965,233,6
51966,236,6
51967,252,6
51968,254,6
51969,237,6
51970,254,6
51971,237,6
51972,243,6
51973,235,6
51974,264,6
51975,263,6
51976,250,6
51977,237,6
51978,220,6
51979,241,6
51980,247,6
51981,223,6
51982,446,6
51983,442,6
51984,414,6
51985,427,6
51986,428,6
51987,425,6
51988,428,6
51989,417,6
51990,424,6
51991,427,6
51992,418,6
51993,434,6
51994,425,6
51995,419,6
51996,414,6
51997,433,6
51998,426,6
51999,416,6
52000,427,6
52001,442,6
52002,426,6
52003,411,6
52004,423,6
52005,427,6
52006,438,6
52007,438,6
52008,412,6
52009,421,6
52010,430,6
52011,418,6
52012,431,6
52013,409,6
52014,428,6
52015,437,6
52016,426,6
52017,427,6
52018,435,6
52019,420,6
52020,432,6
52021,425,6
52022,414,6
52023,436,6
52024,442,6
52025,439,6
52026,436,6
52027,431,6
52028,429,6
52029,424,6
52030,417,6
52031,400,6
52032,406,6
52033,425,6
52034,575,6
52035,596,6
52036,612,6
52037,552,6
52038,579,6
52039,617,6
52040,601,6
52041,589,6
52042,584,6
52043,598,6
52044,602,6
52045,575,6
52046,609,6
52047,595,6
52048,602,6
52049,603,6
52050,594,6
52051,430,6
52052,431,6
52053,421,6
52054,433,6
52055,422,6
52056,425,6
52057,444,6
52058,425,6
52059,430,6
52060,423,6
52061,421,6
52062,448,6
52063,407,6
52064,426,6
52065,411,6
52066,440,6
52067,424,6
52068,233,6
52069,217,6
52070,258,6
52071,223,6
52072,245,6
52073,250,6
52074,265,6
52075,232,6
52076,228,6
52077,234,6
52078,232,6
52079,216,6
52080,445,6
52081,420,6
52082,423,6
52083,433,6
52084,442,6
52085,411,6
52086,429,6
52087,410,6
52088,429,6
52089,429,6
52090,419,6
52091,428,6
52092,428,6
52093,424,6
52094,423,6
52095,409,6
52096,412,6
52097,418,6
52098,413,6
52099,418,6
52100,443,6
52101,423,6
52102,428,6
52103,424,6
52104,417,6
52105,438,6
52106,433,6
52107,418,6
52108,429,6
52109,409,6
52110,529,6
52111,565,6
52112,582,6
52113,554,6
52114,559,6
52115,551,6
52116,561,6
52117,557,6
52118,561,6
52119,549,6
52120,559,6
52121,552,6
52122,536,6
52123,434,6
52124,428,6
52125,426,6
52126,430,6
52127,406,6
52128,441,6
52129,423,6
52130,438,6
52131,408,6
52132,421,6
52133,446,6
52134,434,6
52135,408,6
52136,432,6
52137,417,6
52138,411,6
52139,417,6
52140,427,6
52141,426,6
52142,415,6
52143,423,6
52144,413,6
52145,424,6
52146,430,6
52147,405,6
52148,410,6
52149,417,6
52150,431,6
52151,411,6
52152,434,6
52153,411,6
52154,413,6
52155,420,6
52156,418,6
52157,415,6
52158,409,6
52159,406,6
52160,434,6
52161,425,6
52162,445,6
52163,425,6
52164,430,6
52165,442,6
52166,432,6
52167,421,6
52168,418,6
52169,429,6
52170,431,6
52171,430,6
52172,423,6
52173,420,6
52174,431,6
52175,423,6
52176,409,6
52177,416,6
52178,412,6
52179,430,6
52180,416,6
52181,451,6
52182,432,6
52183,444,6
52184,302,6
52185,278,6
52186,296,6
52187,283,6
52188,297,6
52189,265,6
52190,286,6
52191,287,6
52192,299,6
52193,269,6
52194,279,6
52195,285,6
52196,430,6
52197,448,6
52198,429,6
52199,431,6
52200,442,6
52201,432,6
52202,429,6
52203,429,6
52204,437,6
52205,418,6
52206,434,6
52207,420,6
52208,431,6
52209,406,6
52210,417,6
52211,446,6
52212,441,6
52213,445,6
52214,439,6
52215,417,6
52216,419,6
52217,437,6
52218,438,6
52219,442,6
52220,427,6
52221,424,6
52222,439,6
52223,407,6
52224,423,6
52225,422,6
52226,422,6
52227,441,6
52228,606,6
52229,600,6
52230,580,6
52231,585,6
52232,608,6
52233,602,6
52234,613,6
52235,590,6
52236,599,6
52237,597,6
52238,609,6
52239,623,6
52240,418,6
52241,401,6
52242,431,6
52243,430,6
52244,403,6
52245,413,6
52246,420,6
52247,439,6
52248,413,6
52249,422,6
52250,401,6
52251,431,6
52252,410,6
52253,451,6
52254,415,6
52255,436,6
52256,431,6
52257,415,6
52258,438,6
52259,401,6
52260,425,6
52261,433,6
52262,422,6
52263,411,6
52264,444,6
52265,423,6
52266,418,6
52267,412,6
52268,426,6
52269,422,6
52270,422,6
52271,445,6
52272,445,6
52273,428,6
52274,433,6
52275,250,6
52276,269,6
52277,271,6
52278,265,6
52279,262,6
52280,258,6
52281,268,6
52282,281,6
52283,283,6
52284,268,6
52285,280,6
52286,256,6
52287,274,6
52288,266,6
52289,259,6
52290,293,6
52291,419,6
52292,421,6
52293,419,6
52294,429,6
52295,441,6
52296,411,6
52297,431,6
52298,429,6
52299,406,6
52300,425,6
52301,433,6
52302,424,6
52303,434,6
52304,432,6
52305,434,6
52306,427,6
52307,431,6
52308,428,6
52309,407,6
52310,420,6
52311,414,6
52312,443,6
52313,436,6
52314,428,6
52315,430,6
52316,442,6
52317,419,6
52318,440,6
52319,447,6
52320,426,6
52321,416,6
52322,423,6
52323,438,6
52324,432,6
52325,428,6
52326,415,6
52327,426,6
52328,429,6
52329,420,6
52330,420,6
52331,307,6
52332,306,6
52333,299,6
52334,296,6
52335,297,6
52336,311,6
52337,305,6
52338,301,6
52339,318,6
52340,290,6
52341,285,6
52342,270,6
52343,305,6
52344,317,6
52345,316,6
52346,291,6
52347,289,6
52348,271,6
52349,417,6
52350,412,6
52351,440,6
52352,427,6
52353,426,6
52354,417,6
52355,409,6
52356,410,6
52357,413,6
52358,434,6
52359,408,6
52360,431,6
52361,461,6
52362,420,6
52363,429,6
52364,543,6
52365,527,6
52366,530,6
52367,537,6
52368,542,6
52369,566,6
52370,535,6
52371,533,6
52372,531,6
52373,557,6
52374,536,6
52375,562,6
52376,546,6
52377,561,6
52378,543,6
52379,540,6
52380,428,6
52381,441,6
52382,428,6
52383,431,6
52384,426,6
52385,423,6
52386,431,6
52387,428,6
52388,428,6
52389,410,6
52390,419,6
52391,426,6
52392,409,6
52393,434,6
52394,411,6
52395,416,6
52396,429,6
52397,409,6
52398,433,6
52399,410,6
52400,397,6
52401,437,6
52402,427,6
52403,420,6
52404,402,6
52405,411,6
52406,404,6
52407,442,6
52408,433,6
52409,409,6
52410,445,6
52411,416,6
52412,429,6
52413,429,6
52414,424,6
52415,421,6
52416,425,6
52417,422,6
52418,428,6
52419,428,6
52420,419,6
52421,438,6
52422,415,6
52423,430,6
52424,421,6
52425,415,6
52426,422,6
52427,417,6
52428,433,6
52429,424,6
52430,441,6
52431,414,6
52432,399,6
52433,430,6
52434,446,6
52435,431,6
52436,414,6
52437,285,6
52438,321,6
52439,292,6
52440,285,6
52441,311,6
52442,295,6
52443,273,6
52444,322,6
52445,304,6
52446,279,6
52447,314,6
52448,284,6
52449,284,6
52450,286,6
52451,320,6
52452,321,6
52453,290,6
52454,317,6
52455,398,6
52456,436,6
52457,441,6
52458,443,6
52459,426,6
52460,432,6
52461,416,6
52462,425,6
52463,423,6
52464,422,6
52465,559,6
52466,548,6
52467,566,6
52468,549,6
52469,572,6
52470,560,6
52471,545,6
52472,548,6
52473,536,6
52474,548,6
52475,534,6
52476,562,6
52477,421,6
52478,429,6
52479,398,6
52480,422,6
52481,421,6
52482,436,6
52483,431,6
52484,437,6
52485,430,6
52486,440,6
52487,430,6
52488,408,6
52489,424,6
52490,425,6
52491,386,6
52492,413,6
52493,450,6
52494,422,6
52495,424,6
52496,399,6
52497,409,6
52498,431,6
52499,419,6
52500,406,6
52501,410,6
52502,396,6
52503,445,6
52504,432,6
52505,420,6
52506,428,6
52507,429,6
52508,434,6
52509,401,6
52510,415,6
52511,428,6
52512,425,6
52513,432,6
52514,409,6
52515,421,6
52516,424,6
52517,432,6
52518,428,6
52519,414,6
52520,438,6
52521,419,6
52522,414,6
52523,426,6
52524,548,6
52525,570,6
52526,574,6
52527,552,6
52528,546,6
52529,565,6
52530,558,6
52531,549,6
52532,554,6
52533,557,6
52534,539,6
52535,568,6
52536,547,6
52537,552,6
52538,559,6
52539,570,6
52540,447,6
52541,422,6
52542,437,6
52543,419,6
52544,432,6
52545,418,6
52546,405,6
52547,436,6
52548,416,6
52549,428,6
52550,405,6
52551,409,6
52552,403,6
52553,429,6
52554,413,6
52555,442,6
52556,407,6
52557,427,6
52558,401,6
52559,451,6
52560,410,6
52561,433,6
52562,418,6
52563,433,6
52564,412,6
52565,426,6
52566,418,6
52567,457,6
52568,413,6
52569,412,6
52570,444,6
52571,434,6
52572,415,6
52573,426,6
52574,427,6
52575,276,6
52576,281,6
52577,259,6
52578,275,6
52579,268,6
52580,242,6
52581,266,6
52582,266,6
52583,283,6
52584,288,6
52585,280,6
52586,247,6
52587,298,6
52588,286,6
52589,271,6
52590,274,6
52591,431,6
52592,426,6
52593,435,6
52594,442,6
52595,402,6
52596,421,6
52597,430,6
52598,410,6
52599,451,6
52600,402,6
52601,427,6
52602,427,6
52603,441,6
52604,427,6
52605,424,6
52606,429,6
52607,419,6
52608,419,6
52609,428,6
52610,421,6
52611,433,6
52612,414,6
52613,436,6
52614,431,6
52615,425,6
52616,407,6
52617,435,6
52618,449,6
52619,419,6
52620,289,6
52621,277,6
52622,266,6
52623,270,6
52624,278,6
52625,284,6
52626,261,6
52627,270,6
52628,279,6
52629,264,6
52630,284,6
52631,299,6
52632,278,6
52633,288,6
52634,410,6
52635,417,6
52636,437,6
52637,409,6
52638,416,6
52639,439,6
52640,418,6
52641,401,6
52642,418,6
52643,446,6
52644,442,6
52645,424,6
52646,422,6
52647,453,6
52648,414,6
52649,417,6
52650,438,6
52651,415,6
52652,429,6
52653,410,6
52654,443,6
52655,420,6
52656,417,6
52657,415,6
52658,411,6
52659,421,6
52660,397,6
52661,412,6
52662,425,6
52663,426,6
52664,568,6
52665,559,6
52666,587,6
52667,579,6
52668,567,6
52669,567,6
52670,563,6
52671,561,6
52672,567,6
52673,580,6
52674,563,6
52675,584,6
52676,561,6
52677,586,6
52678,421,6
52679,433,6
52680,452,6
52681,454,6
52682,409,6
52683,437,6
52684,414,6
52685,430,6
52686,431,6
52687,435,6
52688,410,6
52689,411,6
52690,415,6
52691,432,6
52692,428,6
52693,430,6
52694,411,6
52695,427,6
52696,417,6
52697,418,6
52698,423,6
52699,407,6
52700,441,6
52701,441,6
52702,419,6
52703,416,6
52704,434,6
52705,415,6
52706,426,6
52707,393,6
52708,443,6
52709,427,6
52710,420,6
52711,429,6
52712,433,6
52713,404,6
52714,415,6
52715,420,6
52716,408,6
52717,420,6
52718,420,6
52719,415,6
52720,418,6
52721,422,6
52722,404,6
52723,434,6
52724,612,6
52725,602,6
52726,607,6
52727,606,6
52728,630,6
52729,599,6
52730,610,6
52731,578,6
52732,611,6
52733,602,6
52734,611,6
52735,609,6
52736,607,6
52737,609,6
52738,617,6
52739,604,6
52740,603,6
52741,619,6
52742,609,6
52743,416,6
52744,430,6
52745,422,6
52746,409,6
52747,430,6
52748,420,6
52749,403,6
52750,409,6
52751,432,6
52752,428,6
52753,423,6
52754,430,6
52755,432,6
52756,434,6
52757,434,6
52758,418,6
52759,397,6
52760,418,6
52761,454,6
52762,434,6
52763,420,6
52764,420,6
52765,440,6
52766,411,6
52767,433,6
52768,408,6
52769,438,6
52770,424,6
52771,437,6
52772,420,6
52773,449,6
52774,428,6
52775,432,6
52776,439,6
52777,446,6
52778,422,6
52779,268,6
52780,270,6
52781,281,6
52782,276,6
52783,244,6
52784,249,6
52785,274,6
52786,286,6
52787,260,6
52788,273,6
52789,260,6
52790,267,6
52791,257,6
52792,259,6
52793,264,6
52794,269,6
52795,284,6
52796,256,6
52797,443,6
52798,434,6
52799,417,6
52800,432,6
52801,423,6
52802,435,6
52803,410,6
52804,419,6
52805,398,6
52806,426,6
52807,415,6
52808,451,6
52809,426,6
52810,435,6
52811,433,6
52812,424,6
52813,437,6
52814,425,6
52815,431,6
52816,453,6
52817,427,6
52818,419,6
52819,417,6
52820,424,6
52821,426,6
52822,426,6
52823,406,6
52824,398,6
52825,413,6
52826,426,6
52827,426,6
52828,430,6
52829,429,6
52830,419,6
52831,413,6
52832,281,6
52833,278,6
52834,262,6
52835,282,6
52836,286,6
52837,284,6
52838,286,6
52839,266,6
52840,285,6
52841,273,6
52842,299,6
52843,286,6
52844,430,6
52845,446,6
52846,419,6
52847,432,6
52848,452,6
52849,435,6
52850,427,6
52851,422,6
52852,413,6
52853,422,6
52854,415,6
52855,422,6
52856,424,6
52857,437,6
52858,420,6
52859,418,6
52860,436,6
52861,569,6
52862,558,6
52863,568,6
52864,558,6
52865,558,6
52866,579,6
52867,559,6
52868,556,6
52869,561,6
52870,537,6
52871,559,6
52872,564,6
52873,584,6
52874,562,6
52875,566,6
52876,565,6
52877,588,6
52878,573,6
52879,408,6
52880,440,6
52881,414,6
52882,417,6
52883,409,6
52884,447,6
52885,439,6
52886,440,6
52887,437,6
52888,433,6
52889,421,6
52890,427,6
52891,419,6
52892,415,6
52893,417,6
52894,453,6
52895,420,6
52896,437,6
52897,450,6
52898,434,6
52899,416,6
52900,426,6
52901,411,6
52902,400,6
52903,432,6
52904,408,6
52905,446,6
52906,425,6
52907,422,6
52908,425,6
52909,428,6
52910,597,6
52911,585,6
52912,588,6
52913,593,6
52914,589,6
52915,568,6
52916,580,6
52917,600,6
52918,607,6
52919,606,6
52920,593,6
52921,581,6
52922,603,6
52923,582,6
52924,581,6
52925,592,6
52926,557,6
52927,587,6
52928,426,6
52929,423,6
52930,423,6
52931,443,6
52932,406,6
52933,430,6
52934,433,6
52935,445,6
52936,429,6
52937,431,6
52938,425,6
52939,429,6
52940,425,6
52941,411,6
52942,429,6
52943,428,6
52944,418,6
52945,428,6
52946,440,6
52947,421,6
52948,446,6
52949,443,6
52950,416,6
52951,418,6
52952,423,6
52953,410,6
52954,414,6
52955,399,6
52956,433,6
52957,434,6
52958,406,6
52959,407,6
52960,424,6
52961,426,6
52962,440,6
52963,417,6
52964,253,6
52965,263,6
52966,275,6
52967,279,6
52968,250,6
52969,275,6
52970,251,6
52971,240,6
52972,264,6
52973,276,6
52974,259,6
52975,274,6
52976,252,6
52977,263,6
52978,272,6
52979,265,6
52980,423,6
52981,418,6
52982,422,6
52983,438,6
52984,423,6
52985,405,6
52986,428,6
52987,425,6
52988,430,6
52989,424,6
52990,424,6
52991,435,6
52992,452,6
52993,423,6
52994,437,6
52995,409,6
52996,424,6
52997,422,6
52998,411,6
52999,431,6
53000,433,6
53001,437,6
53002,400,6
53003,417,6
53004,425,6
53005,429,6
53006,419,6
53007,419,6
53008,416,6
53009,425,6
53010,414,6
53011,402,6
53012,391,6
53013,431,6
53014,426,6
53015,425,6
53016,437,6
53017,406,6
53018,423,6
53019,442,6
53020,420,6
53021,423,6
53022,437,6
53023,422,6
53024,403,6
53025,423,6
53026,417,6
53027,410,6
53028,441,6
53029,427,6
53030,437,6
53031,213,6
53032,228,6
53033,243,6
53034,237,6
53035,247,6
53036,226,6
53037,233,6
53038,234,6
53039,235,6
53040,233,6
53041,227,6
53042,241,6
53043,240,6
53044,235,6
53045,223,6
53046,228,6
53047,213,6
53048,419,6
53049,425,6
53050,436,6
53051,417,6
53052,419,6
53053,436,6
53054,440,6
53055,422,6
53056,433,6
53057,415,6
53058,427,6
53059,425,6
53060,412,6
53061,429,6
53062,419,6
53063,446,6
53064,418,6
53065,405,6
53066,426,6
53067,434,6
53068,422,6
53069,430,6
53070,434,6
53071,421,6
53072,456,6
53073,422,6
53074,448,6
53075,437,6
53076,445,6
53077,434,6
53078,430,6
53079,416,6
53080,420,6
53081,613,6
53082,629,6
53083,638,6
53084,627,6
53085,632,6
53086,639,6
53087,618,6
53088,633,6
53089,640,6
53090,636,6
53091,643,6
53092,640,6
53093,414,6
53094,421,6
53095,431,6
53096,426,6
53097,399,6
53098,396,6
53099,401,6
53100,420,6
53101,433,6
53102,413,6
53103,416,6
53104,425,6
53105,425,6
53106,412,6
53107,452,6
53108,415,6
53109,436,6
53110,432,6
53111,415,6
53112,431,6
53113,415,6
53114,426,6
53115,435,6
53116,418,6
53117,430,6
53118,418,6
53119,427,6
53120,426,6
53121,421,6
53122,403,6
53123,434,6
53124,631,6
53125,609,6
53126,600,6
53127,610,6
53128,621,6
53129,623,6
53130,618,6
53131,613,6
53132,616,6
53133,609,6
53134,596,6
53135,603,6
53136,604,6
53137,611,6
53138,586,6
53139,614,6
53140,583,6
53141,612,6
53142,439,6
53143,436,6
53144,414,6
53145,432,6
53146,433,6
53147,445,6
53148,429,6
53149,437,6
53150,420,6
53151,415,6
53152,435,6
53153,436,6
53154,417,6
53155,410,6
53156,426,6
53157,426,6
53158,428,6
53159,436,6
53160,437,6
53161,425,6
53162,413,6
53163,416,6
53164,418,6
53165,424,6
53166,419,6
53167,422,6
53168,426,6
53169,417,6
53170,429,6
53171,447,6
53172,423,6
53173,417,6
53174,429,6
53175,415,6
53176,423,6
53177,417,6
53178,412,6
53179,414,6
53180,417,6
53181,215,6
53182,243,6
53183,233,6
53184,239,6
53185,211,6
53186,224,6
53187,233,6
53188,247,6
53189,219,6
53190,212,6
53191,230,6
53192,219,6
53193,445,6
53194,432,6
53195,422,6
53196,422,6
53197,423,6
53198,403,6
53199,426,6
53200,434,6
53201,419,6
53202,422,6
53203,417,6
53204,423,6
53205,432,6
53206,408,6
53207,452,6
53208,452,6
53209,419,6
53210,437,6
53211,411,6
53212,405,6
53213,448,6
53214,435,6
53215,427,6
53216,434,6
53217,417,6
53218,426,6
53219,428,6
53220,408,6
53221,439,6
53222,420,6
53223,411,6
53224,445,6
53225,440,6
53226,423,6
53227,410,6
53228,431,6
53229,294,6
53230,319,6
53231,309,6
53232,287,6
53233,310,6
53234,309,6
53235,272,6
53236,300,6
53237,307,6
53238,288,6
53239,278,6
53240,329,6
53241,312,6
53242,296,6
53243,267,6
53244,288,6
53245,449,6
53246,442,6
53247,422,6
53248,420,6
53249,443,6
53250,423,6
53251,424,6
53252,431,6
53253,433,6
53254,412,6
53255,433,6
53256,414,6
53257,441,6
53258,422,6
53259,429,6
53260,499,6
53261,544,6
53262,545,6
53263,528,6
53264,517,6
53265,517,6
53266,534,6
53267,520,6
53268,533,6
53269,535,6
53270,536,6
53271,551,6
53272,549,6
53273,536,6
53274,542,6
53275,539,6
53276,551,6
53277,536,6
53278,545,6
53279,452,6
53280,431,6
53281,420,6
53282,421,6
53283,417,6
53284,435,6
53285,430,6
53286,422,6
53287,444,6
53288,421,6
53289,427,6
53290,417,6
53291,425,6
53292,416,6
53293,425,6
53294,413,6
53295,420,6
53296,417,6
53297,418,6
53298,415,6
53299,422,6
53300,430,6
53301,412,6
53302,409,6
53303,419,6
53304,444,6
53305,430,6
53306,427,6
53307,434,6
53308,410,6
53309,434,6
53310,418,6
53311,406,6
53312,423,6
53313,438,6
53314,427,6
53315,424,6
53316,416,6
53317,423,6
53318,451,6
53319,434,6
53320,425,6
53321,414,6
53322,401,6
53323,410,6
53324,421,6
53325,413,6
53326,407,6
53327,423,6
53328,408,6
53329,430,6
53330,435,6
53331,445,6
53332,412,6
53333,417,6
53334,412,6
53335,567,6
53336,545,6
53337,550,6
53338,555,6
53339,543,6
53340,571,6
53341,541,6
53342,557,6
53343,544,6
53344,549,6
53345,556,6
53346,544,6
53347,513,6
53348,569,6
53349,533,6
53350,419,6
53351,425,6
53352,425,6
53353,426,6
53354,422,6
53355,427,6
53356,429,6
53357,441,6
53358,418,6
53359,440,6
53360,422,6
53361,432,6
53362,428,6
53363,413,6
53364,407,6
53365,430,6
53366,411,6
53367,413,6
53368,421,6
53369,438,6
53370,441,6
53371,408,6
53372,392,6
53373,423,6
53374,417,6
53375,445,6
53376,434,6
53377,415,6
53378,409,6
53379,431,6
53380,417,6
53381,415,6
53382,304,6
53383,288,6
53384,303,6
53385,305,6
53386,284,6
53387,305,6
53388,300,6
53389,276,6
53390,303,6
53391,292,6
53392,296,6
53393,308,6
53394,296,6
53395,320,6
53396,270,6
53397,302,6
53398,291,6
53399,292,6
53400,449,6
53401,416,6
53402,429,6
53403,440,6
53404,443,6
53405,422,6
53406,401,6
53407,420,6
53408,446,6
53409,416,6
53410,428,6
53411,421,6
53412,424,6
53413,441,6
53414,428,6
53415,450,6
53416,437,6
53417,427,6
53418,424,6
53419,429,6
53420,410,6
53421,412,6
53422,617,6
53423,619,6
53424,592,6
53425,618,6
53426,606,6
53427,598,6
53428,604,6
53429,619,6
53430,615,6
53431,611,6
53432,612,6
53433,594,6
53434,614,6
53435,602,6
53436,632,6
53437,420,6
53438,452,6
53439,423,6
53440,424,6
53441,421,6
53442,410,6
53443,441,6
53444,426,6
53445,433,6
53446,444,6
53447,423,6
53448,424,6
53449,427,6
53450,410,6
53451,403,6
53452,407,6
53453,440,6
53454,421,6
53455,434,6
53456,422,6
53457,406,6
53458,435,6
53459,414,6
53460,432,6
53461,436,6
53462,424,6
53463,431,6
53464,408,6
53465,460,6
53466,430,6
53467,220,6
53468,222,6
53469,209,6
53470,212,6
53471,224,6
53472,206,6
53473,216,6
53474,217,6
53475,202,6
53476,216,6
53477,191,6
53478,222,6
53479,230,6
53480,222,6
53481,443,6
53482,416,6
53483,422,6
53484,427,6
53485,427,6
53486,420,6
53487,414,6
53488,446,6
53489,415,6
53490,445,6
53491,431,6
53492,427,6
53493,432,6
53494,443,6
53495,394,6
53496,429,6
53497,427,6
53498,427,6
53499,436,6
53500,428,6
53501,448,6
53502,425,6
53503,432,6
53504,434,6
53505,412,6
53506,408,6
53507,426,6
53508,420,6
53509,413,6
53510,401,6
53511,421,6
53512,423,6
53513,432,6
53514,424,6
53515,406,6
53516,421,6
53517,412,6
53518,433,6
53519,443,6
53520,425,6
53521,421,6
53522,428,6
53523,441,6
53524,395,6
53525,415,6
53526,416,6
53527,426,6
53528,430,6
53529,429,6
53530,281,6
53531,278,6
53532,272,6
53533,278,6
53534,249,6
53535,267,6
53536,279,6
53537,261,6
53538,262,6
53539,275,6
53540,292,6
53541,278,6
53542,259,6
53543,278,6
53544,287,6
53545,282,6
53546,270,6
53547,275,6
53548,280,6
53549,432,6
53550,423,6
53551,413,6
53552,424,6
53553,421,6
53554,428,6
53555,442,6
53556,439,6
53557,423,6
53558,427,6
53559,409,6
53560,432,6
53561,428,6
53562,431,6
53563,415,6
53564,426,6
53565,418,6
53566,437,6
53567,430,6
53568,439,6
53569,412,6
53570,423,6
53571,423,6
53572,429,6
53573,428,6
53574,426,6
53575,407,6
53576,413,6
53577,589,6
53578,597,6
53579,610,6
53580,595,6
53581,606,6
53582,588,6
53583,575,6
53584,598,6
53585,593,6
53586,588,6
53587,574,6
53588,568,6
53589,607,6
53590,585,6
53591,602,6
53592,613,6
53593,588,6
53594,438,6
53595,431,6
53596,438,6
53597,426,6
53598,430,6
53599,434,6
53600,432,6
53601,430,6
53602,422,6
53603,437,6
53604,401,6
53605,424,6
53606,420,6
53607,419,6
53608,422,6
53609,413,6
53610,421,6
53611,411,6
53612,430,6
53613,436,6
53614,438,6
53615,432,6
53616,603,6
53617,596,6
53618,602,6
53619,606,6
53620,602,6
53621,639,6
53622,618,6
53623,617,6
53624,613,6
53625,604,6
53626,611,6
53627,618,6
53628,621,6
53629,429,6
53630,434,6
53631,419,6
53632,406,6
53633,441,6
53634,418,6
53635,418,6
53636,414,6
53637,429,6
53638,419,6
53639,443,6
53640,443,6
53641,430,6
53642,417,6
53643,447,6
53644,439,6
53645,417,6
53646,430,6
53647,428,6
53648,432,6
53649,427,6
53650,425,6
53651,460,6
53652,432,6
53653,417,6
53654,420,6
53655,448,6
53656,422,6
53657,415,6
53658,426,6
53659,424,6
53660,443,6
53661,445,6
53662,422,6
53663,436,6
53664,424,6
53665,416,6
53666,448,6
53667,449,6
53668,430,6
53669,419,6
53670,414,6
53671,434,6
53672,442,6
53673,428,6
53674,440,6
53675,250,6
53676,246,6
53677,256,6
53678,229,6
53679,247,6
53680,263,6
53681,224,6
53682,237,6
53683,251,6
53684,239,6
53685,247,6
53686,228,6
53687,261,6
53688,266,6
53689,235,6
53690,255,6
53691,250,6
53692,432,6
53693,444,6
53694,413,6
53695,442,6
53696,447,6
53697,406,6
53698,438,6
53699,416,6
53700,425,6
53701,429,6
53702,435,6
53703,415,6
53704,426,6
53705,437,6
53706,405,6
53707,417,6
53708,409,6
53709,428,6
53710,447,6
53711,417,6
53712,441,6
53713,437,6
53714,426,6
53715,420,6
53716,419,6
53717,445,6
53718,281,6
53719,296,6
53720,281,6
53721,271,6
53722,280,6
53723,309,6
53724,305,6
53725,284,6
53726,323,6
53727,307,6
53728,282,6
53729,287,6
53730,287,6
53731,417,6
53732,432,6
53733,429,6
53734,431,6
53735,432,6
53736,429,6
53737,414,6
53738,423,6
53739,425,6
53740,423,6
53741,434,6
53742,425,6
53743,443,6
53744,423,6
53745,443,6
53746,423,6
53747,428,6
53748,429,6
53749,408,6
53750,408,6
53751,428,6
53752,411,6
53753,431,6
53754,444,6
53755,415,6
53756,421,6
53757,397,6
53758,401,6
53759,432,6
53760,425,6
53761,415,6
53762,392,6
53763,420,6
53764,427,6
53765,440,6
53766,421,6
53767,457,6
53768,420,6
53769,411,6
53770,445,6
53771,442,6
53772,441,6
53773,574,6
53774,560,6
53775,544,6
53776,529,6
53777,551,6
53778,541,6
53779,550,6
53780,526,6
53781,532,6
53782,557,6
53783,556,6
53784,547,6
53785,533,6
53786,554,6
53787,546,6
53788,546,6
53789,566,6
53790,442,6
53791,431,6
53792,429,6
53793,441,6
53794,424,6
53795,418,6
53796,425,6
53797,435,6
53798,428,6
53799,398,6
53800,421,6
53801,428,6
53802,422,6
53803,437,6
53804,430,6
53805,419,6
53806,420,6
53807,410,6
53808,402,6
53809,436,6
53810,421,6
53811,410,6
53812,571,6
53813,557,6
53814,565,6
53815,550,6
53816,573,6
53817,566,6
53818,571,6
53819,560,6
53820,568,6
53821,548,6
53822,593,6
53823,570,6
53824,586,6
53825,562,6
53826,553,6
53827,559,6
53828,565,6
53829,564,6
53830,588,6
53831,415,6
53832,418,6
53833,434,6
53834,406,6
53835,425,6
53836,427,6
53837,430,6
53838,429,6
53839,449,6
53840,414,6
53841,417,6
53842,432,6
53843,428,6
53844,429,6
53845,408,6
53846,451,6
53847,430,6
53848,406,6
53849,432,6
53850,412,6
53851,436,6
53852,409,6
53853,437,6
53854,410,6
53855,413,6
53856,427,6
53857,418,6
53858,418,6
53859,407,6
53860,421,6
53861,436,6
53862,334,6
53863,321,6
53864,320,6
53865,291,6
53866,311,6
53867,303,6
53868,293,6
53869,296,6
53870,319,6
53871,305,6
53872,294,6
53873,304,6
53874,315,6
53875,303,6
53876,297,6
53877,300,6
53878,436,6
53879,400,6
53880,422,6
53881,424,6
53882,416,6
53883,414,6
53884,437,6
53885,437,6
53886,426,6
53887,418,6
53888,426,6
53889,430,6
53890,424,6
53891,430,6
53892,421,6
53893,387,6
53894,423,6
53895,433,6
53896,425,6
53897,429,6
53898,422,6
53899,423,6
53900,424,6
53901,423,6
53902,412,6
53903,427,6
53904,428,6
53905,417,6
53906,434,6
53907,431,6
53908,424,6
53909,435,6
53910,420,6
53911,435,6
53912,419,6
53913,444,6
53914,418,6
53915,423,6
53916,415,6
53917,432,6
53918,411,6
53919,424,6
53920,408,6
53921,431,6
53922,432,6
53923,426,6
53924,419,6
53925,433,6
53926,414,6
53927,416,6
53928,433,6
53929,432,6
53930,432,6
53931,453,6
53932,427,6
53933,581,6
53934,584,6
53935,560,6
53936,590,6
53937,602,6
53938,581,6
53939,601,6
53940,574,6
53941,576,6
53942,576,6
53943,568,6
53944,603,6
53945,592,6
53946,432,6
53947,416,6
53948,435,6
53949,419,6
53950,419,6
53951,438,6
53952,415,6
53953,413,6
53954,412,6
53955,423,6
53956,450,6
53957,422,6
53958,409,6
53959,417,6
53960,419,6
53961,426,6
53962,429,6
53963,400,6
53964,410,6
53965,409,6
53966,437,6
53967,413,6
53968,428,6
53969,431,6
53970,419,6
53971,396,6
53972,263,6
53973,265,6
53974,249,6
53975,241,6
53976,271,6
53977,241,6
53978,259,6
53979,231,6
53980,255,6
53981,234,6
53982,254,6
53983,249,6
53984,421,6
53985,420,6
53986,438,6
53987,424,6
53988,430,6
53989,459,6
53990,410,6
53991,416,6
53992,405,6
53993,405,6
53994,448,6
53995,420,6
53996,393,6
53997,422,6
53998,419,6
53999,412,6
54000,430,6
54001,429,6
54002,435,6
54003,414,6
54004,405,6
54005,430,6
54006,436,6
54007,448,6
54008,426,6
54009,416,6
54010,423,6
54011,615,6
54012,612,6
54013,620,6
54014,641,6
54015,631,6
54016,596,6
54017,615,6
54018,596,6
54019,606,6
54020,605,6
54021,614,6
54022,613,6
54023,423,6
54024,446,6
54025,438,6
54026,422,6
54027,429,6
54028,444,6
54029,408,6
54030,424,6
54031,429,6
54032,415,6
54033,407,6
54034,418,6
54035,422,6
54036,437,6
54037,404,6
54038,430,6
54039,420,6
54040,430,6
54041,445,6
54042,415,6
54043,439,6
54044,431,6
54045,420,6
54046,432,6
54047,434,6
54048,415,6
54049,410,6
54050,411,6
54051,420,6
54052,417,6
54053,432,6
54054,432,6
54055,427,6
54056,436,6
54057,425,6
54058,430,6
54059,431,6
54060,420,6
54061,412,6
54062,410,6
54063,441,6
54064,413,6
54065,437,6
54066,443,6
54067,417,6
54068,428,6
54069,421,6
54070,420,6
54071,446,6
54072,435,6
54073,423,6
54074,435,6
54075,443,6
54076,420,6
54077,435,6
54078,414,6
54079,417,6
54080,429,6
54081,425,6
54082,424,6
54083,434,6
54084,213,6
54085,227,6
54086,223,6
54087,216,6
54088,212,6
54089,215,6
54090,201,6
54091,211,6
54092,201,6
54093,220,6
54094,198,6
54095,197,6
54096,214,6
54097,222,6
54098,214,6
54099,229,6
54100,433,6
54101,425,6
54102,418,6
54103,428,6
54104,433,6
54105,417,6
54106,424,6
54107,413,6
54108,429,6
54109,414,6
54110,428,6
54111,439,6
54112,433,6
54113,422,6
54114,409,6
54115,425,6
54116,299,6
54117,304,6
54118,305,6
54119,299,6
54120,295,6
54121,308,6
54122,322,6
54123,306,6
54124,302,6
54125,316,6
54126,300,6
54127,319,6
54128,313,6
54129,271,6
54130,308,6
54131,296,6
54132,313,6
54133,284,6
54134,303,6
54135,423,6
54136,420,6
54137,437,6
54138,459,6
54139,428,6
54140,441,6
54141,441,6
54142,454,6
54143,434,6
54144,435,6
54145,424,6
54146,414,6
54147,439,6
54148,418,6
54149,401,6
54150,443,6
54151,423,6
54152,429,6
54153,412,6
54154,435,6
54155,422,6
54156,427,6
54157,432,6
54158,424,6
54159,416,6
54160,425,6
54161,421,6
54162,393,6
54163,426,6
54164,436,6
54165,403,6
54166,538,6
54167,538,6
54168,544,6
54169,533,6
54170,527,6
54171,530,6
54172,528,6
54173,516,6
54174,525,6
54175,536,6
54176,529,6
54177,524,6
54178,531,6
54179,521,6
54180,532,6
54181,535,6
54182,532,6
54183,518,6
54184,540,6
54185,415,6
54186,425,6
54187,441,6
54188,405,6
54189,415,6
54190,426,6
54191,419,6
54192,407,6
54193,426,6
54194,399,6
54195,451,6
54196,436,6
54197,415,6
54198,421,6
54199,406,6
54200,412,6
54201,410,6
54202,438,6
54203,426,6
54204,423,6
54205,408,6
54206,434,6
54207,425,6
54208,443,6
54209,427,6
54210,422,6
54211,418,6
54212,444,6
54213,437,6
54214,428,6
54215,436,6
54216,429,6
54217,403,6
54218,436,6
54219,433,6
54220,412,6
54221,432,6
54222,415,6
54223,420,6
54224,427,6
54225,426,6
54226,424,6
54227,406,6
54228,426,6
54229,445,6
54230,428,6
54231,423,6
54232,433,6
54233,427,6
54234,420,6
54235,608,6
54236,600,6
54237,602,6
54238,594,6
54239,596,6
54240,606,6
54241,591,6
54242,625,6
54243,590,6
54244,589,6
54245,609,6
54246,596,6
54247,604,6
54248,615,6
54249,602,6
54250,601,6
54251,590,6
54252,415,6
54253,407,6
54254,416,6
54255,419,6
54256,416,6
54257,422,6
54258,419,6
54259,435,6
54260,409,6
54261,437,6
54262,433,6
54263,414,6
54264,225,6
54265,247,6
54266,247,6
54267,231,6
54268,224,6
54269,236,6
54270,202,6
54271,247,6
54272,233,6
54273,243,6
54274,262,6
54275,236,6
54276,248,6
54277,237,6
54278,235,6
54279,259,6
54280,234,6
54281,432,6
54282,429,6
54283,430,6
54284,433,6
54285,431,6
54286,418,6
54287,420,6
54288,428,6
54289,403,6
54290,429,6
54291,418,6
54292,438,6
54293,401,6
54294,431,6
54295,428,6
54296,427,6
54297,441,6
54298,425,6
54299,428,6
54300,432,6
54301,424,6
54302,436,6
54303,422,6
54304,421,6
54305,415,6
54306,428,6
54307,421,6
54308,419,6
54309,405,6
54310,420,6
54311,430,6
54312,423,6
54313,432,6
54314,413,6
54315,418,6
54316,430,6
54317,425,6
54318,389,6
54319,418,6
54320,412,6
54321,423,6
54322,388,6
54323,427,6
54324,433,6
54325,418,6
54326,422,6
54327,416,6
54328,444,6
54329,441,6
54330,439,6
54331,448,6
54332,441,6
54333,419,6
54334,426,6
54335,432,6
54336,429,6
54337,408,6
54338,433,6
54339,275,6
54340,276,6
54341,273,6
54342,269,6
54343,277,6
54344,245,6
54345,275,6
54346,281,6
54347,290,6
54348,276,6
54349,258,6
54350,263,6
54351,275,6
54352,274,6
54353,257,6
54354,271,6
54355,423,6
54356,422,6
54357,426,6
54358,426,6
54359,444,6
54360,401,6
54361,425,6
54362,425,6
54363,403,6
54364,433,6
54365,435,6
54366,406,6
54367,614,6
54368,595,6
54369,609,6
54370,607,6
54371,608,6
54372,579,6
54373,585,6
54374,607,6
54375,611,6
54376,594,6
54377,621,6
54378,597,6
54379,601,6
54380,603,6
54381,608,6
54382,604,6
54383,421,6
54384,424,6
54385,428,6
54386,428,6
54387,428,6
54388,425,6
54389,433,6
54390,427,6
54391,428,6
54392,430,6
54393,433,6
54394,435,6
54395,424,6
54396,432,6
54397,439,6
54398,414,6
54399,425,6
54400,430,6
54401,404,6
54402,441,6
54403,426,6
54404,437,6
54405,430,6
54406,421,6
54407,430,6
54408,424,6
54409,428,6
54410,294,6
54411,288,6
54412,292,6
54413,282,6
54414,280,6
54415,296,6
54416,304,6
54417,280,6
54418,290,6
54419,270,6
54420,308,6
54421,300,6
54422,280,6
54423,421,6
54424,440,6
54425,427,6
54426,433,6
54427,413,6
54428,432,6
54429,423,6
54430,429,6
54431,420,6
54432,422,6
54433,426,6
54434,418,6
54435,452,6
54436,412,6
54437,431,6
54438,429,6
54439,434,6
54440,395,6
54441,405,6
54442,418,6
54443,436,6
54444,422,6
54445,421,6
54446,425,6
54447,415,6
54448,431,6
54449,427,6
54450,431,6
54451,443,6
54452,422,6
54453,426,6
54454,413,6
54455,410,6
54456,425,6
54457,426,6
54458,433,6
54459,432,6
54460,428,6
54461,445,6
54462,421,6
54463,423,6
54464,428,6
54465,411,6
54466,433,6
54467,426,6
54468,578,6
54469,584,6
54470,582,6
54471,582,6
54472,572,6
54473,596,6
54474,559,6
54475,569,6
54476,570,6
54477,568,6
54478,556,6
54479,597,6
54480,585,6
54481,569,6
54482,585,6
54483,575,6
54484,422,6
54485,413,6
54486,425,6
54487,417,6
54488,413,6
54489,436,6
54490,415,6
54491,442,6
54492,416,6
54493,407,6
54494,431,6
54495,420,6
54496,406,6
54497,428,6
54498,409,6
54499,401,6
54500,435,6
54501,422,6
54502,417,6
54503,445,6
54504,416,6
54505,416,6
54506,412,6
54507,420,6
54508,427,6
54509,423,6
54510,430,6
54511,406,6
54512,425,6
54513,408,6
54514,420,6
54515,422,6
54516,425,6
54517,429,6
54518,410,6
54519,420,6
54520,452,6
54521,424,6
54522,423,6
54523,402,6
54524,305,6
54525,284,6
54526,273,6
54527,308,6
54528,308,6
54529,283,6
54530,286,6
54531,293,6
54532,326,6
54533,306,6
54534,309,6
54535,317,6
54536,321,6
54537,304,6
54538,308,6
54539,425,6
54540,401,6
54541,428,6
54542,418,6
54543,390,6
54544,416,6
54545,419,6
54546,436,6
54547,423,6
54548,416,6
54549,409,6
54550,422,6
54551,427,6
54552,432,6
54553,435,6
54554,408,6
54555,428,6
54556,423,6
54557,422,6
54558,427,6
54559,445,6
54560,421,6
54561,426,6
54562,413,6
54563,412,6
54564,411,6
54565,406,6
54566,417,6
54567,446,6
54568,415,6
54569,421,6
54570,408,6
54571,422,6
54572,412,6
54573,421,6
54574,421,6
54575,424,6
54576,438,6
54577,446,6
54578,446,6
54579,561,6
54580,561,6
54581,560,6
54582,569,6
54583,551,6
54584,547,6
54585,535,6
54586,570,6
54587,562,6
54588,550,6
54589,579,6
54590,551,6
54591,443,6
54592,415,6
54593,427,6
54594,430,6
54595,419,6
54596,410,6
54597,425,6
54598,416,6
54599,406,6
54600,407,6
54601,420,6
54602,414,6
54603,413,6
54604,443,6
54605,451,6
54606,413,6
54607,430,6
54608,418,6
54609,433,6
54610,402,6
54611,417,6
54612,423,6
54613,402,6
54614,428,6
54615,406,6
54616,434,6
54617,416,6
54618,418,6
54619,425,6
54620,421,6
54621,428,6
54622,447,6
54623,439,6
54624,408,6
54625,415,6
54626,421,6
54627,408,6
54628,427,6
54629,442,6
54630,421,6
54631,428,6
54632,413,6
54633,298,6
54634,294,6
54635,294,6
54636,290,6
54637,309,6
54638,304,6
54639,305,6
54640,294,6
54641,296,6
54642,288,6
54643,290,6
54644,292,6
54645,289,6
54646,292,6
54647,317,6
54648,432,6
54649,428,6
54650,413,6
54651,413,6
54652,408,6
54653,441,6
54654,428,6
54655,420,6
54656,426,6
54657,432,6
54658,410,6
54659,429,6
54660,424,6
54661,421,6
54662,427,6
54663,437,6
54664,452,6
54665,434,6
54666,402,6
54667,429,6
54668,424,6
54669,438,6
54670,429,6
54671,427,6
54672,425,6
54673,423,6
54674,426,6
54675,558,6
54676,523,6
54677,519,6
54678,528,6
54679,508,6
54680,510,6
54681,513,6
54682,517,6
54683,566,6
54684,516,6
54685,527,6
54686,520,6
54687,529,6
54688,546,6
54689,545,6
54690,521,6
54691,420,6
54692,433,6
54693,433,6
54694,424,6
54695,433,6
54696,411,6
54697,412,6
54698,419,6
54699,412,6
54700,424,6
54701,424,6
54702,420,6
54703,421,6
54704,424,6
54705,443,6
54706,399,6
54707,433,6
54708,424,6
54709,424,6
54710,420,6
54711,431,6
54712,436,6
54713,402,6
54714,450,6
54715,427,6
54716,426,6
54717,408,6
54718,418,6
54719,441,6
54720,426,6
54721,430,6
54722,419,6
54723,449,6
54724,423,6
54725,439,6
54726,423,6
54727,429,6
54728,429,6
54729,436,6
54730,434,6
54731,277,6
54732,297,6
54733,271,6
54734,269,6
54735,279,6
54736,288,6
54737,271,6
54738,282,6
54739,266,6
54740,280,6
54741,295,6
54742,273,6
54743,268,6
54744,287,6
54745,273,6
54746,312,6
54747,285,6
54748,437,6
54749,409,6
54750,430,6
54751,413,6
54752,423,6
54753,416,6
54754,437,6
54755,429,6
54756,426,6
54757,441,6
54758,425,6
54759,437,6
54760,447,6
54761,427,6
54762,428,6
54763,436,6
54764,442,6
54765,427,6
54766,417,6
54767,435,6
54768,432,6
54769,435,6
54770,433,6
54771,427,6
54772,428,6
54773,433,6
54774,531,6
54775,565,6
54776,554,6
54777,539,6
54778,551,6
54779,565,6
54780,552,6
54781,540,6
54782,534,6
54783,578,6
54784,528,6
54785,553,6
54786,542,6
54787,561,6
54788,534,6
54789,444,6
54790,423,6
54791,422,6
54792,421,6
54793,418,6
54794,421,6
54795,434,6
54796,404,6
54797,416,6
54798,443,6
54799,424,6
54800,416,6
54801,432,6
54802,414,6
54803,432,6
54804,429,6
54805,428,6
54806,449,6
54807,415,6
54808,428,6
54809,423,6
54810,424,6
54811,392,6
54812,415,6
54813,418,6
54814,423,6
54815,406,6
54816,421,6
54817,548,6
54818,547,6
54819,536,6
54820,541,6
54821,554,6
54822,570,6
54823,557,6
54824,558,6
54825,564,6
54826,548,6
54827,545,6
54828,563,6
54829,556,6
54830,566,6
54831,550,6
54832,569,6
54833,547,6
54834,560,6
54835,431,6
54836,413,6
54837,407,6
54838,414,6
54839,422,6
54840,420,6
54841,439,6
54842,413,6
54843,436,6
54844,435,6
54845,421,6
54846,402,6
54847,413,6
54848,433,6
54849,421,6
54850,437,6
54851,423,6
54852,410,6
54853,425,6
54854,446,6
54855,416,6
54856,442,6
54857,455,6
54858,414,6
54859,404,6
54860,412,6
54861,412,6
54862,417,6
54863,426,6
54864,401,6
54865,422,6
54866,430,6
54867,296,6
54868,303,6
54869,301,6
54870,313,6
54871,285,6
54872,324,6
54873,285,6
54874,283,6
54875,294,6
54876,297,6
54877,299,6
54878,311,6
54879,321,6
54880,299,6
54881,317,6
54882,309,6
54883,272,6
54884,303,6
54885,269,6
54886,438,6
54887,432,6
54888,436,6
54889,408,6
54890,432,6
54891,428,6
54892,417,6
54893,428,6
54894,415,6
54895,418,6
54896,436,6
54897,423,6
54898,428,6
54899,425,6
54900,434,6
54901,413,6
54902,422,6
54903,406,6
54904,424,6
54905,415,6
54906,439,6
54907,449,6
54908,404,6
54909,410,6
54910,569,6
54911,549,6
54912,557,6
54913,576,6
54914,576,6
54915,542,6
54916,581,6
54917,566,6
54918,570,6
54919,550,6
54920,549,6
54921,537,6
54922,543,6
54923,566,6
54924,563,6
54925,567,6
54926,428,6
54927,425,6
54928,417,6
54929,422,6
54930,436,6
54931,435,6
54932,428,6
54933,414,6
54934,419,6
54935,409,6
54936,421,6
54937,405,6
54938,421,6
54939,417,6
54940,425,6
54941,416,6
54942,434,6
54943,405,6
54944,406,6
54945,422,6
54946,428,6
54947,420,6
54948,421,6
54949,426,6
54950,431,6
54951,420,6
54952,427,6
54953,437,6
54954,409,6
54955,440,6
54956,439,6
54957,415,6
54958,431,6
54959,407,6
54960,429,6
54961,441,6
54962,412,6
54963,416,6
54964,429,6
54965,421,6
54966,427,6
54967,454,6
54968,420,6
54969,406,6
54970,417,6
54971,427,6
54972,410,6
54973,417,6
54974,439,6
54975,445,6
54976,420,6
54977,421,6
54978,410,6
54979,428,6
54980,454,6
54981,421,6
54982,421,6
54983,431,6
54984,271,6
54985,272,6
54986,293,6
54987,261,6
54988,264,6
54989,285,6
54990,275,6
54991,264,6
54992,280,6
54993,273,6
54994,279,6
54995,273,6
54996,259,6
54997,290,6
54998,445,6
54999,414,6
55000,418,6
55001,399,6
55002,431,6
55003,438,6
55004,431,6
55005,401,6
55006,424,6
55007,414,6
55008,443,6
55009,420,6
55010,429,6
55011,428,6
55012,435,6
55013,443,6
55014,424,6
55015,411,6
55016,444,6
55017,419,6
55018,433,6
55019,420,6
55020,424,6
55021,407,6
55022,423,6
55023,431,6
55024,414,6
55025,440,6
55026,443,6
55027,274,6
55028,278,6
55029,278,6
55030,268,6
55031,265,6
55032,264,6
55033,259,6
55034,266,6
55035,285,6
55036,267,6
55037,280,6
55038,279,6
55039,426,6
55040,428,6
55041,411,6
55042,426,6
55043,418,6
55044,440,6
55045,430,6
55046,435,6
55047,423,6
55048,416,6
55049,422,6
55050,406,6
55051,414,6
55052,408,6
55053,422,6
55054,435,6
55055,422,6
55056,412,6
55057,432,6
55058,404,6
55059,411,6
55060,428,6
55061,438,6
55062,599,6
55063,579,6
55064,602,6
55065,624,6
55066,613,6
55067,594,6
55068,597,6
55069,608,6
55070,607,6
55071,581,6
55072,602,6
55073,617,6
55074,599,6
55075,597,6
55076,622,6
55077,601,6
55078,610,6
55079,435,6
55080,428,6
55081,415,6
55082,404,6
55083,416,6
55084,419,6
55085,438,6
55086,432,6
55087,414,6
55088,420,6
55089,416,6
55090,412,6
55091,423,6
55092,436,6
55093,409,6
55094,439,6
55095,427,6
55096,427,6
55097,422,6
55098,426,6
55099,424,6
55100,452,6
55101,422,6
55102,435,6
55103,435,6
55104,413,6
55105,417,6
55106,430,6
55107,406,6
55108,424,6
55109,396,6
55110,425,6
55111,625,6
55112,608,6
55113,591,6
55114,602,6
55115,616,6
55116,611,6
55117,614,6
55118,606,6
55119,599,6
55120,610,6
55121,609,6
55122,621,6
55123,603,6
55124,609,6
55125,607,6
55126,636,6
55127,599,6
55128,420,6
55129,414,6
55130,441,6
55131,442,6
55132,422,6
55133,439,6
55134,429,6
55135,433,6
55136,413,6
55137,427,6
55138,447,6
55139,443,6
55140,435,6
55141,436,6
55142,454,6
55143,434,6
55144,417,6
55145,440,6
55146,424,6
55147,431,6
55148,426,6
55149,416,6
55150,429,6
55151,437,6
55152,434,6
55153,431,6
55154,423,6
55155,405,6
55156,424,6
55157,432,6
55158,399,6
55159,424,6
55160,424,6
55161,414,6
55162,434,6
55163,436,6
55164,447,6
55165,425,6
55166,440,6
55167,415,6
55168,421,6
55169,433,6
55170,417,6
55171,423,6
55172,435,6
55173,425,6
55174,414,6
55175,418,6
55176,422,6
55177,432,6
55178,232,6
55179,206,6
55180,245,6
55181,244,6
55182,223,6
55183,222,6
55184,252,6
55185,233,6
55186,245,6
55187,227,6
55188,244,6
55189,225,6
55190,241,6
55191,240,6
55192,211,6
55193,237,6
55194,227,6
55195,249,6
55196,239,6
55197,422,6
55198,443,6
55199,402,6
55200,401,6
55201,434,6
55202,430,6
55203,427,6
55204,421,6
55205,430,6
55206,427,6
55207,423,6
55208,434,6
55209,424,6
55210,432,6
55211,436,6
55212,412,6
55213,432,6
55214,394,6
55215,434,6
55216,436,6
55217,435,6
55218,437,6
55219,439,6
55220,424,6
55221,433,6
55222,436,6
55223,417,6
55224,409,6
55225,431,6
55226,434,6
55227,439,6
55228,425,6
55229,624,6
55230,624,6
55231,616,6
55232,632,6
55233,630,6
55234,622,6
55235,624,6
55236,621,6
55237,646,6
55238,630,6
55239,606,6
55240,623,6
55241,618,6
55242,624,6
55243,616,6
55244,634,6
55245,424,6
55246,426,6
55247,428,6
55248,426,6
55249,409,6
55250,414,6
55251,415,6
55252,428,6
55253,418,6
55254,416,6
55255,422,6
55256,432,6
55257,422,6
55258,426,6
55259,423,6
55260,456,6
55261,425,6
55262,184,6
55263,160,6
55264,188,6
55265,209,6
55266,172,6
55267,180,6
55268,216,6
55269,172,6
55270,199,6
55271,186,6
55272,175,6
55273,196,6
55274,162,6
55275,200,6
55276,180,6
55277,410,6
55278,441,6
55279,422,6
55280,435,6
55281,445,6
55282,413,6
55283,395,6
55284,432,6
55285,422,6
55286,431,6
55287,446,6
55288,402,6
55289,418,6
55290,428,6
55291,426,6
55292,420,6
55293,440,6
55294,391,6
55295,406,6
55296,433,6
55297,419,6
55298,435,6
55299,445,6
55300,437,6
55301,415,6
55302,422,6
55303,419,6
55304,438,6
55305,443,6
55306,436,6
55307,420,6
55308,429,6
55309,414,6
55310,428,6
55311,404,6
55312,428,6
55313,424,6
55314,430,6
55315,425,6
55316,435,6
55317,416,6
55318,434,6
55319,259,6
55320,267,6
55321,268,6
55322,242,6
55323,260,6
55324,240,6
55325,268,6
55326,244,6
55327,249,6
55328,256,6
55329,263,6
55330,258,6
55331,263,6
55332,254,6
55333,257,6
55334,233,6
55335,266,6
55336,250,6
55337,420,6
55338,448,6
55339,392,6
55340,426,6
55341,398,6
55342,429,6
55343,417,6
55344,390,6
55345,438,6
55346,410,6
55347,436,6
55348,413,6
55349,419,6
55350,398,6
55351,430,6
55352,418,6
55353,421,6
55354,424,6
55355,405,6
55356,433,6
55357,418,6
55358,453,6
55359,419,6
55360,420,6
55361,409,6
55362,406,6
55363,436,6
55364,438,6
55365,418,6
55366,426,6
55367,440,6
55368,428,6
55369,431,6
55370,426,6
55371,417,6
55372,430,6
55373,447,6
55374,419,6
55375,435,6
55376,427,6
55377,418,6
55378,436,6
55379,434,6
55380,432,6
55381,600,6
55382,601,6
55383,580,6
55384,578,6
55385,562,6
55386,598,6
55387,579,6
55388,572,6
55389,568,6
55390,568,6
55391,601,6
55392,590,6
55393,562,6
55394,562,6
55395,426,6
55396,413,6
55397,422,6
55398,444,6
55399,438,6
55400,440,6
55401,439,6
55402,418,6
55403,427,6
55404,416,6
55405,415,6
55406,433,6
55407,408,6
55408,428,6
55409,417,6
55410,399,6
55411,422,6
55412,437,6
55413,428,6
55414,411,6
55415,427,6
55416,404,6
55417,451,6
55418,427,6
55419,433,6
55420,442,6
55421,427,6
55422,591,6
55423,579,6
55424,564,6
55425,581,6
55426,591,6
55427,591,6
55428,593,6
55429,575,6
55430,581,6
55431,601,6
55432,592,6
55433,573,6
55434,603,6
55435,444,6
55436,414,6
55437,425,6
55438,422,6
55439,411,6
55440,425,6
55441,430,6
55442,428,6
55443,449,6
55444,413,6
55445,411,6
55446,438,6
55447,437,6
55448,399,6
55449,414,6
55450,404,6
55451,437,6
55452,436,6
55453,424,6
55454,438,6
55455,433,6
55456,429,6
55457,419,6
55458,408,6
55459,422,6
55460,425,6
55461,432,6
55462,292,6
55463,289,6
55464,293,6
55465,277,6
55466,283,6
55467,299,6
55468,284,6
55469,286,6
55470,296,6
55471,280,6
55472,284,6
55473,268,6
55474,302,6
55475,304,6
55476,301,6
55477,291,6
55478,275,6
55479,284,6
55480,414,6
55481,415,6
55482,420,6
55483,420,6
55484,438,6
55485,425,6
55486,441,6
55487,416,6
55488,429,6
55489,422,6
55490,431,6
55491,435,6
55492,439,6
55493,421,6
55494,425,6
55495,436,6
55496,448,6
55497,426,6
55498,423,6
55499,424,6
55500,414,6
55501,435,6
55502,403,6
55503,428,6
55504,416,6
55505,444,6
55506,406,6
55507,422,6
55508,415,6
55509,418,6
55510,411,6
55511,427,6
55512,428,6
55513,404,6
55514,432,6
55515,406,6
55516,425,6
55517,446,6
55518,415,6
55519,421,6
55520,416,6
55521,417,6
55522,429,6
55523,444,6
55524,425,6
55525,439,6
55526,416,6
55527,438,6
55528,445,6
55529,440,6
55530,434,6
55531,433,6
55532,416,6
55533,407,6
55534,279,6
55535,261,6
55536,262,6
55537,253,6
55538,264,6
55539,284,6
55540,282,6
55541,255,6
55542,259,6
55543,249,6
55544,275,6
55545,273,6
55546,274,6
55547,265,6
55548,279,6
55549,267,6
55550,436,6
55551,412,6
55552,435,6
55553,430,6
55554,433,6
55555,421,6
55556,446,6
55557,416,6
55558,452,6
55559,430,6
55560,439,6
55561,442,6
55562,434,6
55563,448,6
55564,436,6
55565,434,6
55566,587,6
55567,585,6
55568,594,6
55569,571,6
55570,579,6
55571,587,6
55572,572,6
55573,592,6
55574,578,6
55575,566,6
55576,574,6
55577,592,6
55578,568,6
55579,569,6
55580,587,6
55581,565,6
55582,588,6
55583,556,6
55584,431,6
55585,424,6
55586,445,6
55587,402,6
55588,417,6
55589,431,6
55590,424,6
55591,419,6
55592,404,6
55593,430,6
55594,452,6
55595,416,6
55596,426,6
55597,429,6
55598,420,6
55599,424,6
55600,419,6
55601,410,6
55602,432,6
55603,449,6
55604,429,6
55605,424,6
55606,419,6
55607,413,6
55608,417,6
55609,423,6
55610,448,6
55611,395,6
55612,454,6
55613,438,6
55614,421,6
55615,431,6
55616,416,6
55617,450,6
55618,408,6
55619,407,6
55620,433,6
55621,427,6
55622,426,6
55623,422,6
55624,416,6
55625,421,6
55626,278,6
55627,279,6
55628,274,6
55629,256,6
55630,249,6
55631,285,6
55632,244,6
55633,261,6
55634,265,6
55635,302,6
55636,264,6
55637,272,6
55638,270,6
55639,441,6
55640,436,6
55641,433,6
55642,429,6
55643,434,6
55644,421,6
55645,391,6
55646,417,6
55647,432,6
55648,417,6
55649,424,6
55650,422,6
55651,421,6
55652,433,6
55653,428,6
55654,425,6
55655,398,6
55656,405,6
55657,432,6
55658,413,6
55659,433,6
55660,418,6
55661,418,6
55662,405,6
55663,423,6
55664,401,6
55665,412,6
55666,419,6
55667,614,6
55668,610,6
55669,606,6
55670,616,6
55671,599,6
55672,610,6
55673,594,6
55674,605,6
55675,597,6
55676,609,6
55677,612,6
55678,614,6
55679,600,6
55680,614,6
55681,609,6
55682,602,6
55683,603,6
55684,615,6
55685,428,6
55686,420,6
55687,442,6
55688,403,6
55689,416,6
55690,414,6
55691,411,6
55692,419,6
55693,444,6
55694,412,6
55695,429,6
55696,428,6
55697,440,6
55698,432,6
55699,435,6
55700,441,6
55701,447,6
55702,414,6
55703,426,6
55704,432,6
55705,415,6
55706,413,6
55707,433,6
55708,422,6
55709,422,6
55710,411,6
55711,413,6
55712,426,6
55713,561,6
55714,567,6
55715,577,6
55716,568,6
55717,558,6
55718,577,6
55719,566,6
55720,582,6
55721,557,6
55722,565,6
55723,562,6
55724,567,6
55725,569,6
55726,566,6
55727,576,6
55728,571,6
55729,595,6
55730,597,6
55731,417,6
55732,419,6
55733,410,6
55734,444,6
55735,420,6
55736,428,6
55737,411,6
55738,426,6
55739,404,6
55740,439,6
55741,447,6
55742,433,6
55743,414,6
55744,432,6
55745,427,6
55746,442,6
55747,435,6
55748,412,6
55749,439,6
55750,424,6
55751,441,6
55752,406,6
55753,431,6
55754,421,6
55755,426,6
55756,417,6
55757,431,6
55758,414,6
55759,406,6
55760,416,6
55761,416,6
55762,421,6
55763,434,6
55764,414,6
55765,434,6
55766,432,6
55767,437,6
55768,421,6
55769,444,6
55770,293,6
55771,307,6
55772,317,6
55773,311,6
55774,295,6
55775,283,6
55776,285,6
55777,285,6
55778,288,6
55779,296,6
55780,304,6
55781,306,6
55782,308,6
55783,307,6
55784,295,6
55785,304,6
55786,293,6
55787,429,6
55788,422,6
55789,425,6
55790,421,6
55791,404,6
55792,422,6
55793,432,6
55794,436,6
55795,431,6
55796,414,6
55797,419,6
55798,406,6
55799,433,6
55800,421,6
55801,416,6
55802,414,6
55803,428,6
55804,411,6
55805,409,6
55806,427,6
55807,441,6
55808,404,6
55809,430,6
55810,619,6
55811,602,6
55812,618,6
55813,636,6
55814,633,6
55815,603,6
55816,625,6
55817,640,6
55818,643,6
55819,623,6
55820,621,6
55821,631,6
55822,633,6
55823,417,6
55824,426,6
55825,422,6
55826,433,6
55827,419,6
55828,412,6
55829,401,6
55830,429,6
55831,413,6
55832,422,6
55833,425,6
55834,418,6
55835,430,6
55836,456,6
55837,446,6
55838,413,6
55839,416,6
55840,414,6
55841,406,6
55842,427,6
55843,431,6
55844,427,6
55845,427,6
55846,402,6
55847,403,6
55848,433,6
55849,424,6
55850,436,6
55851,413,6
55852,421,6
55853,419,6
55854,444,6
55855,444,6
55856,413,6
55857,427,6
55858,435,6
55859,437,6
55860,416,6
55861,430,6
55862,427,6
55863,424,6
55864,394,6
55865,418,6
55866,420,6
55867,433,6
55868,422,6
55869,440,6
55870,407,6
55871,441,6
55872,417,6
55873,418,6
55874,218,6
55875,202,6
55876,223,6
55877,256,6
55878,210,6
55879,216,6
55880,229,6
55881,221,6
55882,234,6
55883,203,6
55884,208,6
55885,225,6
55886,181,6
55887,205,6
55888,199,6
55889,223,6
55890,216,6
55891,204,6
55892,427,6
55893,434,6
55894,408,6
55895,423,6
55896,428,6
55897,432,6
55898,406,6
55899,412,6
55900,438,6
55901,426,6
55902,429,6
55903,422,6
55904,420,6
55905,416,6
55906,415,6
55907,419,6
55908,422,6
55909,437,6
55910,420,6
55911,611,6
55912,611,6
55913,614,6
55914,635,6
55915,610,6
55916,622,6
55917,619,6
55918,616,6
55919,603,6
55920,621,6
55921,592,6
55922,603,6
55923,419,6
55924,422,6
55925,426,6
55926,442,6
55927,433,6
55928,427,6
55929,421,6
55930,421,6
55931,411,6
55932,400,6
55933,410,6
55934,439,6
55935,416,6
55936,419,6
55937,437,6
55938,393,6
55939,418,6
55940,412,6
55941,429,6
55942,432,6
55943,432,6
55944,443,6
55945,432,6
55946,428,6
55947,454,6
55948,399,6
55949,451,6
55950,446,6
55951,423,6
55952,417,6
55953,417,6
55954,422,6
55955,439,6
55956,395,6
55957,449,6
55958,425,6
55959,439,6
55960,410,6
55961,434,6
55962,430,6
55963,432,6
55964,417,6
55965,206,6
55966,196,6
55967,220,6
55968,227,6
55969,214,6
55970,179,6
55971,227,6
55972,212,6
55973,179,6
55974,190,6
55975,198,6
55976,211,6
55977,199,6
55978,200,6
55979,222,6
55980,225,6
55981,222,6
55982,405,6
55983,436,6
55984,419,6
55985,449,6
55986,428,6
55987,440,6
55988,432,6
55989,430,6
55990,421,6
55991,439,6
55992,436,6
55993,421,6
55994,420,6
55995,416,6
55996,435,6
55997,428,6
55998,428,6
55999,421,6
56000,440,6
56001,422,6
56002,441,6
56003,448,6
56004,437,6
56005,432,6
56006,429,6
56007,433,6
56008,430,6
56009,410,6
56010,441,6
56011,426,6
56012,454,6
56013,458,6
56014,422,6
56015,427,6
56016,420,6
56017,596,6
56018,607,6
56019,608,6
56020,592,6
56021,594,6
56022,572,6
56023,593,6
56024,617,6
56025,625,6
56026,584,6
56027,591,6
56028,622,6
56029,597,6
56030,602,6
56031,599,6
56032,618,6
56033,627,6
56034,426,6
56035,420,6
56036,422,6
56037,436,6
56038,431,6
56039,422,6
56040,424,6
56041,416,6
56042,417,6
56043,408,6
56044,439,6
56045,398,6
56046,428,6
56047,425,6
56048,424,6
56049,418,6
56050,421,6
56051,446,6
56052,426,6
56053,427,6
56054,427,6
56055,417,6
56056,418,6
56057,431,6
56058,415,6
56059,424,6
56060,439,6
56061,417,6
56062,424,6
56063,422,6
56064,431,6
56065,427,6
56066,417,6
56067,419,6
56068,417,6
56069,416,6
56070,404,6
56071,427,6
56072,417,6
56073,431,6
56074,426,6
56075,420,6
56076,419,6
56077,409,6
56078,271,6
56079,268,6
56080,262,6
56081,245,6
56082,267,6
56083,268,6
56084,282,6
56085,270,6
56086,283,6
56087,262,6
56088,266,6
56089,257,6
56090,266,6
56091,279,6
56092,279,6
56093,272,6
56094,253,6
56095,252,6
56096,422,6
56097,417,6
56098,433,6
56099,431,6
56100,413,6
56101,434,6
56102,410,6
56103,430,6
56104,419,6
56105,420,6
56106,423,6
56107,431,6
56108,444,6
56109,426,6
56110,566,6
56111,558,6
56112,589,6
56113,577,6
56114,572,6
56115,576,6
56116,584,6
56117,570,6
56118,567,6
56119,559,6
56120,562,6
56121,571,6
56122,588,6
56123,419,6
56124,428,6
56125,438,6
56126,430,6
56127,449,6
56128,426,6
56129,423,6
56130,420,6
56131,449,6
56132,440,6
56133,407,6
56134,450,6
56135,431,6
56136,427,6
56137,431,6
56138,413,6
56139,427,6
56140,421,6
56141,421,6
56142,437,6
56143,422,6
56144,426,6
56145,429,6
56146,436,6
56147,440,6
56148,425,6
56149,420,6
56150,448,6
56151,394,6
56152,435,6
56153,423,6
56154,432,6
56155,425,6
56156,440,6
56157,430,6
56158,408,6
56159,407,6
56160,422,6
56161,432,6
56162,441,6
56163,417,6
56164,398,6
56165,430,6
56166,426,6
56167,427,6
56168,412,6
56169,439,6
56170,415,6
56171,429,6
56172,428,6
56173,432,6
56174,416,6
56175,414,6
56176,435,6
56177,432,6
56178,429,6
56179,439,6
56180,429,6
56181,421,6
56182,255,6
56183,254,6
56184,254,6
56185,238,6
56186,237,6
56187,259,6
56188,247,6
56189,225,6
56190,232,6
56191,233,6
56192,261,6
56193,248,6
56194,249,6
56195,244,6
56196,236,6
56197,258,6
56198,256,6
56199,417,6
56200,438,6
56201,412,6
56202,440,6
56203,414,6
56204,457,6
56205,402,6
56206,417,6
56207,430,6
56208,434,6
56209,419,6
56210,440,6
56211,412,6
56212,412,6
56213,409,6
56214,428,6
56215,423,6
56216,410,6
56217,427,6
56218,411,6
56219,428,6
56220,436,6
56221,412,6
56222,238,6
56223,261,6
56224,237,6
56225,236,6
56226,271,6
56227,255,6
56228,238,6
56229,250,6
56230,214,6
56231,234,6
56232,239,6
56233,236,6
56234,233,6
56235,249,6
56236,239,6
56237,241,6
56238,238,6
56239,237,6
56240,433,6
56241,433,6
56242,434,6
56243,425,6
56244,425,6
56245,421,6
56246,435,6
56247,416,6
56248,426,6
56249,424,6
56250,413,6
56251,422,6
56252,422,6
56253,436,6
56254,428,6
56255,434,6
56256,407,6
56257,414,6
56258,440,6
56259,415,6
56260,427,6
56261,632,6
56262,649,6
56263,635,6
56264,638,6
56265,630,6
56266,634,6
56267,650,6
56268,639,6
56269,627,6
56270,648,6
56271,630,6
56272,642,6
56273,635,6
56274,652,6
56275,442,6
56276,426,6
56277,391,6
56278,422,6
56279,419,6
56280,424,6
56281,435,6
56282,418,6
56283,424,6
56284,429,6
56285,431,6
56286,429,6
56287,415,6
56288,437,6
56289,427,6
56290,403,6
56291,412,6
56292,423,6
56293,430,6
56294,435,6
56295,445,6
56296,424,6
56297,426,6
56298,410,6
56299,427,6
56300,412,6
56301,418,6
56302,430,6
56303,424,6
56304,430,6
56305,410,6
56306,428,6
56307,450,6
56308,415,6
56309,429,6
56310,420,6
56311,436,6
56312,427,6
56313,420,6
56314,416,6
56315,431,6
56316,420,6
56317,624,6
56318,597,6
56319,601,6
56320,573,6
56321,597,6
56322,575,6
56323,592,6
56324,606,6
56325,615,6
56326,609,6
56327,597,6
56328,610,6
56329,616,6
56330,583,6
56331,438,6
56332,416,6
56333,423,6
56334,430,6
56335,439,6
56336,422,6
56337,412,6
56338,404,6
56339,421,6
56340,442,6
56341,419,6
56342,438,6
56343,416,6
56344,426,6
56345,428,6
56346,434,6
56347,412,6
56348,421,6
56349,438,6
56350,408,6
56351,433,6
56352,410,6
56353,423,6
56354,426,6
56355,417,6
56356,434,6
56357,427,6
56358,432,6
56359,417,6
56360,441,6
56361,434,6
56362,423,6
56363,411,6
56364,441,6
56365,413,6
56366,430,6
56367,426,6
56368,424,6
56369,411,6
56370,413,6
56371,442,6
56372,428,6
56373,437,6
56374,398,6
56375,419,6
56376,435,6
56377,417,6
56378,403,6
56379,433,6
56380,402,6
56381,430,6
56382,428,6
56383,236,6
56384,240,6
56385,239,6
56386,249,6
56387,245,6
56388,252,6
56389,264,6
56390,230,6
56391,238,6
56392,229,6
56393,254,6
56394,237,6
56395,237,6
56396,239,6
56397,230,6
56398,211,6
56399,243,6
56400,432,6
56401,429,6
56402,433,6
56403,455,6
56404,435,6
56405,436,6
56406,459,6
56407,431,6
56408,420,6
56409,421,6
56410,438,6
56411,410,6
56412,402,6
56413,415,6
56414,435,6
56415,432,6
56416,423,6
56417,438,6
56418,432,6
56419,429,6
56420,425,6
56421,436,6
56422,434,6
56423,422,6
56424,611,6
56425,593,6
56426,604,6
56427,606,6
56428,597,6
56429,603,6
56430,609,6
56431,588,6
56432,603,6
56433,628,6
56434,591,6
56435,614,6
56436,600,6
56437,615,6
56438,593,6
56439,601,6
56440,452,6
56441,423,6
56442,433,6
56443,432,6
56444,401,6
56445,430,6
56446,410,6
56447,433,6
56448,426,6
56449,412,6
56450,411,6
56451,424,6
56452,455,6
56453,444,6
56454,429,6
56455,431,6
56456,432,6
56457,419,6
56458,417,6
56459,435,6
56460,418,6
56461,442,6
56462,409,6
56463,261,6
56464,289,6
56465,268,6
56466,270,6
56467,279,6
56468,286,6
56469,279,6
56470,275,6
56471,281,6
56472,277,6
56473,285,6
56474,306,6
56475,278,6
56476,261,6
56477,284,6
56478,270,6
56479,276,6
56480,429,6
56481,418,6
56482,421,6
56483,397,6
56484,424,6
56485,432,6
56486,425,6
56487,419,6
56488,430,6
56489,414,6
56490,412,6
56491,431,6
56492,432,6
56493,431,6
56494,421,6
56495,438,6
56496,412,6
56497,421,6
56498,434,6
56499,435,6
56500,422,6
56501,437,6
56502,415,6
56503,427,6
56504,427,6
56505,428,6
56506,395,6
56507,443,6
56508,414,6
56509,442,6
56510,414,6
56511,430,6
56512,420,6
56513,415,6
56514,457,6
56515,422,6
56516,408,6
56517,442,6
56518,435,6
56519,444,6
56520,409,6
56521,414,6
56522,429,6
56523,421,6
56524,418,6
56525,433,6
56526,410,6
56527,562,6
56528,580,6
56529,565,6
56530,571,6
56531,579,6
56532,568,6
56533,566,6
56534,592,6
56535,574,6
56536,584,6
56537,569,6
56538,574,6
56539,579,6
56540,576,6
56541,579,6
56542,602,6
56543,436,6
56544,432,6
56545,438,6
56546,420,6
56547,445,6
56548,407,6
56549,431,6
56550,441,6
56551,408,6
56552,426,6
56553,419,6
56554,409,6
56555,428,6
56556,421,6
56557,438,6
56558,424,6
56559,412,6
56560,423,6
56561,419,6
56562,443,6
56563,429,6
56564,425,6
56565,449,6
56566,429,6
56567,420,6
56568,421,6
56569,431,6
56570,416,6
56571,462,6
56572,429,6
56573,427,6
56574,403,6
56575,398,6
56576,417,6
56577,419,6
56578,416,6
56579,423,6
56580,401,6
56581,432,6
56582,267,6
56583,273,6
56584,271,6
56585,258,6
56586,272,6
56587,284,6
56588,258,6
56589,279,6
56590,283,6
56591,269,6
56592,265,6
56593,264,6
56594,269,6
56595,295,6
56596,260,6
56597,274,6
56598,429,6
56599,438,6
56600,427,6
56601,424,6
56602,419,6
56603,434,6
56604,413,6
56605,418,6
56606,441,6
56607,437,6
56608,443,6
56609,417,6
56610,410,6
56611,443,6
56612,434,6
56613,437,6
56614,434,6
56615,447,6
56616,434,6
56617,428,6
56618,429,6
56619,428,6
56620,314,6
56621,310,6
56622,314,6
56623,271,6
56624,292,6
56625,284,6
56626,318,6
56627,286,6
56628,302,6
56629,319,6
56630,299,6
56631,291,6
56632,298,6
56633,279,6
56634,277,6
56635,432,6
56636,396,6
56637,424,6
56638,424,6
56639,449,6
56640,432,6
56641,422,6
56642,437,6
56643,427,6
56644,412,6
56645,429,6
56646,427,6
56647,426,6
56648,431,6
56649,438,6
56650,430,6
56651,410,6
56652,407,6
56653,421,6
56654,420,6
56655,429,6
56656,441,6
56657,444,6
56658,417,6
56659,404,6
56660,426,6
56661,438,6
56662,558,6
56663,564,6
56664,561,6
56665,582,6
56666,590,6
56667,571,6
56668,571,6
56669,546,6
56670,558,6
56671,573,6
56672,568,6
56673,569,6
56674,542,6
56675,537,6
56676,586,6
56677,561,6
56678,543,6
56679,561,6
56680,408,6
56681,411,6
56682,416,6
56683,408,6
56684,384,6
56685,434,6
56686,418,6
56687,436,6
56688,425,6
56689,403,6
56690,425,6
56691,442,6
56692,424,6
56693,416,6
56694,408,6
56695,418,6
56696,411,6
56697,419,6
56698,399,6
56699,410,6
56700,449,6
56701,432,6
56702,434,6
56703,409,6
56704,421,6
56705,422,6
56706,424,6
56707,440,6
56708,433,6
56709,423,6
56710,437,6
56711,439,6
56712,418,6
56713,418,6
56714,451,6
56715,422,6
56716,417,6
56717,423,6
56718,609,6
56719,605,6
56720,595,6
56721,603,6
56722,599,6
56723,594,6
56724,593,6
56725,598,6
56726,591,6
56727,597,6
56728,596,6
56729,579,6
56730,590,6
56731,593,6
56732,447,6
56733,423,6
56734,428,6
56735,451,6
56736,406,6
56737,407,6
56738,416,6
56739,421,6
56740,422,6
56741,419,6
56742,410,6
56743,437,6
56744,420,6
56745,439,6
56746,413,6
56747,449,6
56748,405,6
56749,425,6
56750,413,6
56751,425,6
56752,413,6
56753,399,6
56754,416,6
56755,444,6
56756,413,6
56757,431,6
56758,425,6
56759,420,6
56760,450,6
56761,421,6
56762,427,6
56763,426,6
56764,444,6
56765,407,6
56766,452,6
56767,443,6
56768,430,6
56769,432,6
56770,422,6
56771,427,6
56772,255,6
56773,239,6
56774,268,6
56775,252,6
56776,251,6
56777,239,6
56778,264,6
56779,249,6
56780,243,6
56781,237,6
56782,248,6
56783,236,6
56784,254,6
56785,259,6
56786,420,6
56787,428,6
56788,440,6
56789,423,6
56790,424,6
56791,425,6
56792,420,6
56793,421,6
56794,416,6
56795,430,6
56796,424,6
56797,432,6
56798,437,6
56799,412,6
56800,428,6
56801,428,6
56802,417,6
56803,436,6
56804,415,6
56805,435,6
56806,436,6
56807,418,6
56808,405,6
56809,434,6
56810,434,6
56811,430,6
56812,407,6
56813,429,6
56814,446,6
56815,445,6
56816,440,6
56817,432,6
56818,431,6
56819,419,6
56820,445,6
56821,427,6
56822,439,6
56823,422,6
56824,432,6
56825,242,6
56826,225,6
56827,234,6
56828,238,6
56829,261,6
56830,230,6
56831,231,6
56832,234,6
56833,258,6
56834,241,6
56835,242,6
56836,253,6
56837,445,6
56838,449,6
56839,444,6
56840,423,6
56841,420,6
56842,423,6
56843,404,6
56844,408,6
56845,432,6
56846,407,6
56847,412,6
56848,427,6
56849,412,6
56850,418,6
56851,418,6
56852,396,6
56853,424,6
56854,421,6
56855,422,6
56856,408,6
56857,415,6
56858,420,6
56859,412,6
56860,419,6
56861,455,6
56862,429,6
56863,420,6
56864,575,6
56865,590,6
56866,568,6
56867,579,6
56868,592,6
56869,575,6
56870,573,6
56871,594,6
56872,588,6
56873,582,6
56874,575,6
56875,562,6
56876,600,6
56877,589,6
56878,575,6
56879,590,6
56880,588,6
56881,569,6
56882,422,6
56883,434,6
56884,414,6
56885,433,6
56886,422,6
56887,416,6
56888,414,6
56889,422,6
56890,429,6
56891,418,6
56892,421,6
56893,427,6
56894,460,6
56895,429,6
56896,430,6
56897,425,6
56898,450,6
56899,401,6
56900,431,6
56901,420,6
56902,419,6
56903,431,6
56904,434,6
56905,410,6
56906,454,6
56907,430,6
56908,435,6
56909,431,6
56910,412,6
56911,420,6
56912,416,6
56913,405,6
56914,410,6
56915,446,6
56916,422,6
56917,435,6
56918,418,6
56919,416,6
56920,443,6
56921,423,6
56922,422,6
56923,428,6
56924,433,6
56925,419,6
56926,399,6
56927,439,6
56928,430,6
56929,414,6
56930,423,6
56931,441,6
56932,444,6
56933,421,6
56934,443,6
56935,425,6
56936,253,6
56937,255,6
56938,283,6
56939,268,6
56940,250,6
56941,274,6
56942,274,6
56943,257,6
56944,267,6
56945,279,6
56946,248,6
56947,240,6
56948,253,6
56949,404,6
56950,410,6
56951,439,6
56952,415,6
56953,424,6
56954,434,6
56955,439,6
56956,429,6
56957,399,6
56958,424,6
56959,434,6
56960,427,6
56961,432,6
56962,417,6
56963,426,6
56964,607,6
56965,616,6
56966,592,6
56967,591,6
56968,618,6
56969,595,6
56970,602,6
56971,602,6
56972,599,6
56973,622,6
56974,596,6
56975,609,6
56976,594,6
56977,622,6
56978,589,6
56979,607,6
56980,571,6
56981,421,6
56982,432,6
56983,408,6
56984,421,6
56985,463,6
56986,412,6
56987,428,6
56988,407,6
56989,412,6
56990,430,6
56991,422,6
56992,415,6
56993,419,6
56994,438,6
56995,422,6
56996,432,6
56997,404,6
56998,418,6
56999,420,6
57000,419,6
57001,417,6
57002,455,6
57003,441,6
57004,438,6
57005,417,6
57006,413,6
57007,401,6
57008,429,6
57009,433,6
57010,414,6
57011,430,6
57012,404,6
57013,462,6
57014,413,6
57015,414,6
57016,416,6
57017,437,6
57018,434,6
57019,427,6
57020,455,6
57021,429,6
57022,430,6
57023,433,6
57024,419,6
57025,405,6
57026,421,6
57027,404,6
57028,436,6
57029,429,6
57030,414,6
57031,420,6
57032,304,6
57033,305,6
57034,301,6
57035,279,6
57036,277,6
57037,293,6
57038,306,6
57039,293,6
57040,310,6
57041,318,6
57042,290,6
57043,279,6
57044,437,6
57045,458,6
57046,425,6
57047,417,6
57048,441,6
57049,431,6
57050,427,6
57051,423,6
57052,425,6
57053,414,6
57054,452,6
57055,417,6
57056,387,6
57057,424,6
57058,431,6
57059,445,6
57060,420,6
57061,409,6
57062,440,6
57063,416,6
57064,432,6
57065,412,6
57066,414,6
57067,420,6
57068,527,6
57069,522,6
57070,535,6
57071,543,6
57072,572,6
57073,545,6
57074,543,6
57075,544,6
57076,547,6
57077,542,6
57078,555,6
57079,546,6
57080,423,6
57081,414,6
57082,431,6
57083,439,6
57084,434,6
57085,419,6
57086,425,6
57087,446,6
57088,437,6
57089,432,6
57090,417,6
57091,431,6
57092,446,6
57093,426,6
57094,393,6
57095,448,6
57096,436,6
57097,416,6
57098,423,6
57099,422,6
57100,434,6
57101,445,6
57102,417,6
57103,436,6
57104,415,6
57105,439,6
57106,429,6
57107,424,6
57108,422,6
57109,439,6
57110,233,6
57111,262,6
57112,242,6
57113,258,6
57114,251,6
57115,235,6
57116,245,6
57117,238,6
57118,232,6
57119,253,6
57120,228,6
57121,240,6
57122,254,6
57123,237,6
57124,264,6
57125,450,6
57126,444,6
57127,431,6
57128,423,6
57129,426,6
57130,445,6
57131,410,6
57132,404,6
57133,422,6
57134,428,6
57135,437,6
57136,436,6
57137,443,6
57138,425,6
57139,424,6
57140,427,6
57141,411,6
57142,442,6
57143,421,6
57144,421,6
57145,428,6
57146,415,6
57147,422,6
57148,431,6
57149,442,6
57150,428,6
57151,447,6
57152,422,6
57153,404,6
57154,407,6
57155,431,6
57156,422,6
57157,438,6
57158,427,6
57159,426,6
57160,412,6
57161,397,6
57162,420,6
57163,411,6
57164,406,6
57165,427,6
57166,435,6
57167,430,6
57168,430,6
57169,415,6
57170,410,6
57171,413,6
57172,438,6
57173,423,6
57174,447,6
57175,438,6
57176,447,6
57177,425,6
57178,428,6
57179,409,6
57180,425,6
57181,435,6
57182,600,6
57183,562,6
57184,556,6
57185,582,6
57186,558,6
57187,563,6
57188,592,6
57189,564,6
57190,579,6
57191,586,6
57192,562,6
57193,566,6
57194,567,6
57195,571,6
57196,413,6
57197,420,6
57198,391,6
57199,412,6
57200,439,6
57201,418,6
57202,434,6
57203,425,6
57204,428,6
57205,445,6
57206,419,6
57207,418,6
57208,423,6
57209,411,6
57210,436,6
57211,435,6
57212,425,6
57213,414,6
57214,392,6
57215,415,6
57216,422,6
57217,402,6
57218,455,6
57219,278,6
57220,279,6
57221,271,6
57222,282,6
57223,269,6
57224,271,6
57225,290,6
57226,286,6
57227,273,6
57228,297,6
57229,272,6
57230,267,6
57231,427,6
57232,429,6
57233,411,6
57234,431,6
57235,450,6
57236,436,6
57237,433,6
57238,431,6
57239,413,6
57240,413,6
57241,427,6
57242,420,6
57243,408,6
57244,421,6
57245,430,6
57246,432,6
57247,415,6
57248,424,6
57249,430,6
57250,410,6
57251,416,6
57252,425,6
57253,414,6
57254,421,6
57255,455,6
57256,407,6
57257,442,6
57258,429,6
57259,410,6
57260,433,6
57261,426,6
57262,439,6
57263,433,6
57264,427,6
57265,421,6
57266,439,6
57267,420,6
57268,408,6
57269,402,6
57270,410,6
57271,435,6
57272,421,6
57273,416,6
57274,420,6
57275,435,6
57276,433,6
57277,427,6
57278,418,6
57279,420,6
57280,423,6
57281,414,6
57282,566,6
57283,556,6
57284,571,6
57285,573,6
57286,580,6
57287,570,6
57288,570,6
57289,557,6
57290,566,6
57291,555,6
57292,547,6
57293,564,6
57294,561,6
57295,574,6
57296,555,6
57297,601,6
57298,561,6
57299,566,6
57300,443,6
57301,400,6
57302,416,6
57303,421,6
57304,423,6
57305,437,6
57306,424,6
57307,435,6
57308,439,6
57309,408,6
57310,439,6
57311,423,6
57312,611,6
57313,612,6
57314,616,6
57315,593,6
57316,592,6
57317,605,6
57318,618,6
57319,626,6
57320,602,6
57321,621,6
57322,608,6
57323,615,6
57324,603,6
57325,427,6
57326,414,6
57327,426,6
57328,435,6
57329,420,6
57330,428,6
57331,429,6
57332,438,6
57333,403,6
57334,433,6
57335,412,6
57336,411,6
57337,417,6
57338,414,6
57339,427,6
57340,413,6
57341,432,6
57342,399,6
57343,438,6
57344,406,6
57345,430,6
57346,415,6
57347,420,6
57348,414,6
57349,400,6
57350,419,6
57351,410,6
57352,408,6
57353,420,6
57354,422,6
57355,426,6
57356,431,6
57357,411,6
57358,408,6
57359,434,6
57360,421,6
57361,449,6
57362,400,6
57363,429,6
57364,415,6
57365,416,6
57366,418,6
57367,441,6
57368,405,6
57369,405,6
57370,432,6
57371,445,6
57372,416,6
57373,438,6
57374,435,6
57375,271,6
57376,270,6
57377,263,6
57378,278,6
57379,276,6
57380,261,6
57381,249,6
57382,258,6
57383,255,6
57384,267,6
57385,273,6
57386,272,6
57387,431,6
57388,427,6
57389,425,6
57390,424,6
57391,440,6
57392,419,6
57393,422,6
57394,399,6
57395,418,6
57396,421,6
57397,439,6
57398,409,6
57399,423,6
57400,439,6
57401,444,6
57402,404,6
57403,419,6
57404,411,6
57405,422,6
57406,424,6
57407,404,6
57408,429,6
57409,420,6
57410,434,6
57411,425,6
57412,404,6
57413,432,6
57414,409,6
57415,410,6
57416,421,6
57417,422,6
57418,404,6
57419,423,6
57420,424,6
57421,423,6
57422,405,6
57423,427,6
57424,432,6
57425,409,6
57426,412,6
57427,434,6
57428,444,6
57429,250,6
57430,247,6
57431,255,6
57432,269,6
57433,242,6
57434,247,6
57435,246,6
57436,235,6
57437,263,6
57438,255,6
57439,228,6
57440,252,6
57441,272,6
57442,256,6
57443,272,6
57444,418,6
57445,437,6
57446,441,6
57447,424,6
57448,420,6
57449,438,6
57450,431,6
57451,436,6
57452,430,6
57453,424,6
57454,424,6
57455,421,6
57456,430,6
57457,423,6
57458,428,6
57459,415,6
57460,415,6
57461,432,6
57462,430,6
57463,420,6
57464,442,6
57465,415,6
57466,430,6
57467,430,6
57468,426,6
57469,440,6
57470,445,6
57471,411,6
57472,398,6
57473,419,6
57474,558,6
57475,565,6
57476,592,6
57477,602,6
57478,558,6
57479,573,6
57480,572,6
57481,574,6
57482,553,6
57483,585,6
57484,581,6
57485,564,6
57486,585,6
57487,553,6
57488,550,6
57489,428,6
57490,430,6
57491,423,6
57492,438,6
57493,417,6
57494,439,6
57495,434,6
57496,447,6
57497,404,6
57498,419,6
57499,414,6
57500,448,6
57501,423,6
57502,435,6
57503,433,6
57504,433,6
57505,420,6
57506,428,6
57507,428,6
57508,431,6
57509,427,6
57510,429,6
57511,419,6
57512,417,6
57513,436,6
57514,424,6
57515,418,6
57516,453,6
57517,451,6
57518,411,6
57519,422,6
57520,443,6
57521,415,6
57522,415,6
57523,427,6
57524,433,6
57525,413,6
57526,435,6
57527,444,6
57528,415,6
57529,419,6
57530,433,6
57531,418,6
57532,590,6
57533,614,6
57534,612,6
57535,604,6
57536,627,6
57537,614,6
57538,629,6
57539,591,6
57540,588,6
57541,625,6
57542,598,6
57543,601,6
57544,603,6
57545,638,6
57546,624,6
57547,594,6
57548,612,6
57549,424,6
57550,409,6
57551,421,6
57552,414,6
57553,443,6
57554,423,6
57555,406,6
57556,427,6
57557,430,6
57558,416,6
57559,431,6
57560,426,6
57561,418,6
57562,421,6
57563,424,6
57564,389,6
57565,423,6
57566,436,6
57567,421,6
57568,437,6
57569,409,6
57570,406,6
57571,407,6
57572,427,6
57573,430,6
57574,410,6
57575,427,6
57576,421,6
57577,421,6
57578,418,6
57579,427,6
57580,398,6
57581,217,6
57582,238,6
57583,249,6
57584,244,6
57585,251,6
57586,248,6
57587,212,6
57588,229,6
57589,265,6
57590,235,6
57591,257,6
57592,212,6
57593,227,6
57594,239,6
57595,249,6
57596,224,6
57597,240,6
57598,240,6
57599,434,6
57600,424,6
57601,436,6
57602,428,6
57603,419,6
57604,439,6
57605,418,6
57606,412,6
57607,410,6
57608,420,6
57609,425,6
57610,428,6
57611,422,6
57612,420,6
57613,428,6
57614,437,6
57615,386,6
57616,401,6
57617,436,6
57618,420,6
57619,435,6
57620,408,6
57621,614,6
57622,599,6
57623,619,6
57624,611,6
57625,597,6
57626,622,6
57627,621,6
57628,611,6
57629,608,6
57630,626,6
57631,619,6
57632,615,6
57633,600,6
57634,639,6
57635,614,6
57636,635,6
57637,608,6
57638,610,6
57639,609,6
57640,427,6
57641,425,6
57642,433,6
57643,422,6
57644,429,6
57645,431,6
57646,407,6
57647,412,6
57648,410,6
57649,433,6
57650,438,6
57651,419,6
57652,432,6
57653,419,6
57654,433,6
57655,460,6
57656,444,6
57657,441,6
57658,446,6
57659,431,6
57660,438,6
57661,419,6
57662,434,6
57663,414,6
57664,443,6
57665,414,6
57666,424,6
57667,420,6
57668,426,6
57669,431,6
57670,405,6
57671,425,6
57672,441,6
57673,425,6
57674,434,6
57675,402,6
57676,414,6
57677,445,6
57678,192,6
57679,196,6
57680,199,6
57681,197,6
57682,165,6
57683,210,6
57684,206,6
57685,212,6
57686,205,6
57687,194,6
57688,206,6
57689,194,6
57690,207,6
57691,215,6
57692,213,6
57693,198,6
57694,186,6
57695,205,6
57696,426,6
57697,417,6
57698,438,6
57699,427,6
57700,444,6
57701,443,6
57702,415,6
57703,455,6
57704,433,6
57705,408,6
57706,430,6
57707,428,6
57708,424,6
57709,423,6
57710,433,6
57711,433,6
57712,418,6
57713,419,6
57714,418,6
57715,423,6
57716,436,6
57717,439,6
57718,422,6
57719,438,6
57720,430,6
57721,427,6
57722,447,6
57723,429,6
57724,423,6
57725,435,6
57726,410,6
57727,422,6
57728,428,6
57729,434,6
57730,428,6
57731,410,6
57732,259,6
57733,265,6
57734,273,6
57735,254,6
57736,287,6
57737,274,6
57738,273,6
57739,268,6
57740,253,6
57741,271,6
57742,279,6
57743,268,6
57744,283,6
57745,269,6
57746,278,6
57747,269,6
57748,275,6
57749,280,6
57750,257,6
57751,433,6
57752,438,6
57753,451,6
57754,426,6
57755,400,6
57756,404,6
57757,414,6
57758,440,6
57759,451,6
57760,420,6
57761,426,6
57762,394,6
57763,433,6
57764,427,6
57765,422,6
57766,413,6
57767,421,6
57768,409,6
57769,415,6
57770,410,6
57771,413,6
57772,592,6
57773,613,6
57774,592,6
57775,606,6
57776,593,6
57777,594,6
57778,593,6
57779,618,6
57780,604,6
57781,597,6
57782,594,6
57783,590,6
57784,598,6
57785,589,6
57786,420,6
57787,417,6
57788,416,6
57789,440,6
57790,422,6
57791,423,6
57792,440,6
57793,409,6
57794,419,6
57795,406,6
57796,426,6
57797,432,6
57798,396,6
57799,435,6
57800,429,6
57801,416,6
57802,421,6
57803,406,6
57804,428,6
57805,446,6
57806,424,6
57807,437,6
57808,429,6
57809,434,6
57810,398,6
57811,430,6
57812,435,6
57813,445,6
57814,408,6
57815,445,6
57816,421,6
57817,427,6
57818,436,6
57819,436,6
57820,404,6
57821,426,6
57822,412,6
57823,426,6
57824,418,6
57825,405,6
57826,413,6
57827,432,6
57828,259,6
57829,241,6
57830,247,6
57831,257,6
57832,258,6
57833,262,6
57834,257,6
57835,261,6
57836,254,6
57837,260,6
57838,274,6
57839,273,6
57840,255,6
57841,240,6
57842,441,6
57843,397,6
57844,431,6
57845,431,6
57846,426,6
57847,430,6
57848,409,6
57849,412,6
57850,410,6
57851,411,6
57852,417,6
57853,423,6
57854,437,6
57855,448,6
57856,415,6
57857,424,6
57858,426,6
57859,414,6
57860,419,6
57861,445,6
57862,439,6
57863,441,6
57864,432,6
57865,435,6
57866,429,6
57867,444,6
57868,390,6
57869,412,6
57870,407,6
57871,417,6
57872,426,6
57873,423,6
57874,415,6
57875,427,6
57876,429,6
57877,431,6
57878,434,6
57879,564,6
57880,584,6
57881,571,6
57882,581,6
57883,564,6
57884,592,6
57885,578,6
57886,573,6
57887,557,6
57888,585,6
57889,559,6
57890,598,6
57891,580,6
57892,556,6
57893,574,6
57894,595,6
57895,572,6
57896,567,6
57897,575,6
57898,416,6
57899,441,6
57900,422,6
57901,436,6
57902,399,6
57903,423,6
57904,450,6
57905,424,6
57906,430,6
57907,414,6
57908,420,6
57909,421,6
57910,420,6
57911,416,6
57912,429,6
57913,400,6
57914,448,6
57915,276,6
57916,267,6
57917,274,6
57918,268,6
57919,269,6
57920,278,6
57921,291,6
57922,295,6
57923,286,6
57924,270,6
57925,280,6
57926,268,6
57927,282,6
57928,431,6
57929,438,6
57930,428,6
57931,420,6
57932,428,6
57933,420,6
57934,421,6
57935,435,6
57936,430,6
57937,423,6
57938,422,6
57939,418,6
57940,441,6
57941,438,6
57942,439,6
57943,423,6
57944,429,6
57945,429,6
57946,431,6
57947,412,6
57948,448,6
57949,396,6
57950,411,6
57951,406,6
57952,423,6
57953,428,6
57954,425,6
57955,403,6
57956,433,6
57957,421,6
57958,426,6
57959,453,6
57960,422,6
57961,426,6
57962,415,6
57963,440,6
57964,439,6
57965,429,6
57966,421,6
57967,424,6
57968,450,6
57969,433,6
57970,411,6
57971,429,6
57972,425,6
57973,427,6
57974,423,6
57975,428,6
57976,425,6
57977,421,6
57978,429,6
57979,426,6
57980,444,6
57981,558,6
57982,545,6
57983,569,6
57984,571,6
57985,539,6
57986,562,6
57987,557,6
57988,566,6
57989,566,6
57990,565,6
57991,570,6
57992,566,6
57993,443,6
57994,424,6
57995,424,6
57996,419,6
57997,419,6
57998,424,6
57999,437,6
58000,435,6
58001,400,6
58002,423,6
58003,396,6
58004,449,6
58005,419,6
58006,421,6
58007,416,6
58008,421,6
58009,418,6
58010,439,6
58011,423,6
58012,418,6
58013,430,6
58014,537,6
58015,553,6
58016,558,6
58017,547,6
58018,567,6
58019,560,6
58020,567,6
58021,567,6
58022,578,6
58023,549,6
58024,572,6
58025,554,6
58026,562,6
58027,566,6
58028,573,6
58029,561,6
58030,572,6
58031,442,6
58032,421,6
58033,422,6
58034,415,6
58035,419,6
58036,428,6
58037,423,6
58038,423,6
58039,429,6
58040,422,6
58041,408,6
58042,415,6
58043,430,6
58044,429,6
58045,415,6
58046,417,6
58047,417,6
58048,421,6
58049,436,6
58050,444,6
58051,428,6
58052,443,6
58053,421,6
58054,429,6
58055,422,6
58056,433,6
58057,435,6
58058,418,6
58059,438,6
58060,419,6
58061,412,6
58062,438,6
58063,429,6
58064,427,6
58065,429,6
58066,421,6
58067,432,6
58068,410,6
58069,448,6
58070,414,6
58071,412,6
58072,433,6
58073,414,6
58074,436,6
58075,434,6
58076,411,6
58077,424,6
58078,443,6
58079,419,6
58080,292,6
58081,300,6
58082,307,6
58083,296,6
58084,292,6
58085,310,6
58086,324,6
58087,301,6
58088,294,6
58089,298,6
58090,283,6
58091,301,6
58092,308,6
58093,294,6
58094,282,6
58095,312,6
58096,283,6
58097,299,6
58098,320,6
58099,429,6
58100,427,6
58101,404,6
58102,428,6
58103,410,6
58104,420,6
58105,427,6
58106,414,6
58107,431,6
58108,438,6
58109,414,6
58110,426,6
58111,410,6
58112,411,6
58113,429,6
58114,434,6
58115,407,6
58116,450,6
58117,419,6
58118,427,6
58119,419,6
58120,422,6
58121,443,6
58122,443,6
58123,405,6
58124,607,6
58125,649,6
58126,609,6
58127,619,6
58128,627,6
58129,624,6
58130,580,6
58131,618,6
58132,635,6
58133,614,6
58134,601,6
58135,601,6
58136,611,6
58137,433,6
58138,460,6
58139,422,6
58140,432,6
58141,406,6
58142,405,6
58143,419,6
58144,430,6
58145,424,6
58146,426,6
58147,422,6
58148,425,6
58149,421,6
58150,409,6
58151,407,6
58152,441,6
58153,415,6
58154,422,6
58155,439,6
58156,422,6
58157,436,6
58158,414,6
58159,444,6
58160,428,6
58161,425,6
58162,423,6
58163,434,6
58164,259,6
58165,218,6
58166,251,6
58167,261,6
58168,245,6
58169,251,6
58170,252,6
58171,276,6
58172,264,6
58173,261,6
58174,243,6
58175,248,6
58176,267,6
58177,265,6
58178,240,6
58179,442,6
58180,415,6
58181,429,6
58182,458,6
58183,420,6
58184,427,6
58185,418,6
58186,427,6
58187,442,6
58188,423,6
58189,421,6
58190,438,6
58191,410,6
58192,426,6
58193,416,6
58194,422,6
58195,414,6
58196,408,6
58197,398,6
58198,420,6
58199,428,6
58200,425,6
58201,437,6
58202,421,6
58203,424,6
58204,422,6
58205,441,6
58206,429,6
58207,426,6
58208,399,6
58209,429,6
58210,433,6
58211,436,6
58212,257,6
58213,267,6
58214,264,6
58215,235,6
58216,272,6
58217,257,6
58218,262,6
58219,252,6
58220,267,6
58221,263,6
58222,239,6
58223,251,6
58224,276,6
58225,269,6
58226,255,6
58227,421,6
58228,414,6
58229,415,6
58230,427,6
58231,445,6
58232,421,6
58233,425,6
58234,416,6
58235,424,6
58236,429,6
58237,448,6
58238,439,6
58239,439,6
58240,420,6
58241,414,6
58242,425,6
58243,418,6
58244,420,6
58245,428,6
58246,433,6
58247,439,6
58248,431,6
58249,427,6
58250,415,6
58251,440,6
58252,434,6
58253,420,6
58254,435,6
58255,426,6
58256,439,6
58257,422,6
58258,423,6
58259,406,6
58260,419,6
58261,445,6
58262,457,6
58263,430,6
58264,419,6
58265,422,6
58266,424,6
58267,421,6
58268,434,6
58269,409,6
58270,425,6
58271,447,6
58272,438,6
58273,450,6
58274,423,6
58275,417,6
58276,429,6
58277,416,6
58278,419,6
58279,422,6
58280,440,6
58281,436,6
58282,431,6
58283,426,6
58284,638,6
58285,622,6
58286,605,6
58287,619,6
58288,605,6
58289,610,6
58290,633,6
58291,620,6
58292,618,6
58293,620,6
58294,616,6
58295,591,6
58296,434,6
58297,433,6
58298,427,6
58299,417,6
58300,431,6
58301,446,6
58302,427,6
58303,421,6
58304,420,6
58305,431,6
58306,439,6
58307,431,6
58308,403,6
58309,446,6
58310,435,6
58311,423,6
58312,419,6
58313,420,6
58314,435,6
58315,401,6
58316,431,6
58317,428,6
58318,428,6
58319,411,6
58320,405,6
58321,452,6
58322,427,6
58323,448,6
58324,436,6
58325,426,6
58326,428,6
58327,438,6
58328,439,6
58329,431,6
58330,438,6
58331,439,6
58332,572,6
58333,560,6
58334,574,6
58335,559,6
58336,563,6
58337,572,6
58338,567,6
58339,583,6
58340,560,6
58341,542,6
58342,583,6
58343,568,6
58344,569,6
58345,416,6
58346,402,6
58347,415,6
58348,432,6
58349,423,6
58350,421,6
58351,405,6
58352,447,6
58353,424,6
58354,453,6
58355,429,6
58356,444,6
58357,416,6
58358,407,6
58359,423,6
58360,432,6
58361,433,6
58362,430,6
58363,453,6
58364,430,6
58365,282,6
58366,283,6
58367,276,6
58368,289,6
58369,298,6
58370,302,6
58371,282,6
58372,285,6
58373,278,6
58374,297,6
58375,271,6
58376,277,6
58377,236,6
58378,271,6
58379,278,6
58380,279,6
58381,409,6
58382,411,6
58383,440,6
58384,416,6
58385,403,6
58386,412,6
58387,413,6
58388,424,6
58389,429,6
58390,409,6
58391,429,6
58392,442,6
58393,437,6
58394,432,6
58395,430,6
58396,421,6
58397,442,6
58398,430,6
58399,415,6
58400,430,6
58401,451,6
58402,409,6
58403,441,6
58404,447,6
58405,421,6
58406,436,6
58407,446,6
58408,424,6
58409,424,6
58410,415,6
58411,453,6
58412,440,6
58413,414,6
58414,434,6
58415,422,6
58416,407,6
58417,460,6
58418,415,6
58419,420,6
58420,423,6
58421,419,6
58422,424,6
58423,438,6
58424,422,6
58425,433,6
58426,427,6
58427,411,6
58428,431,6
58429,424,6
58430,403,6
58431,411,6
58432,435,6
58433,455,6
58434,427,6
58435,388,6
58436,430,6
58437,406,6
58438,420,6
58439,642,6
58440,611,6
58441,625,6
58442,619,6
58443,623,6
58444,599,6
58445,623,6
58446,634,6
58447,604,6
58448,635,6
58449,608,6
58450,631,6
58451,610,6
58452,607,6
58453,627,6
58454,430,6
58455,407,6
58456,437,6
58457,410,6
58458,420,6
58459,428,6
58460,416,6
58461,435,6
58462,432,6
58463,425,6
58464,179,6
58465,221,6
58466,207,6
58467,200,6
58468,208,6
58469,218,6
58470,210,6
58471,209,6
58472,187,6
58473,186,6
58474,203,6
58475,213,6
58476,220,6
58477,225,6
58478,233,6
58479,422,6
58480,430,6
58481,428,6
58482,418,6
58483,439,6
58484,436,6
58485,423,6
58486,414,6
58487,411,6
58488,417,6
58489,429,6
58490,418,6
58491,427,6
58492,421,6
58493,422,6
58494,430,6
58495,423,6
58496,412,6
58497,419,6
58498,434,6
58499,428,6
58500,423,6
58501,426,6
58502,424,6
58503,433,6
58504,444,6
58505,424,6
58506,414,6
58507,428,6
58508,422,6
58509,420,6
58510,434,6
58511,411,6
58512,419,6
58513,423,6
58514,435,6
58515,432,6
58516,437,6
58517,417,6
58518,446,6
58519,421,6
58520,432,6
58521,427,6
58522,416,6
58523,421,6
58524,432,6
58525,432,6
58526,429,6
58527,439,6
58528,440,6
58529,423,6
58530,416,6
58531,411,6
58532,610,6
58533,622,6
58534,607,6
58535,603,6
58536,617,6
58537,595,6
58538,604,6
58539,592,6
58540,613,6
58541,591,6
58542,617,6
58543,600,6
58544,628,6
58545,578,6
58546,428,6
58547,430,6
58548,420,6
58549,450,6
58550,444,6
58551,433,6
58552,419,6
58553,420,6
58554,414,6
58555,431,6
58556,404,6
58557,426,6
58558,427,6
58559,412,6
58560,431,6
58561,420,6
58562,425,6
58563,424,6
58564,419,6
58565,422,6
58566,432,6
58567,438,6
58568,435,6
58569,437,6
58570,407,6
58571,415,6
58572,413,6
58573,411,6
58574,420,6
58575,410,6
58576,421,6
58577,417,6
58578,441,6
58579,423,6
58580,446,6
58581,443,6
58582,423,6
58583,424,6
58584,273,6
58585,247,6
58586,274,6
58587,282,6
58588,254,6
58589,265,6
58590,257,6
58591,276,6
58592,284,6
58593,248,6
58594,265,6
58595,268,6
58596,273,6
58597,256,6
58598,258,6
58599,282,6
58600,426,6
58601,432,6
58602,429,6
58603,410,6
58604,423,6
58605,433,6
58606,430,6
58607,416,6
58608,430,6
58609,436,6
58610,413,6
58611,401,6
58612,446,6
58613,429,6
58614,420,6
58615,419,6
58616,427,6
58617,437,6
58618,407,6
58619,420,6
58620,445,6
58621,435,6
58622,434,6
58623,430,6
58624,429,6
58625,419,6
58626,418,6
58627,435,6
58628,419,6
58629,428,6
58630,427,6
58631,451,6
58632,423,6
58633,439,6
58634,564,6
58635,554,6
58636,541,6
58637,555,6
58638,567,6
58639,541,6
58640,566,6
58641,572,6
58642,557,6
58643,567,6
58644,557,6
58645,563,6
58646,574,6
58647,537,6
58648,416,6
58649,440,6
58650,442,6
58651,408,6
58652,444,6
58653,394,6
58654,433,6
58655,428,6
58656,416,6
58657,417,6
58658,417,6
58659,423,6
58660,449,6
58661,435,6
58662,442,6
58663,421,6
58664,428,6
58665,412,6
58666,422,6
58667,418,6
58668,431,6
58669,417,6
58670,415,6
58671,430,6
58672,424,6
58673,417,6
58674,415,6
58675,417,6
58676,435,6
58677,307,6
58678,293,6
58679,294,6
58680,288,6
58681,297,6
58682,304,6
58683,292,6
58684,328,6
58685,310,6
58686,302,6
58687,303,6
58688,285,6
58689,288,6
58690,318,6
58691,322,6
58692,276,6
58693,308,6
58694,442,6
58695,421,6
58696,443,6
58697,434,6
58698,430,6
58699,422,6
58700,411,6
58701,415,6
58702,425,6
58703,443,6
58704,419,6
58705,412,6
58706,418,6
58707,418,6
58708,428,6
58709,418,6
58710,418,6
58711,423,6
58712,409,6
58713,437,6
58714,266,6
58715,260,6
58716,272,6
58717,273,6
58718,265,6
58719,261,6
58720,271,6
58721,248,6
58722,270,6
58723,266,6
58724,278,6
58725,273,6
58726,275,6
58727,253,6
58728,289,6
58729,273,6
58730,407,6
58731,410,6
58732,425,6
58733,419,6
58734,443,6
58735,432,6
58736,423,6
58737,415,6
58738,415,6
58739,417,6
58740,416,6
58741,409,6
58742,420,6
58743,445,6
58744,423,6
58745,419,6
58746,423,6
58747,422,6
58748,429,6
58749,436,6
58750,417,6
58751,419,6
58752,412,6
58753,437,6
58754,446,6
58755,424,6
58756,433,6
58757,428,6
58758,417,6
58759,420,6
58760,427,6
58761,434,6
58762,418,6
58763,449,6
58764,415,6
58765,421,6
58766,430,6
58767,408,6
58768,416,6
58769,421,6
58770,428,6
58771,447,6
58772,426,6
58773,422,6
58774,429,6
58775,431,6
58776,608,6
58777,618,6
58778,614,6
58779,605,6
58780,608,6
58781,619,6
58782,622,6
58783,599,6
58784,620,6
58785,617,6
58786,604,6
58787,629,6
58788,441,6
58789,421,6
58790,419,6
58791,421,6
58792,425,6
58793,407,6
58794,416,6
58795,426,6
58796,438,6
58797,415,6
58798,411,6
58799,426,6
58800,414,6
58801,448,6
58802,423,6
58803,432,6
58804,427,6
58805,440,6
58806,415,6
58807,431,6
58808,421,6
58809,427,6
58810,421,6
58811,448,6
58812,424,6
58813,264,6
58814,281,6
58815,284,6
58816,284,6
58817,267,6
58818,269,6
58819,305,6
58820,280,6
58821,281,6
58822,308,6
58823,292,6
58824,282,6
58825,286,6
58826,307,6
58827,275,6
58828,293,6
58829,291,6
58830,283,6
58831,276,6
58832,430,6
58833,425,6
58834,434,6
58835,405,6
58836,463,6
58837,432,6
58838,431,6
58839,450,6
58840,418,6
58841,417,6
58842,421,6
58843,451,6
58844,424,6
58845,458,6
58846,419,6
58847,394,6
58848,405,6
58849,432,6
58850,433,6
58851,429,6
58852,413,6
58853,411,6
58854,408,6
58855,421,6
58856,429,6
58857,440,6
58858,436,6
58859,427,6
58860,457,6
58861,426,6
58862,398,6
58863,409,6
58864,426,6
58865,409,6
58866,441,6
58867,428,6
58868,441,6
58869,428,6
58870,396,6
58871,443,6
58872,424,6
58873,425,6
58874,431,6
58875,423,6
58876,432,6
58877,428,6
58878,424,6
58879,408,6
58880,426,6
58881,424,6
58882,433,6
58883,559,6
58884,547,6
58885,545,6
58886,564,6
58887,558,6
58888,541,6
58889,530,6
58890,571,6
58891,559,6
58892,560,6
58893,536,6
58894,559,6
58895,538,6
58896,562,6
58897,548,6
58898,533,6
58899,551,6
58900,424,6
58901,447,6
58902,430,6
58903,410,6
58904,414,6
58905,428,6
58906,415,6
58907,412,6
58908,428,6
58909,438,6
58910,574,6
58911,571,6
58912,578,6
58913,584,6
58914,592,6
58915,593,6
58916,577,6
58917,586,6
58918,563,6
58919,580,6
58920,573,6
58921,566,6
58922,597,6
58923,569,6
58924,437,6
58925,450,6
58926,412,6
58927,425,6
58928,428,6
58929,439,6
58930,433,6
58931,426,6
58932,425,6
58933,415,6
58934,436,6
58935,433,6
58936,437,6
58937,422,6
58938,429,6
58939,434,6
58940,410,6
58941,441,6
58942,433,6
58943,409,6
58944,410,6
58945,428,6
58946,452,6
58947,424,6
58948,435,6
58949,422,6
58950,426,6
58951,437,6
58952,439,6
58953,416,6
58954,423,6
58955,415,6
58956,429,6
58957,427,6
58958,413,6
58959,425,6
58960,437,6
58961,428,6
58962,414,6
58963,429,6
58964,419,6
58965,427,6
58966,405,6
58967,433,6
58968,271,6
58969,243,6
58970,263,6
58971,249,6
58972,269,6
58973,265,6
58974,273,6
58975,275,6
58976,255,6
58977,261,6
58978,281,6
58979,235,6
58980,244,6
58981,271,6
58982,248,6
58983,279,6
58984,249,6
58985,266,6
58986,262,6
58987,424,6
58988,430,6
58989,428,6
58990,432,6
58991,443,6
58992,433,6
58993,439,6
58994,421,6
58995,408,6
58996,414,6
58997,445,6
58998,448,6
58999,412,6
59000,416,6
59001,437,6
59002,431,6
59003,452,6
59004,435,6
59005,418,6
59006,409,6
59007,428,6
59008,413,6
59009,416,6
59010,413,6
59011,418,6
59012,442,6
59013,413,6
59014,420,6
59015,408,6
59016,405,6
59017,422,6
59018,427,6
59019,411,6
59020,407,6
59021,403,6
59022,427,6
59023,436,6
59024,408,6
59025,417,6
59026,438,6
59027,422,6
59028,424,6
59029,430,6
59030,420,6
59031,279,6
59032,292,6
59033,272,6
59034,269,6
59035,280,6
59036,297,6
59037,302,6
59038,282,6
59039,298,6
59040,305,6
59041,289,6
59042,296,6
59043,311,6
59044,280,6
59045,285,6
59046,444,6
59047,414,6
59048,427,6
59049,417,6
59050,441,6
59051,411,6
59052,424,6
59053,412,6
59054,407,6
59055,402,6
59056,423,6
59057,431,6
59058,425,6
59059,428,6
59060,420,6
59061,437,6
59062,434,6
59063,427,6
59064,427,6
59065,419,6
59066,448,6
59067,435,6
59068,424,6
59069,423,6
59070,569,6
59071,570,6
59072,577,6
59073,553,6
59074,571,6
59075,572,6
59076,574,6
59077,576,6
59078,574,6
59079,579,6
59080,572,6
59081,586,6
59082,582,6
59083,601,6
59084,433,6
59085,416,6
59086,423,6
59087,419,6
59088,425,6
59089,438,6
59090,421,6
59091,418,6
59092,431,6
59093,415,6
59094,415,6
59095,430,6
59096,404,6
59097,419,6
59098,435,6
59099,403,6
59100,417,6
59101,426,6
59102,394,6
59103,448,6
59104,432,6
59105,419,6
59106,434,6
59107,404,6
59108,437,6
59109,423,6
59110,403,6
59111,425,6
59112,436,6
59113,434,6
59114,425,6
59115,426,6
59116,411,6
59117,424,6
59118,431,6
59119,442,6
59120,409,6
59121,419,6
59122,430,6
59123,400,6
59124,420,6
59125,445,6
59126,409,6
59127,432,6
59128,426,6
59129,426,6
59130,431,6
59131,418,6
59132,294,6
59133,296,6
59134,306,6
59135,303,6
59136,298,6
59137,288,6
59138,286,6
59139,282,6
59140,288,6
59141,301,6
59142,313,6
59143,298,6
59144,416,6
59145,425,6
59146,418,6
59147,434,6
59148,410,6
59149,436,6
59150,432,6
59151,416,6
59152,416,6
59153,420,6
59154,431,6
59155,414,6
59156,408,6
59157,422,6
59158,434,6
59159,404,6
59160,395,6
59161,433,6
59162,427,6
59163,425,6
59164,422,6
59165,425,6
59166,433,6
59167,445,6
59168,431,6
59169,415,6
59170,421,6
59171,425,6
59172,429,6
59173,429,6
59174,428,6
59175,586,6
59176,575,6
59177,553,6
59178,567,6
59179,582,6
59180,561,6
59181,561,6
59182,566,6
59183,565,6
59184,564,6
59185,561,6
59186,583,6
59187,571,6
59188,556,6
59189,552,6
59190,564,6
59191,429,6
59192,428,6
59193,429,6
59194,434,6
59195,422,6
59196,442,6
59197,421,6
59198,416,6
59199,392,6
59200,411,6
59201,418,6
59202,431,6
59203,422,6
59204,430,6
59205,414,6
59206,432,6
59207,422,6
59208,430,6
59209,429,6
59210,420,6
59211,421,6
59212,423,6
59213,433,6
59214,250,6
59215,220,6
59216,241,6
59217,226,6
59218,228,6
59219,233,6
59220,224,6
59221,225,6
59222,252,6
59223,230,6
59224,235,6
59225,251,6
59226,251,6
59227,227,6
59228,220,6
59229,216,6
59230,411,6
59231,420,6
59232,412,6
59233,424,6
59234,416,6
59235,421,6
59236,424,6
59237,421,6
59238,412,6
59239,429,6
59240,440,6
59241,439,6
59242,435,6
59243,422,6
59244,417,6
59245,433,6
59246,429,6
59247,433,6
59248,447,6
59249,425,6
59250,416,6
59251,419,6
59252,427,6
59253,418,6
59254,434,6
59255,433,6
59256,440,6
59257,441,6
59258,395,6
59259,416,6
59260,426,6
59261,412,6
59262,424,6
59263,416,6
59264,420,6
59265,445,6
59266,440,6
59267,425,6
59268,414,6
59269,429,6
59270,399,6
59271,433,6
59272,432,6
59273,411,6
59274,441,6
59275,418,6
59276,636,6
59277,649,6
59278,631,6
59279,636,6
59280,651,6
59281,641,6
59282,664,6
59283,628,6
59284,648,6
59285,659,6
59286,656,6
59287,638,6
59288,668,6
59289,624,6
59290,646,6
59291,658,6
59292,440,6
59293,414,6
59294,427,6
59295,435,6
59296,423,6
59297,411,6
59298,404,6
59299,417,6
59300,417,6
59301,418,6
59302,433,6
59303,423,6
59304,413,6
59305,412,6
59306,418,6
59307,405,6
59308,445,6
59309,425,6
59310,414,6
59311,412,6
59312,411,6
59313,429,6
59314,405,6
59315,423,6
59316,432,6
59317,418,6
59318,413,6
59319,435,6
59320,411,6
59321,245,6
59322,250,6
59323,241,6
59324,234,6
59325,241,6
59326,252,6
59327,239,6
59328,254,6
59329,245,6
59330,241,6
59331,239,6
59332,251,6
59333,262,6
59334,250,6
59335,413,6
59336,438,6
59337,414,6
59338,446,6
59339,423,6
59340,414,6
59341,432,6
59342,421,6
59343,430,6
59344,426,6
59345,408,6
59346,424,6
59347,431,6
59348,426,6
59349,440,6
59350,429,6
59351,422,6
59352,428,6
59353,419,6
59354,429,6
59355,429,6
59356,410,6
59357,434,6
59358,452,6
59359,432,6
59360,401,6
59361,420,6
59362,410,6
59363,632,6
59364,644,6
59365,627,6
59366,658,6
59367,601,6
59368,633,6
59369,640,6
59370,621,6
59371,623,6
59372,645,6
59373,659,6
59374,660,6
59375,632,6
59376,652,6
59377,635,6
59378,647,6
59379,422,6
59380,411,6
59381,444,6
59382,447,6
59383,420,6
59384,436,6
59385,423,6
59386,451,6
59387,407,6
59388,423,6
59389,408,6
59390,406,6
59391,424,6
59392,420,6
59393,413,6
59394,435,6
59395,441,6
59396,431,6
59397,402,6
59398,429,6
59399,429,6
59400,422,6
59401,405,6
59402,428,6
59403,432,6
59404,408,6
59405,433,6
59406,436,6
59407,443,6
59408,423,6
59409,431,6
59410,441,6
59411,411,6
59412,423,6
59413,276,6
59414,292,6
59415,289,6
59416,284,6
59417,299,6
59418,283,6
59419,287,6
59420,305,6
59421,316,6
59422,309,6
59423,295,6
59424,301,6
59425,295,6
59426,268,6
59427,273,6
59428,289,6
59429,315,6
59430,411,6
59431,434,6
59432,410,6
59433,436,6
59434,432,6
59435,410,6
59436,426,6
59437,433,6
59438,428,6
59439,439,6
59440,434,6
59441,447,6
59442,444,6
59443,431,6
59444,435,6
59445,422,6
59446,430,6
59447,433,6
59448,418,6
59449,443,6
59450,420,6
59451,429,6
59452,423,6
59453,443,6
59454,408,6
59455,410,6
59456,418,6
59457,420,6
59458,426,6
59459,410,6
59460,428,6
59461,409,6
59462,427,6
59463,439,6
59464,435,6
59465,421,6
59466,418,6
59467,456,6
59468,433,6
59469,433,6
59470,437,6
59471,432,6
59472,574,6
59473,571,6
59474,571,6
59475,564,6
59476,566,6
59477,586,6
59478,577,6
59479,557,6
59480,578,6
59481,566,6
59482,558,6
59483,572,6
59484,415,6
59485,414,6
59486,441,6
59487,410,6
59488,428,6
59489,436,6
59490,415,6
59491,438,6
59492,433,6
59493,466,6
59494,427,6
59495,448,6
59496,411,6
59497,416,6
59498,439,6
59499,419,6
59500,420,6
59501,417,6
59502,439,6
59503,438,6
59504,421,6
59505,432,6
59506,419,6
59507,416,6
59508,431,6
59509,432,6
59510,413,6
59511,424,6
59512,422,6
59513,402,6
59514,419,6
59515,249,6
59516,239,6
59517,238,6
59518,247,6
59519,248,6
59520,250,6
59521,248,6
59522,256,6
59523,256,6
59524,258,6
59525,261,6
59526,259,6
59527,239,6
59528,233,6
59529,256,6
59530,264,6
59531,240,6
59532,257,6
59533,268,6
59534,423,6
59535,409,6
59536,442,6
59537,433,6
59538,427,6
59539,434,6
59540,422,6
59541,444,6
59542,424,6
59543,403,6
59544,420,6
59545,402,6
59546,426,6
59547,451,6
59548,411,6
59549,419,6
59550,407,6
59551,424,6
59552,428,6
59553,401,6
59554,433,6
59555,422,6
59556,423,6
59557,412,6
59558,426,6
59559,444,6
59560,435,6
59561,435,6
59562,409,6
59563,454,6
59564,419,6
59565,432,6
59566,427,6
59567,427,6
59568,436,6
59569,438,6
59570,406,6
59571,408,6
59572,423,6
59573,431,6
59574,426,6
59575,414,6
59576,435,6
59577,444,6
59578,423,6
59579,431,6
59580,552,6
59581,566,6
59582,579,6
59583,572,6
59584,561,6
59585,567,6
59586,581,6
59587,567,6
59588,564,6
59589,576,6
59590,570,6
59591,583,6
59592,419,6
59593,430,6
59594,410,6
59595,427,6
59596,442,6
59597,399,6
59598,430,6
59599,421,6
59600,418,6
59601,432,6
59602,440,6
59603,417,6
59604,407,6
59605,422,6
59606,420,6
59607,410,6
59608,401,6
59609,440,6
59610,443,6
59611,418,6
59612,421,6
59613,435,6
59614,435,6
59615,446,6
59616,432,6
59617,413,6
59618,434,6
59619,417,6
59620,424,6
59621,438,6
59622,556,6
59623,566,6
59624,552,6
59625,555,6
59626,560,6
59627,587,6
59628,567,6
59629,599,6
59630,578,6
59631,579,6
59632,554,6
59633,565,6
59634,553,6
59635,563,6
59636,420,6
59637,424,6
59638,435,6
59639,422,6
59640,435,6
59641,407,6
59642,430,6
59643,420,6
59644,428,6
59645,435,6
59646,408,6
59647,443,6
59648,423,6
59649,447,6
59650,426,6
59651,441,6
59652,426,6
59653,428,6
59654,426,6
59655,422,6
59656,422,6
59657,428,6
59658,432,6
59659,428,6
59660,431,6
59661,407,6
59662,436,6
59663,416,6
59664,405,6
59665,447,6
59666,442,6
59667,425,6
59668,438,6
59669,421,6
59670,304,6
59671,303,6
59672,302,6
59673,307,6
59674,301,6
59675,276,6
59676,308,6
59677,298,6
59678,313,6
59679,307,6
59680,317,6
59681,310,6
59682,295,6
59683,295,6
59684,295,6
59685,415,6
59686,417,6
59687,436,6
59688,427,6
59689,403,6
59690,414,6
59691,425,6
59692,413,6
59693,426,6
59694,415,6
59695,423,6
59696,418,6
59697,426,6
59698,442,6
59699,436,6
59700,422,6
59701,438,6
59702,450,6
59703,415,6
59704,400,6
59705,423,6
59706,415,6
59707,414,6
59708,417,6
59709,429,6
59710,401,6
59711,437,6
59712,441,6
59713,414,6
59714,551,6
59715,561,6
59716,558,6
59717,561,6
59718,561,6
59719,552,6
59720,560,6
59721,551,6
59722,567,6
59723,555,6
59724,545,6
59725,543,6
59726,561,6
59727,560,6
59728,552,6
59729,571,6
59730,580,6
59731,440,6
59732,442,6
59733,436,6
59734,433,6
59735,434,6
59736,433,6
59737,426,6
59738,429,6
59739,428,6
59740,448,6
59741,426,6
59742,426,6
59743,438,6
59744,430,6
59745,433,6
59746,427,6
59747,426,6
59748,436,6
59749,405,6
59750,428,6
59751,404,6
59752,405,6
59753,398,6
59754,431,6
59755,410,6
59756,417,6
59757,435,6
59758,421,6
59759,418,6
59760,439,6
59761,430,6
59762,420,6
59763,429,6
59764,411,6
59765,417,6
59766,443,6
59767,409,6
59768,417,6
59769,420,6
59770,417,6
59771,429,6
59772,427,6
59773,431,6
59774,433,6
59775,431,6
59776,441,6
59777,437,6
59778,301,6
59779,321,6
59780,297,6
59781,299,6
59782,305,6
59783,314,6
59784,307,6
59785,302,6
59786,302,6
59787,318,6
59788,303,6
59789,312,6
59790,277,6
59791,282,6
59792,319,6
59793,275,6
59794,282,6
59795,425,6
59796,436,6
59797,399,6
59798,425,6
59799,434,6
59800,450,6
59801,430,6
59802,428,6
59803,424,6
59804,435,6
59805,428,6
59806,419,6
59807,405,6
59808,417,6
59809,421,6
59810,431,6
59811,436,6
59812,425,6
59813,426,6
59814,411,6
59815,415,6
59816,403,6
59817,418,6
59818,429,6
59819,433,6
59820,417,6
59821,438,6
59822,443,6
59823,435,6
59824,439,6
59825,414,6
59826,408,6
59827,436,6
59828,442,6
59829,302,6
59830,262,6
59831,282,6
59832,268,6
59833,280,6
59834,292,6
59835,286,6
59836,264,6
59837,280,6
59838,275,6
59839,293,6
59840,273,6
59841,284,6
59842,278,6
59843,303,6
59844,433,6
59845,424,6
59846,421,6
59847,425,6
59848,451,6
59849,432,6
59850,429,6
59851,433,6
59852,432,6
59853,433,6
59854,433,6
59855,413,6
59856,409,6
59857,433,6
59858,429,6
59859,418,6
59860,417,6
59861,431,6
59862,431,6
59863,407,6
59864,426,6
59865,423,6
59866,422,6
59867,412,6
59868,417,6
59869,421,6
59870,403,6
59871,438,6
59872,561,6
59873,555,6
59874,550,6
59875,565,6
59876,542,6
59877,570,6
59878,571,6
59879,554,6
59880,535,6
59881,555,6
59882,558,6
59883,560,6
59884,446,6
59885,429,6
59886,445,6
59887,435,6
59888,430,6
59889,427,6
59890,401,6
59891,400,6
59892,434,6
59893,424,6
59894,437,6
59895,406,6
59896,429,6
59897,431,6
59898,417,6
59899,412,6
59900,411,6
59901,420,6
59902,416,6
59903,413,6
59904,441,6
59905,413,6
59906,425,6
59907,427,6
59908,413,6
59909,435,6
59910,411,6
59911,439,6
59912,417,6
59913,430,6
59914,451,6
59915,437,6
59916,410,6
59917,394,6
59918,442,6
59919,428,6
59920,443,6
59921,435,6
59922,425,6
59923,440,6
59924,421,6
59925,446,6
59926,419,6
59927,420,6
59928,432,6
59929,421,6
59930,434,6
59931,422,6
59932,430,6
59933,440,6
59934,568,6
59935,564,6
59936,563,6
59937,576,6
59938,580,6
59939,545,6
59940,574,6
59941,554,6
59942,561,6
59943,567,6
59944,566,6
59945,565,6
59946,570,6
59947,559,6
59948,573,6
59949,564,6
59950,570,6
59951,419,6
59952,415,6
59953,413,6
59954,421,6
59955,413,6
59956,436,6
59957,431,6
59958,411,6
59959,404,6
59960,435,6
59961,432,6
59962,409,6
59963,418,6
59964,433,6
59965,395,6
59966,413,6
59967,418,6
59968,434,6
59969,421,6
59970,434,6
59971,416,6
59972,430,6
59973,427,6
59974,415,6
59975,419,6
59976,429,6
59977,425,6
59978,430,6
59979,435,6
59980,422,6
59981,392,6
59982,411,6
59983,271,6
59984,272,6
59985,287,6
59986,294,6
59987,274,6
59988,298,6
59989,299,6
59990,313,6
59991,300,6
59992,302,6
59993,291,6
59994,278,6
59995,422,6
59996,438,6
59997,423,6
59998,427,6
59999,435,6
